{"type":"FeatureCollection","features":[{"type":"Feature","id":1,"geometry":{"type":"Polygon","coordinates":[[[7.6789575000000241,45.071752120000042],[7.6785997530000714,45.071748548000073],[7.6782422900000711,45.071737835000079],[7.6778853950000325,45.07171998900003],[7.6775293520000218,45.071695024000064],[7.6771744430000695,45.071662961000072],[7.6768209500000353,45.071623824000028],[7.6764691530000277,45.071577646000037],[7.676119333000031,45.071524461000081],[7.6757717670000716,45.071464314000025],[7.6754267310000728,45.071397251000064],[7.675084499000036,45.071323326000027],[7.6747453430000405,45.071242597000037],[7.674409532000027,45.071155129000033],[7.6740773330000707,45.071060991000081],[7.6737490100000514,45.070960257000081],[7.6734248230000617,45.070853009000075],[7.6731050300000447,45.070739330000038],[7.6727898840000535,45.070619312000076],[7.6724796370000377,45.070493049000049],[7.6721745330000317,45.070360643000072],[7.6718748170000595,45.070222197000078],[7.6715807250000694,45.07007782200003],[7.6712924910000311,45.069927632000031],[7.6710103440000239,45.069771748000051],[7.6707345080000664,45.06961029200005],[7.67046520100007,45.069443393000029],[7.6702026390000242,45.069271183000069],[7.6699470280000241,45.069093800000076],[7.669698573000062,45.068911383000057],[7.6694574700000544,45.068724079000049],[7.6692239100000279,45.068532034000043],[7.6689980800000512,45.068335403000049],[7.668780158000061,45.068134342000064],[7.6685703170000465,45.067929009000068],[7.6683687240000609,45.06771956800003],[7.6681755390000603,45.06750618500007],[7.6679909140000291,45.06728903000004],[7.6678149980000399,45.067068274000064],[7.6676479280000649,45.066844095000079],[7.6674898380000513,45.066616668000052],[7.6673408530000415,45.066386176000037],[7.6672010910000381,45.066152800000054],[7.6670706640000503,45.065916726000069],[7.6669496740000227,45.065678143000071],[7.6668382180000663,45.065437238000072],[7.6667363830000568,45.065194203000033],[7.6666442510000365,45.06494923200006],[7.6665618950000294,45.064702519000036],[7.6664893790000406,45.064454259000058],[7.6664267620000714,45.064204650000079],[7.6663740920000691,45.063953889000061],[7.6663314130000231,45.063702177000039],[7.6662987560000602,45.063449713000068],[7.6662761490000548,45.063196696000034],[7.6662636080000652,45.062943329000063],[7.6662611450000213,45.062689812000031],[7.6662687600000368,45.062436346000027],[7.6662864470000613,45.062183133000076],[7.6663141920000726,45.061930374000042],[7.6663519740000652,45.061678269000026],[7.6663997610000365,45.061427018000074],[7.6664575170000262,45.06117682100006],[7.6665251940000303,45.060927876000051],[7.6666027390000409,45.060680382000044],[7.6666900910000209,45.06043453400008],[7.6667871800000285,45.060190527000032],[7.6668939280000359,45.059948556000052],[7.667010251000022,45.059708812000054],[7.6671360570000502,45.059471486000064],[7.6672712450000517,45.059236765000037],[7.6674157080000214,45.059004837000032],[7.6675693320000278,45.058775886000035],[7.6677319940000643,45.058550092000075],[7.6679035640000279,45.058327635000069],[7.6680839080000283,45.058108693000065],[7.668272881000064,45.057893438000065],[7.6684703340000624,45.057682041000078],[7.6686761090000459,45.057474670000033],[7.6688900440000225,45.057271491000051],[7.6691119680000384,45.057072663000042],[7.6693417050000221,45.05687834500003],[7.6695790740000689,45.056688691000033],[7.6698238840000386,45.056503851000059],[7.6700759430000289,45.05632397200003],[7.6703350500000624,45.056149198000071],[7.6706009990000439,45.055979666000042],[7.6708735790000446,45.055815511000048],[7.6711525740000752,45.055656863000081],[7.6714377620000391,45.055503849000047],[7.6717289170000527,45.055356589000041],[7.672025809000047,45.055215201000067],[7.6723282010000275,45.055079797000076],[7.6726358530000311,45.054950484000074],[7.6729485210000234,45.054827365000051],[7.6732659570000692,45.054710537000062],[7.6735879100000375,45.054600093000033],[7.6739141230000314,45.054496122000046],[7.6742443380000509,45.05439870400005],[7.6745782930000246,45.054307918000063],[7.674915722000037,45.054223836000062],[7.6752563590000591,45.054146524000032],[7.6755999320000683,45.054076044000055],[7.6759461690000421,45.054012452000052],[7.6762947960000361,45.053955798000061],[7.6766455350000342,45.053906126000072],[7.676998109000067,45.053863478000039],[7.6773522380000259,45.053827885000032],[7.677707640000051,45.053799377000075],[7.6780640340000446,45.053777976000049],[7.678421136000054,45.053763700000047],[7.6787786650000385,45.053756559000078],[7.6791363350000665,45.053756559000078],[7.679493864000051,45.053763700000047],[7.6798509660000605,45.053777976000049],[7.680207360000054,45.053799377000075],[7.6805627620000223,45.053827885000032],[7.680916891000038,45.053863478000039],[7.6812694650000708,45.053906126000072],[7.681620204000069,45.053955798000061],[7.6819688310000629,45.054012452000052],[7.6823150680000367,45.054076044000055],[7.6826586410000459,45.054146524000032],[7.682999278000068,45.054223836000062],[7.6833367070000236,45.054307918000063],[7.6836706620000541,45.05439870400005],[7.6840008770000736,45.054496122000046],[7.6843270900000675,45.054600093000033],[7.6846490430000358,45.054710537000062],[7.6849664790000247,45.054827365000051],[7.6852791470000739,45.054950484000074],[7.6855867990000206,45.055079797000076],[7.685889191000058,45.055215201000067],[7.6861860830000523,45.055356589000041],[7.6864772380000659,45.055503849000047],[7.6867624260000298,45.055656863000081],[7.6870414210000604,45.055815511000048],[7.6873140010000611,45.055979666000042],[7.6875799500000426,45.056149198000071],[7.6878390570000761,45.05632397200003],[7.6880911160000664,45.056503851000059],[7.6883359260000361,45.056688691000033],[7.6885732950000261,45.05687834500003],[7.6888030320000667,45.057072663000042],[7.6890249560000257,45.057271491000051],[7.6892388910000591,45.057474670000033],[7.6894446660000426,45.057682041000078],[7.689642119000041,45.057893438000065],[7.6898310920000768,45.058108693000065],[7.6900114360000202,45.058327635000069],[7.6901830060000407,45.058550092000075],[7.6903456680000204,45.058775886000035],[7.6904992920000268,45.059004837000032],[7.6906437550000533,45.059236765000037],[7.6907789430000548,45.059471486000064],[7.6909047490000262,45.059708812000054],[7.6910210720000691,45.059948556000052],[7.6911278200000766,45.060190527000032],[7.6912249090000273,45.06043453400008],[7.6913122610000642,45.060680382000044],[7.6913898060000747,45.060927876000051],[7.691457483000022,45.06117682100006],[7.6915152390000685,45.061427018000074],[7.6915630260000398,45.061678269000026],[7.6916008080000324,45.061930374000042],[7.6916285530000437,45.062183133000076],[7.6916462400000682,45.062436346000027],[7.6916538550000269,45.062689812000031],[7.6916513920000398,45.062943329000063],[7.6916388510000502,45.063196696000034],[7.6916162440000448,45.063449713000068],[7.6915835870000251,45.063702177000039],[7.6915409080000359,45.063953889000061],[7.6914882380000336,45.064204650000079],[7.6914256210000644,45.064454259000058],[7.6913531050000756,45.064702519000036],[7.6912707490000685,45.06494923200006],[7.6911786170000482,45.065194203000033],[7.6910767820000387,45.065437238000072],[7.6909653260000255,45.065678143000071],[7.6908443360000547,45.065916726000069],[7.6907139090000669,45.066152800000054],[7.6905741470000635,45.066386176000037],[7.6904251620000537,45.066616668000052],[7.6902670720000401,45.066844095000079],[7.6901000020000652,45.067068274000064],[7.6899240860000759,45.06728903000004],[7.6897394610000447,45.06750618500007],[7.6895462760000441,45.06771956800003],[7.6893446830000585,45.067929009000068],[7.689134842000044,45.068134342000064],[7.6889169200000538,45.068335403000049],[7.6886910900000203,45.068532034000043],[7.6884575300000506,45.068724079000049],[7.688216427000043,45.068911383000057],[7.687967972000024,45.069093800000076],[7.687712361000024,45.069271183000069],[7.687449799000035,45.069443393000029],[7.6871804920000386,45.06961029200005],[7.6869046560000243,45.069771748000051],[7.6866225090000739,45.069927632000031],[7.6863342750000356,45.07007782200003],[7.6860401830000455,45.070222197000078],[7.6857404670000733,45.070360643000072],[7.6854353630000674,45.070493049000049],[7.6851251160000515,45.070619312000076],[7.6848099700000603,45.070739330000038],[7.6844901770000433,45.070853009000075],[7.6841659900000536,45.070960257000081],[7.6838376670000343,45.071060991000081],[7.6835054680000212,45.071155129000033],[7.6831696570000645,45.071242597000037],[7.682830501000069,45.071323326000027],[7.6824882690000322,45.071397251000064],[7.6821432330000334,45.071464314000025],[7.681795667000074,45.071524461000081],[7.6814458470000204,45.071577646000037],[7.6810940500000697,45.071623824000028],[7.6807405570000356,45.071662961000072],[7.6803856480000263,45.071695024000064],[7.6800296050000725,45.07171998900003],[7.6796727100000339,45.071737835000079],[7.6793152470000337,45.071748548000073],[7.6789575000000241,45.071752120000042]]]},"properties":{"OBJECTID":1,"F_id":"node/254594415","gtfs_id":"56664001","name":"Porta Nuova","operator":"Gruppo Torinese Trasporti","public_transport":"station","railway":"station","ref":"8224","station":"subway","subway":"yes","wheelchair":"yes","wikidata":"Q3398710","wikipedia":"it:Porta Nuova (metropolitana di Torino)","start_date":null,"emergency":null,"indoor":null,"addr_city":null,"addr_street":null,"GTT_Revised":null,"network":null,"defibrillator":null,"construction":null,"construction_railway":null,"BUFF_DIST":1000,"ORIG_FID":1,"Shape_Length":0.068650401488242432,"Shape_Area":0.00035887209039704617}},{"type":"Feature","id":2,"geometry":{"type":"Polygon","coordinates":[[[7.6741445000000681,45.073485017000053],[7.6737867420000612,45.073481445000027],[7.673429269000053,45.073470732000033],[7.6730723630000739,45.073452886000041],[7.6727163090000658,45.073427921000075],[7.6723613890000593,45.073395858000026],[7.6720078850000277,45.073356722000028],[7.6716560780000691,45.073310543000048],[7.6713062480000644,45.073257359000081],[7.6709586710000508,45.073197211000036],[7.6706136250000441,45.073130148000075],[7.6702713820000668,45.073056223000037],[7.6699322160000634,45.072975494000048],[7.6695963950000419,45.072888026000044],[7.6692641860000208,45.072793888000035],[7.668935852000061,45.072693155000081],[7.6686116560000528,45.072585906000029],[7.6682918530000279,45.072472228000038],[7.667976698000075,45.072352210000076],[7.6676664410000512,45.072225947000049],[7.6673613280000268,45.072093540000026],[7.667061603000036,45.071955094000032],[7.6667675020000274,45.071810719000041],[7.6664792590000275,45.071660530000031],[7.6661971040000481,45.071504646000051],[7.665921259000072,45.07134319000005],[7.665651945000036,45.071176291000029],[7.6653893740000285,45.071004081000069],[7.6651337560000457,45.070826698000076],[7.6648852930000544,45.070644281000057],[7.664644183000064,45.070456977000049],[7.6644106160000547,45.070264933000033],[7.6641847790000384,45.070068302000038],[7.6639668500000653,45.069867240000065],[7.6637570030000575,45.069661907000068],[7.6635554040000216,45.06945246600003],[7.6633622130000276,45.06923908300007],[7.6631775830000493,45.069021928000041],[7.6630016610000666,45.068801173000054],[7.6628345860000309,45.068576993000079],[7.6626764910000702,45.068349567000041],[7.6625275020000458,45.068119074000037],[7.6623877360000279,45.067885699000044],[7.6622573050000256,45.067649625000058],[7.6621363110000402,45.06741104200006],[7.6620248510000692,45.067170137000062],[7.6619230140000241,45.066927103000069],[7.6618308790000356,45.06668213100005],[7.6617485200000601,45.066435418000026],[7.6616760020000356,45.066187158000048],[7.6616133830000308,45.065937549000068],[7.6615607120000391,45.06568678900004],[7.661518031000071,45.065435077000075],[7.6614853740000513,45.065182612000058],[7.6614627660000565,45.06492959600007],[7.6614502250000669,45.064676229000042],[7.6614477610000336,45.064422712000066],[7.661455376000049,45.064169246000063],[7.661473064000063,45.063916033000055],[7.6615008100000637,45.063663274000078],[7.6615385930000457,45.063411169000062],[7.6615863820000527,45.063159918000053],[7.6616441390000318,45.06290972100004],[7.661711819000061,45.062660777000076],[7.6617893660000504,45.06241328200008],[7.6618767210000556,45.06216743400006],[7.661973812000042,45.061923428000057],[7.662080564000064,45.061681457000077],[7.6621968900000752,45.061441713000079],[7.6623227000000611,45.061204387000032],[7.6624578920000204,45.060969666000062],[7.6626023600000508,45.060737738000057],[7.6627559880000717,45.06050878700006],[7.6629186550000554,45.060282993000044],[7.6630902310000693,45.060060537000027],[7.6632705800000736,45.059841594000034],[7.6634595580000564,45.059626339000033],[7.6636570170000482,45.059414942000046],[7.6638627990000714,45.059207572000048],[7.6640767400000414,45.059004392000077],[7.66429867100004,45.058805564000068],[7.6645284150000634,45.058611246000055],[7.6647657900000468,45.058421592000059],[7.6650106080000455,45.058236753000074],[7.665262675000065,45.058056874000044],[7.6655217890000245,45.057882100000029],[7.665787746000035,45.057712568000056],[7.6660603350000542,45.057548413000063],[7.6663393380000571,45.057389765000039],[7.6666245350000395,45.057236751000062],[7.6669156990000715,45.057089492000046],[7.6672126000000276,45.056948104000071],[7.6675150000000372,45.05681270000008],[7.6678226620000487,45.056683387000078],[7.6681353400000489,45.056560267000066],[7.6684527850000563,45.056443440000066],[7.6687747480000326,45.056332996000037],[7.6691009710000344,45.056229024000061],[7.6694311960000618,45.056131607000054],[7.669765160000054,45.056040821000067],[7.6701026000000638,45.055956739000067],[7.670443247000037,45.055879427000036],[7.6707868310000435,45.05580894700006],[7.6711330780000253,45.055745355000056],[7.6714817150000272,45.055688700000076],[7.6718324650000227,45.055639029000076],[7.6721850500000528,45.055596380000054],[7.6725391890000765,45.055560788000037],[7.6728946020000421,45.055532280000079],[7.673251007000033,45.055510879000053],[7.6736081200000399,45.055496602000062],[7.6739656590000322,45.055489461000036],[7.6743233410000471,45.055489461000036],[7.6746808800000395,45.055496602000062],[7.6750379930000463,45.055510879000053],[7.6753943980000372,45.055532280000079],[7.6757498110000597,45.055560788000037],[7.6761039500000265,45.055596380000054],[7.6764565350000566,45.055639029000076],[7.6768072850000522,45.055688700000076],[7.677155922000054,45.055745355000056],[7.6775021690000358,45.05580894700006],[7.6778457530000424,45.055879427000036],[7.6781864000000724,45.055956739000067],[7.6785238400000253,45.056040821000067],[7.6788578040000743,45.056131607000054],[7.6791880290000449,45.056229024000061],[7.6795142520000468,45.056332996000037],[7.679836215000023,45.056443440000066],[7.6801536600000304,45.056560267000066],[7.6804663380000306,45.056683387000078],[7.6807740000000422,45.05681270000008],[7.6810764000000518,45.056948104000071],[7.6813733010000647,45.057089492000046],[7.6816644650000399,45.057236751000062],[7.6819496620000223,45.057389765000039],[7.6822286650000251,45.057548413000063],[7.6825012540000444,45.057712568000056],[7.6827672110000549,45.057882100000029],[7.6830263250000712,45.058056874000044],[7.6832783920000338,45.058236753000074],[7.6835232100000326,45.058421592000059],[7.6837605850000728,45.058611246000055],[7.6839903290000393,45.058805564000068],[7.684212260000038,45.059004392000077],[7.6844262010000648,45.059207572000048],[7.6846319830000311,45.059414942000046],[7.6848294420000229,45.059626339000033],[7.6850184200000626,45.059841594000034],[7.6851987690000669,45.060060537000027],[7.6853703450000239,45.060282993000044],[7.6855330120000644,45.06050878700006],[7.6856866400000285,45.060737738000057],[7.685831108000059,45.060969666000062],[7.6859663000000751,45.061204387000032],[7.686092110000061,45.061441713000079],[7.6862084360000722,45.061681457000077],[7.6863151880000373,45.061923428000057],[7.6864122790000238,45.06216743400006],[7.6864996340000289,45.06241328200008],[7.6865771810000751,45.062660777000076],[7.6866448610000475,45.06290972100004],[7.6867026180000266,45.063159918000053],[7.6867504070000336,45.063411169000062],[7.6867881900000725,45.063663274000078],[7.6868159360000732,45.063916033000055],[7.6868336240000303,45.064169246000063],[7.6868412390000458,45.064422712000066],[7.6868387750000693,45.064676229000042],[7.6868262340000229,45.06492959600007],[7.6868036260000281,45.065182612000058],[7.6867709690000652,45.065435077000075],[7.6867282880000403,45.06568678900004],[7.6866756170000485,45.065937549000068],[7.6866129980000437,45.066187158000048],[7.6865404800000761,45.066435418000026],[7.6864581210000438,45.06668213100005],[7.6863659860000553,45.066927103000069],[7.6862641490000669,45.067170137000062],[7.6861526890000391,45.06741104200006],[7.6860316950000538,45.067649625000058],[7.6859012640000515,45.067885699000044],[7.6857614980000335,45.068119074000037],[7.685612509000066,45.068349567000041],[7.6854544140000485,45.068576993000079],[7.6852873390000696,45.068801173000054],[7.6851114170000301,45.069021928000041],[7.6849267870000517,45.06923908300007],[7.6847335960000578,45.06945246600003],[7.6845319970000219,45.069661907000068],[7.6843221500000709,45.069867240000065],[7.684104221000041,45.070068302000038],[7.6838783840000247,45.070264933000033],[7.6836448170000722,45.070456977000049],[7.683403707000025,45.070644281000057],[7.6831552440000337,45.070826698000076],[7.6828996260000508,45.071004081000069],[7.6826370550000433,45.071176291000029],[7.6823677410000641,45.07134319000005],[7.6820918960000313,45.071504646000051],[7.6818097410000519,45.071660530000031],[7.6815214980000519,45.071810719000041],[7.6812273970000433,45.071955094000032],[7.6809276720000526,45.072093540000026],[7.6806225590000281,45.072225947000049],[7.6803123020000612,45.072352210000076],[7.6799971470000514,45.072472228000038],[7.6796773440000266,45.072585906000029],[7.6793531480000752,45.072693155000081],[7.6790248140000585,45.072793888000035],[7.6786926050000375,45.072888026000044],[7.6783567840000728,45.072975494000048],[7.6780176180000694,45.073056223000037],[7.6776753750000353,45.073130148000075],[7.6773303290000285,45.073197211000036],[7.6769827520000717,45.073257359000081],[7.6766329220000671,45.073310543000048],[7.6762811150000516,45.073356722000028],[7.6759276110000769,45.073395858000026],[7.6755726910000703,45.073427921000075],[7.6752166370000623,45.073452886000041],[7.6748597310000264,45.073470732000033],[7.674502258000075,45.073481445000027],[7.6741445000000681,45.073485017000053]]]},"properties":{"OBJECTID":2,"F_id":"node/254594416","gtfs_id":"56663001","name":"Re Umberto","operator":"Gruppo Torinese Trasporti","public_transport":"station","railway":"station","ref":"8223","station":"subway","subway":"yes","wheelchair":"yes","wikidata":"Q3421524","wikipedia":"it:Re Umberto (metropolitana di Torino)","start_date":"2007","emergency":null,"indoor":null,"addr_city":null,"addr_street":null,"GTT_Revised":null,"network":null,"defibrillator":null,"construction":null,"construction_railway":null,"BUFF_DIST":1000,"ORIG_FID":2,"Shape_Length":0.068651692851761939,"Shape_Area":0.00035888282014839487}},{"type":"Feature","id":3,"geometry":{"type":"Polygon","coordinates":[[[7.655792100000042,45.085024399000076],[7.6554342700000575,45.085020827000051],[7.6550767250000717,45.085010114000056],[7.6547197470000583,45.084992268000065],[7.6543636210000727,45.084967303000042],[7.6540086300000212,45.08493524000005],[7.6536550550000584,45.084896104000052],[7.6533031770000548,45.084849925000071],[7.652953276000062,45.084796741000048],[7.6526056300000391,45.084736594000049],[7.6522605140000337,45.084669531000031],[7.6519182030000366,45.08459560600005],[7.6515789680000239,45.084514877000061],[7.6512430790000394,45.084427409000057],[7.6509108030000448,45.084333271000048],[7.6505824040000334,45.084232538000037],[7.6502581420000411,45.084125290000031],[7.6499382750000677,45.08401161200004],[7.6496230560000527,45.083891594000079],[7.6493127370000593,45.083765331000052],[7.6490075630000547,45.083632925000074],[7.6487077770000269,45.08349447900008],[7.6484136170000738,45.083350104000033],[7.648125316000062,45.08319991500008],[7.6478431040000601,45.083044031000043],[7.6475672040000404,45.082882576000031],[7.6472978350000744,45.082715677000067],[7.6470352120000484,45.08254346800004],[7.6467795420000471,45.082366085000046],[7.646531029000073,45.082183669000074],[7.6462898710000218,45.081996364000076],[7.6460562570000548,45.08180432100005],[7.6458303740000702,45.081607690000055],[7.6456124020000402,45.081406629000071],[7.6454025120000324,45.081201296000074],[7.6452008730000216,45.080991856000026],[7.6450076430000422,45.080778473000066],[7.6448229760000572,45.080561319000026],[7.6446470180000574,45.080340564000039],[7.6444799100000296,45.080116385000053],[7.6443217830000663,45.079888959000073],[7.6441727640000749,45.079658467000058],[7.6440329700000689,45.079425092000065],[7.6439025120000679,45.079189019000069],[7.6437814940000521,45.078950435000081],[7.6436700120000296,45.078709531000072],[7.643568154000036,45.078466497000079],[7.6434760010000673,45.078221527000039],[7.6433936250000443,45.077974814000072],[7.6433210930000541,45.077726555000027],[7.6432584610000731,45.077476946000047],[7.6432057800000734,45.077226186000075],[7.64316309000003,45.076974475000043],[7.6431304260000275,45.076722011000072],[7.643107814000075,45.076468995000027],[7.6430952700000603,45.076215628000057],[7.6430928060000269,45.07596211200007],[7.6431004230000212,45.075708647000056],[7.6431181140000604,45.075455434000048],[7.6431458660000544,45.075202675000071],[7.6431836560000761,45.074950571000045],[7.6432314550000342,45.074699321000026],[7.6432892240000569,45.074449124000068],[7.6433569170000624,45.074200180000048],[7.6434344800000531,45.073952686000041],[7.643521852000049,45.073706839000067],[7.6436189630000513,45.073462833000065],[7.6437257360000217,45.073220862000028],[7.6438420860000633,45.072981119000076],[7.6439679210000691,45.072743793000029],[7.6441031410000733,45.072509073000049],[7.644247637000035,45.072277146000033],[7.6444012960000691,45.072048195000036],[7.6445639960000449,45.071822401000077],[7.6447356060000402,45.07159994500006],[7.6449159920000511,45.071381003000056],[7.6451050090000763,45.071165749000045],[7.6453025070000535,45.070954353000047],[7.645508330000041,45.070746983000049],[7.6457223140000679,45.070543803000078],[7.6459442900000454,45.070344976000058],[7.6461740800000371,45.070150658000045],[7.6464115030000244,45.069961004000049],[7.6466563710000628,45.069776165000064],[7.6469084880000651,45.069596287000081],[7.6471676540000431,45.069421513000066],[7.647433665000051,45.069251981000036],[7.6477063080000676,45.069087827000033],[7.647985368000036,45.068929180000055],[7.6482706220000409,45.068776166000077],[7.6485618450000743,45.068628907000061],[7.6488588050000317,45.06848751900003],[7.6491612670000677,45.068352115000039],[7.6494689900000594,45.068222802000037],[7.6497817310000755,45.068099683000071],[7.6500992400000314,45.067982856000071],[7.6504212670000697,45.067872412000042],[7.6507475560000557,45.067768441000055],[7.6510778470000673,45.067671024000049],[7.6514118790000225,45.067580238000062],[7.6517493870000521,45.067496156000061],[7.6520901020000451,45.067418844000031],[7.652433755000061,45.067348365000043],[7.6527800720000414,45.06728477200005],[7.6531287800000314,45.06722811800006],[7.6534796000000256,45.06717844700006],[7.6538322560000438,45.067135798000038],[7.6541864660000556,45.067100206000077],[7.6545419510000556,45.067071698000063],[7.6548984270000346,45.067050297000037],[7.6552556120000759,45.067036021000035],[7.6556132230000458,45.067028880000066],[7.6559709770000381,45.067028880000066],[7.6563285880000649,45.067036021000035],[7.6566857730000493,45.067050297000037],[7.6570422490000283,45.067071698000063],[7.6573977340000283,45.067100206000077],[7.6577519440000401,45.067135798000038],[7.6581046000000583,45.06717844700006],[7.6584554200000525,45.06722811800006],[7.6588041280000425,45.06728477200005],[7.659150445000023,45.067348365000043],[7.6594940980000388,45.067418844000031],[7.6598348130000318,45.067496156000061],[7.6601723210000614,45.067580238000062],[7.6605063530000734,45.067671024000049],[7.6608366440000282,45.067768441000055],[7.661162933000071,45.067872412000042],[7.6614849600000525,45.067982856000071],[7.6618024690000652,45.068099683000071],[7.6621152100000245,45.068222802000037],[7.662422933000073,45.068352115000039],[7.6627253950000522,45.06848751900003],[7.6630223550000665,45.068628907000061],[7.663313578000043,45.068776166000077],[7.6635988320000479,45.068929180000055],[7.6638778920000732,45.069087827000033],[7.664150535000033,45.069251981000036],[7.6644165460000409,45.069421513000066],[7.6646757120000757,45.069596287000081],[7.6649278290000211,45.069776165000064],[7.6651726970000595,45.069961004000049],[7.6654101200000468,45.070150658000045],[7.6656399100000385,45.070344976000058],[7.6658618860000729,45.070543803000078],[7.6660758700000429,45.070746983000049],[7.6662816930000304,45.070954353000047],[7.6664791910000645,45.071165749000045],[7.6666682080000328,45.071381003000056],[7.6668485940000437,45.07159994500006],[7.667020204000039,45.071822401000077],[7.6671829040000716,45.072048195000036],[7.667336563000049,45.072277146000033],[7.6674810590000675,45.072509073000049],[7.6676162790000717,45.072743793000029],[7.6677421140000206,45.072981119000076],[7.6678584640000622,45.073220862000028],[7.6679652370000326,45.073462833000065],[7.6680623480000349,45.073706839000067],[7.6681497200000308,45.073952686000041],[7.6682272830000215,45.074200180000048],[7.668294976000027,45.074449124000068],[7.6683527450000497,45.074699321000026],[7.6684005440000647,45.074950571000045],[7.6684383340000295,45.075202675000071],[7.6684660860000236,45.075455434000048],[7.6684837770000627,45.075708647000056],[7.668491394000057,45.07596211200007],[7.6684889300000236,45.076215628000057],[7.6684763860000658,45.076468995000027],[7.6684537740000565,45.076722011000072],[7.6684211100000539,45.076974475000043],[7.6683784200000673,45.077226186000075],[7.6683257390000676,45.077476946000047],[7.6682631070000298,45.077726555000027],[7.6681905750000396,45.077974814000072],[7.6681081990000735,45.078221527000039],[7.6680160460000479,45.078466497000079],[7.6679141880000543,45.078709531000072],[7.6678027060000318,45.078950435000081],[7.6676816880000729,45.079189019000069],[7.6675512300000719,45.079425092000065],[7.6674114360000658,45.079658467000058],[7.6672624170000745,45.079888959000073],[7.6671042900000543,45.080116385000053],[7.6669371820000265,45.080340564000039],[7.6667612240000267,45.080561319000026],[7.6665765570000417,45.080778473000066],[7.6663833270000623,45.080991856000026],[7.6661816880000515,45.081201296000074],[7.6659717980000437,45.081406629000071],[7.6657538260000706,45.081607690000055],[7.6655279430000292,45.08180432100005],[7.6652943290000621,45.081996364000076],[7.6650531710000678,45.082183669000074],[7.6648046580000369,45.082366085000046],[7.6645489880000355,45.08254346800004],[7.6642863650000663,45.082715677000067],[7.6640169960000435,45.082882576000031],[7.6637410960000238,45.083044031000043],[7.663458884000022,45.08319991500008],[7.6631705830000669,45.083350104000033],[7.662876423000057,45.08349447900008],[7.6625766370000292,45.083632925000074],[7.6622714630000246,45.083765331000052],[7.6619611440000313,45.083891594000079],[7.661645925000073,45.08401161200004],[7.6613260580000428,45.084125290000031],[7.6610017960000505,45.084232538000037],[7.6606733970000391,45.084333271000048],[7.6603411210000445,45.084427409000057],[7.66000523200006,45.084514877000061],[7.6596659970000474,45.08459560600005],[7.6593236860000502,45.084669531000031],[7.6589785700000448,45.084736594000049],[7.6586309240000219,45.084796741000048],[7.6582810230000291,45.084849925000071],[7.6579291450000255,45.084896104000052],[7.6575755700000627,45.08493524000005],[7.657220579000068,45.084967303000042],[7.6568644530000256,45.084992268000065],[7.656507475000069,45.085010114000056],[7.6561499300000264,45.085020827000051],[7.655792100000042,45.085024399000076]]]},"properties":{"OBJECTID":3,"F_id":"node/332648606","gtfs_id":"51616007","name":"Bernini","operator":"Gruppo Torinese Trasporti","public_transport":"station","railway":"station","ref":"8218","station":"subway","subway":"yes","wheelchair":"yes","wikidata":"Q2899076","wikipedia":"it:Bernini (metropolitana di Torino)","start_date":"2006","emergency":null,"indoor":null,"addr_city":null,"addr_street":null,"GTT_Revised":null,"network":null,"defibrillator":null,"construction":null,"construction_railway":null,"BUFF_DIST":1000,"ORIG_FID":3,"Shape_Length":0.068660296350253461,"Shape_Area":0.00035895431680584206}},{"type":"Feature","id":4,"geometry":{"type":"Polygon","coordinates":[[[7.6442219000000478,45.084552100000053],[7.6438640730000316,45.084548528000028],[7.6435065300000247,45.084537814000043],[7.6431495560000258,45.084519968000052],[7.6427934330000653,45.084495004000075],[7.6424384450000389,45.084462941000027],[7.6420848730000444,45.084423804000039],[7.6417329980000659,45.084377626000048],[7.6413831000000414,45.084324442000025],[7.6410354560000542,45.084264294000036],[7.6406903430000739,45.084197231000076],[7.640348035000045,45.084123306000038],[7.6400088030000575,45.084042578000037],[7.6396729170000413,45.083955110000034],[7.6393406440000717,45.083860972000025],[7.6390122470000392,45.083760239000071],[7.638687988000072,45.083652991000065],[7.6383681230000207,45.083539312000028],[7.6380529070000307,45.083419294000066],[7.6377425900000731,45.083293032000029],[7.6374374190000367,45.083160625000062],[7.6371376350000446,45.083022180000057],[7.6368434780000598,45.082877805000066],[7.6365551790000268,45.082727616000057],[7.6362729690000606,45.082571732000076],[7.6359970720000661,45.082410276000076],[7.6357277050000221,45.082243378000044],[7.6354650840000318,45.082071168000027],[7.6352094170000555,45.081893785000034],[7.6349609060000603,45.081711369000061],[7.6347197490000553,45.081524065000053],[7.6344861370000672,45.081332021000037],[7.6342602570000508,45.081135391000032],[7.6340422860000672,45.080934329000058],[7.6338323980000382,45.080728997000051],[7.6336307600000737,45.08051955600007],[7.6334375320000731,45.080306174000043],[7.6332528660000207,45.08008901900007],[7.6330769100000566,45.079868264000027],[7.632909803000075,45.079644085000041],[7.6327516780000337,45.07941665900006],[7.6326026600000318,45.079186167000046],[7.632462867000072,45.078952792000052],[7.6323324100000605,45.078716719000056],[7.6322113930000341,45.078478136000058],[7.6320999120000579,45.07823723100006],[7.6319980550000537,45.077994198000056],[7.6319059020000282,45.077749227000027],[7.6318235270000514,45.077502514000059],[7.6317509960000507,45.077254255000071],[7.6316883650000591,45.077004646000034],[7.63163568300007,45.076753886000063],[7.6315929940000728,45.07650217500003],[7.6315603300000703,45.07624971100006],[7.631537718000061,45.075996695000072],[7.6315251750000357,45.075743328000044],[7.6315227110000592,45.075489812000058],[7.6315303270000641,45.075236347000043],[7.6315480190000358,45.074983134000036],[7.6315757700000404,45.074730375000058],[7.6316135600000621,45.074478271000032],[7.6316613580000308,45.07422702000008],[7.6317191270000535,45.073976824000056],[7.6317868190000695,45.073727880000035],[7.6318643820000602,45.073480386000028],[7.6319517530000667,45.073234539000055],[7.6320488630000227,45.072990533000052],[7.63215563600005,45.072748562000072],[7.6322719850000453,45.072508819000063],[7.6323978190000616,45.072271493000073],[7.6325330370000302,45.072036773000036],[7.6326775320000593,45.071804845000031],[7.6328311900000472,45.071575894000034],[7.6329938880000441,45.071350101000064],[7.63316549700005,45.071127645000047],[7.6333458810000252,45.070908703000043],[7.6335348970000609,45.070693448000043],[7.6337323930000593,45.070482052000045],[7.6339382150000574,45.070274682000047],[7.6341521970000485,45.070071503000065],[7.6343741710000472,45.069872675000056],[7.6346039590000601,45.069678358000033],[7.6348413810000579,45.069488704000037],[7.6350862460000712,45.069303865000052],[7.6353383610000378,45.069123987000069],[7.635597525000037,45.068949212000064],[7.635863534000066,45.06877968100008],[7.6361361750000469,45.068615526000031],[7.6364152320000471,45.068456879000053],[7.6367004840000732,45.068303865000075],[7.6369917040000246,45.068156606000059],[7.63728866200006,45.068015218000028],[7.6375911210000709,45.067879814000037],[7.6378988420000269,45.067750502000081],[7.6382115800000747,45.067627383000058],[7.6385290870000517,45.067510555000069],[7.6388511120000544,45.06740011200003],[7.6391773980000721,45.067296140000053],[7.6395076860000586,45.067198723000047],[7.6398417150000455,45.06710793700006],[7.64017922000005,45.067023855000059],[7.6405199330000642,45.066946544000075],[7.6408635830000549,45.066876064000041],[7.641209897000067,45.066812472000038],[7.6415586020000319,45.066755817000058],[7.6419094190000578,45.066706146000058],[7.6422620720000509,45.066663498000025],[7.6426162790000376,45.066627905000075],[7.6429717610000694,45.066599397000061],[7.6433282340000233,45.066577997000081],[7.6436854170000288,45.066563720000033],[7.6440430250000304,45.066556579000064],[7.6444007750000651,45.066556579000064],[7.6447583830000667,45.066563720000033],[7.6451155660000722,45.066577997000081],[7.6454720390000261,45.066599397000061],[7.6458275210000579,45.066627905000075],[7.6461817280000446,45.066663498000025],[7.6465343810000377,45.066706146000058],[7.6468851980000636,45.066755817000058],[7.6472339030000285,45.066812472000038],[7.6475802170000406,45.066876064000041],[7.6479238670000314,45.066946544000075],[7.6482645800000455,45.067023855000059],[7.64860208500005,45.06710793700006],[7.6489361140000369,45.067198723000047],[7.6492664020000234,45.067296140000053],[7.6495926880000411,45.06740011200003],[7.6499147130000438,45.067510555000069],[7.6502322200000208,45.067627383000058],[7.6505449580000686,45.067750502000081],[7.6508526790000246,45.067879814000037],[7.6511551380000355,45.068015218000028],[7.6514520960000709,45.068156606000059],[7.6517433160000223,45.068303865000075],[7.6520285680000484,45.068456879000053],[7.6523076250000486,45.068615526000031],[7.6525802660000295,45.06877968100008],[7.6528462750000585,45.068949212000064],[7.6531054390000577,45.069123987000069],[7.6533575540000243,45.069303865000052],[7.6536024190000376,45.069488704000037],[7.6538398410000354,45.069678358000033],[7.6540696290000483,45.069872675000056],[7.654291603000047,45.070071503000065],[7.6545055850000381,45.070274682000047],[7.6547114070000362,45.070482052000045],[7.6549089030000346,45.070693448000043],[7.6550979190000703,45.070908703000043],[7.6552783030000455,45.071127645000047],[7.6554499120000514,45.071350101000064],[7.6556126100000483,45.071575894000034],[7.6557662680000362,45.071804845000031],[7.6559107630000653,45.072036773000036],[7.6560459810000339,45.072271493000073],[7.6561718150000502,45.072508819000063],[7.6562881640000455,45.072748562000072],[7.6563949370000728,45.072990533000052],[7.6564920470000288,45.073234539000055],[7.6565794180000353,45.073480386000028],[7.656656981000026,45.073727880000035],[7.656724673000042,45.073976824000056],[7.6567824420000647,45.07422702000008],[7.6568302400000334,45.074478271000032],[7.6568680300000551,45.074730375000058],[7.6568957810000597,45.074983134000036],[7.6569134730000314,45.075236347000043],[7.6569210890000363,45.075489812000058],[7.6569186250000598,45.075743328000044],[7.6569060820000345,45.075996695000072],[7.6568834700000252,45.07624971100006],[7.6568508060000227,45.07650217500003],[7.6568081170000255,45.076753886000063],[7.6567554350000364,45.077004646000034],[7.6566928040000448,45.077254255000071],[7.6566202730000441,45.077502514000059],[7.6565378980000673,45.077749227000027],[7.6564457450000418,45.077994198000056],[7.6563438880000376,45.07823723100006],[7.6562324070000614,45.078478136000058],[7.656111390000035,45.078716719000056],[7.6559809330000235,45.078952792000052],[7.6558411400000637,45.079186167000046],[7.6556921220000618,45.07941665900006],[7.6555339970000205,45.079644085000041],[7.6553668900000389,45.079868264000027],[7.6551909340000748,45.08008901900007],[7.6550062680000224,45.080306174000043],[7.6548130400000218,45.08051955600007],[7.6546114020000573,45.080728997000051],[7.6544015140000283,45.080934329000058],[7.6541835430000447,45.081135391000032],[7.6539576630000283,45.081332021000037],[7.6537240510000402,45.081524065000053],[7.6534828940000352,45.081711369000061],[7.65323438300004,45.081893785000034],[7.6529787160000637,45.082071168000027],[7.6527160950000734,45.082243378000044],[7.6524467280000295,45.082410276000076],[7.6521708310000349,45.082571732000076],[7.6518886210000687,45.082727616000057],[7.6516003220000357,45.082877805000066],[7.6513061650000509,45.083022180000057],[7.6510063810000588,45.083160625000062],[7.6507012100000225,45.083293032000029],[7.6503908930000648,45.083419294000066],[7.6500756770000748,45.083539312000028],[7.6497558120000235,45.083652991000065],[7.6494315530000563,45.083760239000071],[7.6491031560000238,45.083860972000025],[7.6487708830000543,45.083955110000034],[7.648434997000038,45.084042578000037],[7.6480957650000505,45.084123306000038],[7.6477534570000216,45.084197231000076],[7.6474083440000413,45.084264294000036],[7.6470607000000541,45.084324442000025],[7.6467108020000296,45.084377626000048],[7.6463589270000512,45.084423804000039],[7.6460053550000566,45.084462941000027],[7.6456503670000302,45.084495004000075],[7.6452942440000697,45.084519968000052],[7.6449372700000708,45.084537814000043],[7.6445797270000639,45.084548528000028],[7.6442219000000478,45.084552100000053]]]},"properties":{"OBJECTID":4,"F_id":"node/332648726","gtfs_id":"51329010","name":"Rivoli","operator":"Gruppo Torinese Trasporti","public_transport":"station","railway":"station","ref":"8216","station":"subway","subway":"yes","wheelchair":"yes","wikidata":"Q3433966","wikipedia":"it:Rivoli (metropolitana di Torino)","start_date":"2006","emergency":null,"indoor":null,"addr_city":null,"addr_street":null,"GTT_Revised":null,"network":null,"defibrillator":null,"construction":null,"construction_railway":null,"BUFF_DIST":1000,"ORIG_FID":4,"Shape_Length":0.068659943831207562,"Shape_Area":0.00035895138614004576}},{"type":"Feature","id":5,"geometry":{"type":"Polygon","coordinates":[[[7.602396800000065,45.082849502000045],[7.6020389840000462,45.082845930000076],[7.6016814520000366,45.082835217000081],[7.6013244880000457,45.082817371000033],[7.6009683750000363,45.082792407000056],[7.6006133980000641,45.082760343000075],[7.6002598360000206,45.082721207000077],[7.5999079720000395,45.08267502800004],[7.599558084000023,45.082621844000073],[7.5992104510000331,45.082561697000074],[7.5988653480000607,45.082494634000057],[7.5985230500000398,45.082420709000075],[7.5981838280000602,45.082339980000029],[7.5978479520000519,45.082252512000025],[7.5975156890000335,45.082158374000073],[7.5971873020000658,45.082057641000063],[7.5968630520000602,45.081950393000056],[7.5965431970000736,45.081836715000065],[7.5962279900000453,45.081716697000047],[7.5959176830000388,45.081590434000077],[7.5956125200000315,45.081458028000043],[7.5953127460000474,45.081319582000049],[7.5950185970000348,45.081175207000058],[7.5947303070000203,45.081025018000048],[7.5944481050000263,45.080869134000068],[7.5941722160000609,45.080707678000067],[7.593902857000046,45.080540780000035],[7.5936402440000279,45.080368570000076],[7.5933845840000345,45.080191187000025],[7.5931360810000683,45.080008771000053],[7.5928949310000462,45.079821467000045],[7.5926613260000408,45.079629423000029],[7.5924354520000747,45.079432792000034],[7.5922174880000739,45.07923173100005],[7.5920076070000277,45.079026398000053],[7.5918059750000566,45.078816958000061],[7.59161275200006,45.078603575000045],[7.5914280920000579,45.078386421000062],[7.5912521410000409,45.078165666000075],[7.5910850390000633,45.077941486000043],[7.5909269180000365,45.077714060000062],[7.5907779050000386,45.077483568000048],[7.5906381160000365,45.077250193000054],[7.5905076630000394,45.077014120000058],[7.5903866500000277,45.07677553700006],[7.5902751720000765,45.076534632000062],[7.5901733180000406,45.076291598000068],[7.5900811680000402,45.076046628000029],[7.5899987960000317,45.075799915000061],[7.5899262660000204,45.075551655000027],[7.5898636370000645,45.075302047000037],[7.5898109570000543,45.075051287000065],[7.5897682690000465,45.074799575000043],[7.5897356060000334,45.074547111000072],[7.5897129950000704,45.074294095000027],[7.5897004520000451,45.074040728000057],[7.5896979880000686,45.07378721200007],[7.5897056040000734,45.073533747000056],[7.5897232950000557,45.073280534000048],[7.5897510460000603,45.073027775000071],[7.5897888350000358,45.072775670000055],[7.5898366310000256,45.072524420000036],[7.5898943980000695,45.072274224000068],[7.5899620880000498,45.072025280000048],[7.5900396490000617,45.071777785000052],[7.590127017000043,45.071531938000078],[7.5902241250000202,45.071287932000075],[7.5903308940000329,45.071045961000038],[7.59044724000006,45.07080621800003],[7.5905730700000618,45.07056889200004],[7.5907082840000726,45.070334172000059],[7.5908527750000303,45.070102244000054],[7.5910064280000711,45.069873293000057],[7.5911691220000534,45.069647500000031],[7.5913407260000554,45.06942504400007],[7.5915211040000372,45.069206102000066],[7.5917101140000227,45.068990847000066],[7.591907605000074,45.068779451000069],[7.5921134200000324,45.06857208100007],[7.5923273960000301,45.068368901000042],[7.592549363000046,45.068170074000079],[7.5927791450000655,45.067975756000067],[7.5930165590000342,45.067786102000071],[7.5932614170000647,45.067601263000029],[7.5935135250000485,45.067421385000046],[7.5937726810000754,45.067246610000041],[7.5940386820000754,45.067077079000057],[7.5943113150000272,45.066912924000064],[7.5945903640000552,45.06675427700003],[7.5948756070000627,45.066601263000052],[7.5951668190000419,45.066454004000036],[7.5954637680000587,45.066312616000062],[7.5957662180000511,45.066177212000071],[7.5960739300000455,45.066047899000068],[7.5963866590000748,45.065924780000046],[7.5967041560000439,45.065807953000046],[7.5970261710000386,45.065697509000074],[7.5973524470000484,45.06559353800003],[7.5976827260000732,45.065496120000034],[7.5980167460000416,45.065405335000037],[7.5983542400000488,45.065321253000036],[7.598694943000055,45.065243941000062],[7.5990385820000483,45.065173461000029],[7.599384887000042,45.065109869000025],[7.5997335810000664,45.065053215000034],[7.6000843880000275,45.065003544000035],[7.6004370300000232,45.06496089500007],[7.6007912270000588,45.064925302000063],[7.6011466980000364,45.064896795000038],[7.6015031610000392,45.064875394000069],[7.6018603330000474,45.064861117000078],[7.6022179300000516,45.064853976000052],[7.6025756700000215,45.064853976000052],[7.6029332670000258,45.064861117000078],[7.603290439000034,45.064875394000069],[7.6036469020000368,45.064896795000038],[7.6040023730000712,45.064925302000063],[7.6043565700000499,45.06496089500007],[7.6047092120000457,45.065003544000035],[7.6050600190000637,45.065053215000034],[7.6054087130000312,45.065109869000025],[7.6057550180000248,45.065173461000029],[7.606098657000075,45.065243941000062],[7.6064393600000244,45.065321253000036],[7.6067768540000316,45.065405335000037],[7.6071108740000568,45.065496120000034],[7.6074411530000248,45.06559353800003],[7.6077674290000346,45.065697509000074],[7.6080894440000293,45.065807953000046],[7.6084069410000552,45.065924780000046],[7.6087196700000277,45.066047899000068],[7.609027382000022,45.066177212000071],[7.6093298320000713,45.066312616000062],[7.6096267810000313,45.066454004000036],[7.6099179930000673,45.066601263000052],[7.6102032360000749,45.06675427700003],[7.610482285000046,45.066912924000064],[7.6107549180000547,45.067077079000057],[7.6110209190000546,45.067246610000041],[7.6112800750000247,45.067421385000046],[7.6115321830000653,45.067601263000029],[7.6117770410000389,45.067786102000071],[7.6120144550000646,45.067975756000067],[7.6122442370000272,45.068170074000079],[7.612466204000043,45.068368901000042],[7.6126801800000408,45.06857208100007],[7.612885995000056,45.068779451000069],[7.6130834860000505,45.068990847000066],[7.613272496000036,45.069206102000066],[7.6134528740000746,45.06942504400007],[7.6136244780000766,45.069647500000031],[7.6137871720000589,45.069873293000057],[7.6139408250000429,45.070102244000054],[7.6140853160000574,45.070334172000059],[7.6142205300000683,45.07056889200004],[7.61434636000007,45.07080621800003],[7.6144627060000403,45.071045961000038],[7.614569475000053,45.071287932000075],[7.6146665830000302,45.071531938000078],[7.6147539510000684,45.071777785000052],[7.6148315120000234,45.072025280000048],[7.6148992020000605,45.072274224000068],[7.6149569690000476,45.072524420000036],[7.6150047650000374,45.072775670000055],[7.6150425540000697,45.073027775000071],[7.6150703050000743,45.073280534000048],[7.6150879960000566,45.073533747000056],[7.6150956120000615,45.07378721200007],[7.6150931480000281,45.074040728000057],[7.6150806050000597,45.074294095000027],[7.6150579940000398,45.074547111000072],[7.6150253310000267,45.074799575000043],[7.6149826430000758,45.075051287000065],[7.6149299630000655,45.075302047000037],[7.6148673340000528,45.075551655000027],[7.6147948040000415,45.075799915000061],[7.614712432000033,45.076046628000029],[7.6146202820000326,45.076291598000068],[7.6145184280000535,45.076534632000062],[7.6144069500000455,45.07677553700006],[7.6142859370000338,45.077014120000058],[7.6141554840000367,45.077250193000054],[7.6140156950000346,45.077483568000048],[7.6138666820000367,45.077714060000062],[7.6137085610000668,45.077941486000043],[7.6135414590000323,45.078165666000075],[7.6133655080000722,45.078386421000062],[7.61318084800007,45.078603575000045],[7.6129876250000734,45.078816958000061],[7.6127859930000454,45.079026398000053],[7.6125761120000561,45.07923173100005],[7.6123581480000553,45.079432792000034],[7.6121322740000323,45.079629423000029],[7.611898669000027,45.079821467000045],[7.6116575190000617,45.080008771000053],[7.6114090160000387,45.080191187000025],[7.6111533560000453,45.080368570000076],[7.6108907430000272,45.080540780000035],[7.6106213840000692,45.080707678000067],[7.6103454950000469,45.080869134000068],[7.6100632930000529,45.081025018000048],[7.6097750030000384,45.081175207000058],[7.6094808540000258,45.081319582000049],[7.6091810800000417,45.081458028000043],[7.6088759170000344,45.081590434000077],[7.6085656100000278,45.081716697000047],[7.6082504030000564,45.081836715000065],[7.6079305480000698,45.081950393000056],[7.6076062980000643,45.082057641000063],[7.6072779110000397,45.082158374000073],[7.6069456480000213,45.082252512000025],[7.6066097720000698,45.082339980000029],[7.6062705500000334,45.082420709000075],[7.6059282520000693,45.082494634000057],[7.6055831490000401,45.082561697000074],[7.6052355160000502,45.082621844000073],[7.6048856280000336,45.08267502800004],[7.6045337640000525,45.082721207000077],[7.6041802020000659,45.082760343000075],[7.6038252250000369,45.082792407000056],[7.6034691120000275,45.082817371000033],[7.6031121480000365,45.082835217000081],[7.602754616000027,45.082845930000076],[7.602396800000065,45.082849502000045]]]},"properties":{"OBJECTID":5,"F_id":"node/332648897","gtfs_id":"50645012","name":"Paradiso","operator":"Gruppo Torinese Trasporti","public_transport":"station","railway":"station","ref":"8211","station":"subway","subway":"yes","wheelchair":"yes","wikidata":"Q3363302","wikipedia":"it:Paradiso (metropolitana di Torino)","start_date":"2006","emergency":null,"indoor":null,"addr_city":null,"addr_street":null,"GTT_Revised":null,"network":null,"defibrillator":null,"construction":null,"construction_railway":null,"BUFF_DIST":1000,"ORIG_FID":5,"Shape_Length":0.068658673860075792,"Shape_Area":0.00035894083250024157}},{"type":"Feature","id":6,"geometry":{"type":"Polygon","coordinates":[[[7.6679848000000561,45.082765502000029],[7.6676269840000373,45.082761930000061],[7.667269453000074,45.082751217000066],[7.6669124890000262,45.082733371000074],[7.6665563780000525,45.082708407000041],[7.666201400000034,45.082676344000049],[7.6658478390000369,45.082637207000062],[7.6654959750000558,45.082591028000081],[7.6651460880000286,45.082537844000058],[7.6647984550000388,45.082477697000058],[7.6644533530000558,45.082410634000041],[7.6641110550000349,45.08233670900006],[7.6637718340000447,45.08225598000007],[7.6634359590000258,45.082168512000067],[7.6631036960000642,45.082074375000047],[7.6627753090000397,45.081973641000047],[7.6624510600000235,45.081866393000041],[7.662131205000037,45.08175271500005],[7.6618159990000549,45.081632697000032],[7.6615056920000484,45.081506434000062],[7.6612005300000305,45.081374028000027],[7.6609007560000464,45.081235582000033],[7.6606066080000232,45.081091207000043],[7.6603183180000656,45.080941018000033],[7.660036117000061,45.080785134000052],[7.6597602280000388,45.080623679000041],[7.6594908700000701,45.080456780000077],[7.6592282570000521,45.08028457100005],[7.6589725970000586,45.080107187000067],[7.6587240940000356,45.079924771000037],[7.6584829450000598,45.079737467000029],[7.6582493410000438,45.07954542300007],[7.6580234670000209,45.079348792000076],[7.6578055030000769,45.079147731000035],[7.6575956220000307,45.078942399000027],[7.6573939900000596,45.078732958000046],[7.6572007680000524,45.07851957500003],[7.6570161080000503,45.078302421000046],[7.6568401570000333,45.07808166600006],[7.6566730560000451,45.077857486000028],[7.6565149350000752,45.077630060000047],[7.6563659220000204,45.077399568000033],[7.6562261330000752,45.077166193000039],[7.6560956810000675,45.076930120000043],[7.6559746680000558,45.076691537000045],[7.6558631900000478,45.076450632000046],[7.6557613360000687,45.076207598000053],[7.6556691860000683,45.07596262800007],[7.6555868140000598,45.075715915000046],[7.6555142840000485,45.075467655000068],[7.6554516550000358,45.075218047000078],[7.6553989760000718,45.07496728700005],[7.6553562880000641,45.074715575000027],[7.6553236250000509,45.074463111000057],[7.6553010130000416,45.074210095000069],[7.6552884700000732,45.073956728000041],[7.6552860060000398,45.073703212000055],[7.6552936230000341,45.073449747000041],[7.655311313000027,45.073196534000033],[7.6553390640000316,45.072943775000056],[7.6553768530000639,45.07269167000004],[7.6554246500000431,45.072440420000078],[7.6554824160000408,45.072190224000053],[7.6555501070000673,45.071941280000033],[7.6556276670000329,45.071693785000036],[7.6557150350000711,45.071447938000063],[7.6558121430000483,45.07120393200006],[7.655918912000061,45.07096196100008],[7.6560352570000418,45.070722218000071],[7.6561610870000436,45.070484892000081],[7.6562963010000544,45.070250172000044],[7.656440792000069,45.070018244000039],[7.6565944450000529,45.069789293000042],[7.6567571380000459,45.069563500000072],[7.6569287420000478,45.069341044000055],[7.6571091200000296,45.069122102000051],[7.657298130000072,45.068906847000051],[7.657495620000077,45.068695451000053],[7.6577014350000354,45.068488080000066],[7.6579154110000331,45.068284901000027],[7.658137378000049,45.068086074000064],[7.6583671590000222,45.067891756000051],[7.6586045730000478,45.067702102000055],[7.658849430000032,45.06751726300007],[7.6591015380000727,45.06733738500003],[7.6593606940000427,45.067162610000025],[7.6596266940000532,45.066993079000042],[7.6598993270000619,45.066828924000049],[7.6601783750000436,45.066670277000071],[7.6604636180000512,45.066517263000037],[7.6607548300000303,45.066370004000078],[7.6610517780000578,45.066228616000046],[7.6613542280000502,45.066093212000055],[7.6616619390000551,45.065963899000053],[7.6619746670000382,45.06584078000003],[7.6622921650000535,45.065723953000031],[7.6626141790000588,45.065613509000059],[7.6629404550000686,45.065509538000072],[7.6632707330000471,45.065412120000076],[7.6636047520000261,45.065321335000078],[7.6639422460000333,45.065237253000078],[7.6642829480000501,45.065159941000047],[7.6646265870000434,45.065089461000071],[7.6649728910000476,45.065025869000067],[7.665321585000072,45.064969215000076],[7.6656723910000437,45.06491954300003],[7.6660250330000395,45.064876895000054],[7.6663792290000288,45.064841302000048],[7.6667347000000632,45.064812794000034],[7.6670911620000766,45.064791394000054],[7.6674483330000385,45.064777117000062],[7.6678059310000322,45.064769976000036],[7.6681636690000232,45.064769976000036],[7.6685212670000737,45.064777117000062],[7.6688784380000357,45.064791394000054],[7.669234900000049,45.064812794000034],[7.6695903710000266,45.064841302000048],[7.6699445670000728,45.064876895000054],[7.6702972090000685,45.06491954300003],[7.6706480150000402,45.064969215000076],[7.6709967090000646,45.065025869000067],[7.6713430130000688,45.065089461000071],[7.6716866520000622,45.065159941000047],[7.6720273540000221,45.065237253000078],[7.6723648480000293,45.065321335000078],[7.6726988670000651,45.065412120000076],[7.6730291450000436,45.065509538000072],[7.6733554210000534,45.065613509000059],[7.6736774350000587,45.065723953000031],[7.6739949330000741,45.06584078000003],[7.6743076610000571,45.065963899000053],[7.6746153720000621,45.066093212000055],[7.6749178220000545,45.066228616000046],[7.6752147700000251,45.066370004000078],[7.6755059820000611,45.066517263000037],[7.6757912250000686,45.066670277000071],[7.6760702730000503,45.066828924000049],[7.676342906000059,45.066993079000042],[7.6766089060000695,45.067162610000025],[7.6768680620000396,45.06733738500003],[7.6771201700000233,45.06751726300007],[7.6773650270000644,45.067702102000055],[7.6776024410000332,45.067891756000051],[7.6778322220000632,45.068086074000064],[7.6780541890000222,45.068284901000027],[7.6782681650000768,45.068488080000066],[7.6784739800000352,45.068695451000053],[7.6786714700000402,45.068906847000051],[7.6788604800000257,45.069122102000051],[7.6790408580000644,45.069341044000055],[7.6792124620000664,45.069563500000072],[7.6793751550000593,45.069789293000042],[7.6795288080000432,45.070018244000039],[7.6796732990000578,45.070250172000044],[7.6798085130000686,45.070484892000081],[7.6799343430000704,45.070722218000071],[7.6800506880000512,45.07096196100008],[7.6801574570000639,45.07120393200006],[7.6802545650000411,45.071447938000063],[7.6803419330000224,45.071693785000036],[7.6804194930000449,45.071941280000033],[7.6804871840000715,45.072190224000053],[7.6805449500000691,45.072440420000078],[7.6805927470000483,45.07269167000004],[7.6806305360000238,45.072943775000056],[7.6806582870000284,45.073196534000033],[7.6806759770000212,45.073449747000041],[7.6806835940000724,45.073703212000055],[7.680681130000039,45.073956728000041],[7.6806685870000706,45.074210095000069],[7.6806459750000613,45.074463111000057],[7.6806133120000482,45.074715575000027],[7.6805706240000404,45.07496728700005],[7.6805179450000765,45.075218047000078],[7.6804553160000637,45.075467655000068],[7.6803827860000524,45.075715915000046],[7.6803004140000439,45.07596262800007],[7.6802082640000435,45.076207598000053],[7.6801064100000644,45.076450632000046],[7.6799949320000565,45.076691537000045],[7.6798739190000447,45.076930120000043],[7.6797434670000371,45.077166193000039],[7.679603678000035,45.077399568000033],[7.679454665000037,45.077630060000047],[7.6792965440000671,45.077857486000028],[7.6791294430000221,45.07808166600006],[7.6789534920000619,45.078302421000046],[7.6787688320000598,45.07851957500003],[7.6785756100000526,45.078732958000046],[7.6783739780000246,45.078942399000027],[7.6781640970000353,45.079147731000035],[7.6779461330000345,45.079348792000076],[7.6777202590000684,45.07954542300007],[7.6774866550000525,45.079737467000029],[7.6772455060000766,45.079924771000037],[7.6769970030000536,45.080107187000067],[7.6767413430000602,45.08028457100005],[7.6764787300000421,45.080456780000077],[7.6762093720000735,45.080623679000041],[7.6759334830000512,45.080785134000052],[7.6756512820000466,45.080941018000033],[7.6753629920000321,45.081091207000043],[7.6750688440000658,45.081235582000033],[7.6747690700000248,45.081374028000027],[7.6744639080000638,45.081506434000062],[7.6741536010000573,45.081632697000032],[7.6738383950000753,45.08175271500005],[7.6735185400000319,45.081866393000041],[7.6731942910000726,45.081973641000047],[7.672865904000048,45.082074375000047],[7.6725336410000295,45.082168512000067],[7.6721977660000675,45.08225598000007],[7.6718585450000205,45.08233670900006],[7.6715162470000564,45.082410634000041],[7.6711711450000735,45.082477697000058],[7.6708235120000268,45.082537844000058],[7.6704736250000565,45.082591028000081],[7.6701217610000754,45.082637207000062],[7.6697682000000214,45.082676344000049],[7.6694132220000597,45.082708407000041],[7.6690571110000292,45.082733371000074],[7.6687001470000382,45.082751217000066],[7.6683426160000749,45.082761930000061],[7.6679848000000561,45.082765502000029]]]},"properties":{"OBJECTID":6,"F_id":"node/432803698","gtfs_id":"53573001","name":"XVIII Dicembre","operator":"Gruppo Torinese Trasporti","public_transport":"station","railway":"station","ref":"8220","station":"subway","subway":"yes","wheelchair":"yes","wikidata":"Q1150584","wikipedia":null,"start_date":null,"emergency":null,"indoor":null,"addr_city":null,"addr_street":null,"GTT_Revised":null,"network":null,"defibrillator":null,"construction":null,"construction_railway":null,"BUFF_DIST":1000,"ORIG_FID":6,"Shape_Length":0.068658611232777833,"Shape_Area":0.00035894031199510301}},{"type":"Feature","id":7,"geometry":{"type":"Polygon","coordinates":[[[7.6652976000000308,45.079645807000077],[7.6649398040000278,45.079642235000051],[7.6645822920000342,45.079631522000057],[7.6642253480000591,45.079613676000065],[7.6638692550000656,45.079588712000032],[7.6635142970000629,45.07955664800005],[7.6631607560000248,45.079517512000052],[7.6628089110000701,45.079471333000072],[7.6624590430000694,45.079418149000048],[7.6621114290000492,45.079358002000049],[7.6617663450000464,45.079290939000032],[7.6614240660000519,45.079217014000051],[7.6610848630000419,45.079136285000061],[7.66074900600006,45.079048817000057],[7.6604167610000218,45.078954679000049],[7.6600883930000236,45.078853946000038],[7.6597641610000551,45.078746698000032],[7.6594443240000487,45.078633019000051],[7.6591291350000574,45.078513001000033],[7.6588188450000416,45.078386739000052],[7.6585137000000714,45.078254332000029],[7.6582139420000317,45.078115886000035],[7.6579198090000205,45.077971511000044],[7.6576315350000641,45.077821322000034],[7.6573493500000609,45.077665438000054],[7.6570734750000611,45.077503982000053],[7.6568041320000475,45.077337084000078],[7.6565415330000519,45.077164874000061],[7.6562858880000704,45.076987491000068],[7.6560373980000236,45.076805075000038],[7.6557962620000239,45.076617770000041],[7.6555626700000516,45.076425726000025],[7.6553368090000617,45.076229096000077],[7.6551188570000477,45.076028034000046],[7.6549089870000557,45.07582270100005],[7.6547073660000251,45.075613261000058],[7.6545141540000259,45.075399878000042],[7.6543295050000211,45.075182723000069],[7.6541535640000689,45.074961968000025],[7.6539864710000529,45.074737789000039],[7.6538283590000447,45.074510363000059],[7.6536793540000758,45.074279870000055],[7.6535395730000459,45.074046495000061],[7.6534091280000212,45.073810422000065],[7.6532881210000596,45.073571838000078],[7.653176649000045,45.073330934000069],[7.6530748010000593,45.073087900000075],[7.6529826560000629,45.072842929000046],[7.6529002880000689,45.072596216000079],[7.6528277630000616,45.072347956000044],[7.652765137000074,45.072098348000054],[7.652712460000032,45.071847588000026],[7.6526697750000494,45.07159587600006],[7.652637114000072,45.071343412000033],[7.6526145030000521,45.071090396000045],[7.6526019610000731,45.070837029000074],[7.6525994970000397,45.070583512000042],[7.6526071130000446,45.070330046000038],[7.6526248030000374,45.070076834000076],[7.6526525520000632,45.069824075000042],[7.6526903390000598,45.069571970000027],[7.6527381330000708,45.069320719000075],[7.6527958960000433,45.06907052300005],[7.6528635830000553,45.06882157900003],[7.6529411390000632,45.068574084000034],[7.65302850300003,45.06832823700006],[7.6531256050000707,45.068084230000068],[7.6532323680000331,45.067842260000077],[7.6533487070000206,45.067602516000079],[7.6534745300000395,45.067365190000032],[7.6536097370000675,45.067130470000052],[7.653754220000053,45.066898542000047],[7.6539078650000647,45.06666959100005],[7.6540705490000391,45.06644379800008],[7.6542421430000331,45.066221341000073],[7.6544225120000533,45.06600239900007],[7.6546115110000414,45.065787144000069],[7.6548089910000385,45.065575748000072],[7.655014794000067,45.065368378000073],[7.6552287590000674,45.065165198000045],[7.6554507130000502,45.064966370000036],[7.6556804820000366,45.06477205300007],[7.6559178830000292,45.064582399000074],[7.6561627270000372,45.064397559000042],[7.6564148210000553,45.064217681000059],[7.6566739630000598,45.064042907000044],[7.6569399490000478,45.063873375000071],[7.6572125660000552,45.063709220000078],[7.6574916000000712,45.063550573000043],[7.6577768270000206,45.063397559000066],[7.6580680230000553,45.06325030000005],[7.6583649550000246,45.063108912000075],[7.6586673880000262,45.062973508000027],[7.6589750830000298,45.062844195000025],[7.6592877940000221,45.062721076000059],[7.6596052740000573,45.062604248000071],[7.6599272710000719,45.062493805000031],[7.6602535290000446,45.062389833000054],[7.660583789000043,45.062292416000048],[7.6609177900000418,45.062201630000061],[7.6612552660000688,45.06211754800006],[7.6615959490000591,45.06204023600003],[7.6619395700000723,45.061969756000053],[7.6622858550000501,45.06190616400005],[7.6626345290000586,45.061849510000059],[7.6629853170000501,45.061799839000059],[7.66333793900003,45.061757190000037],[7.6636921170000392,45.06172159700003],[7.6640475680000577,45.061693090000063],[7.6644040110000446,45.061671689000036],[7.664761163000037,45.061657412000045],[7.6651187400000254,45.061650271000076],[7.6654764600000362,45.061650271000076],[7.6658340370000246,45.061657412000045],[7.6661911890000738,45.061671689000036],[7.6665476320000607,45.061693090000063],[7.6669030830000224,45.06172159700003],[7.6672572610000316,45.061757190000037],[7.6676098830000683,45.061799839000059],[7.6679606710000598,45.061849510000059],[7.6683093450000683,45.06190616400005],[7.6686556300000461,45.061969756000053],[7.6689992510000593,45.06204023600003],[7.6693399340000497,45.06211754800006],[7.6696774100000766,45.062201630000061],[7.6700114110000754,45.062292416000048],[7.6703416710000738,45.062389833000054],[7.6706679290000466,45.062493805000031],[7.6709899260000611,45.062604248000071],[7.6713074060000395,45.062721076000059],[7.6716201170000318,45.062844195000025],[7.6719278120000354,45.062973508000027],[7.672230245000037,45.063108912000075],[7.6725271770000631,45.06325030000005],[7.672818373000041,45.063397559000066],[7.6731036000000472,45.063550573000043],[7.6733826340000633,45.063709220000078],[7.6736552510000706,45.063873375000071],[7.6739212370000587,45.064042907000044],[7.6741803790000631,45.064217681000059],[7.6744324730000244,45.064397559000042],[7.6746773170000324,45.064582399000074],[7.674914718000025,45.06477205300007],[7.6751444870000682,45.064966370000036],[7.6753664410000511,45.065165198000045],[7.6755804060000514,45.065368378000073],[7.6757862090000231,45.065575748000072],[7.675983689000077,45.065787144000069],[7.6761726880000651,45.06600239900007],[7.6763530570000285,45.066221341000073],[7.6765246510000225,45.06644379800008],[7.6766873350000537,45.06666959100005],[7.6768409800000654,45.066898542000047],[7.6769854630000509,45.067130470000052],[7.6771206700000221,45.067365190000032],[7.677246493000041,45.067602516000079],[7.6773628320000284,45.067842260000077],[7.6774695950000478,45.068084230000068],[7.6775666970000316,45.06832823700006],[7.6776540610000552,45.068574084000034],[7.6777316170000631,45.06882157900003],[7.6777993040000752,45.06907052300005],[7.6778570670000477,45.069320719000075],[7.6779048610000586,45.069571970000027],[7.6779426480000552,45.069824075000042],[7.6779703970000241,45.070076834000076],[7.6779880870000738,45.070330046000038],[7.6779957030000219,45.070583512000042],[7.6779932390000454,45.070837029000074],[7.6779806970000664,45.071090396000045],[7.6779580860000465,45.071343412000033],[7.677925425000069,45.07159587600006],[7.6778827400000296,45.071847588000026],[7.6778300630000444,45.072098348000054],[7.6777674370000568,45.072347956000044],[7.6776949120000495,45.072596216000079],[7.6776125440000555,45.072842929000046],[7.6775203990000591,45.073087900000075],[7.6774185510000734,45.073330934000069],[7.6773070790000588,45.073571838000078],[7.6771860720000404,45.073810422000065],[7.6770556270000725,45.074046495000061],[7.6769158460000426,45.074279870000055],[7.6767668410000738,45.074510363000059],[7.6766087290000655,45.074737789000039],[7.6764416360000496,45.074961968000025],[7.6762656950000405,45.075182723000069],[7.6760810460000357,45.075399878000042],[7.6758878340000365,45.075613261000058],[7.6756862130000627,45.07582270100005],[7.6754763430000708,45.076028034000046],[7.6752583910000567,45.076229096000077],[7.6750325300000668,45.076425726000025],[7.6747989380000377,45.076617770000041],[7.674557802000038,45.076805075000038],[7.6743093120000481,45.076987491000068],[7.6740536670000665,45.077164874000061],[7.6737910680000709,45.077337084000078],[7.6735217250000574,45.077503982000053],[7.6732458500000575,45.077665438000054],[7.6729636650000543,45.077821322000034],[7.6726753910000411,45.077971511000044],[7.6723812580000299,45.078115886000035],[7.6720815000000471,45.078254332000029],[7.6717763550000768,45.078386739000052],[7.671466065000061,45.078513001000033],[7.6711508760000697,45.078633019000051],[7.6708310390000634,45.078746698000032],[7.670506807000038,45.078853946000038],[7.6701784390000398,45.078954679000049],[7.6698461940000584,45.079048817000057],[7.6695103370000766,45.079136285000061],[7.6691711340000666,45.079217014000051],[7.6688288550000721,45.079290939000032],[7.6684837710000693,45.079358002000049],[7.668136157000049,45.079418149000048],[7.6677862890000483,45.079471333000072],[7.6674344440000368,45.079517512000052],[7.6670809030000555,45.07955664800005],[7.6667259450000529,45.079588712000032],[7.6663698520000594,45.079613676000065],[7.6660129080000274,45.079631522000057],[7.6656553960000338,45.079642235000051],[7.6652976000000308,45.079645807000077]]]},"properties":{"OBJECTID":7,"F_id":"node/432803701","gtfs_id":"57059001","name":"Porta Susa","operator":"Gruppo Torinese Trasporti","public_transport":"station","railway":"station","ref":"8221","station":"subway","subway":"yes","wheelchair":"yes","wikidata":"Q3398716","wikipedia":"it:Porta Susa (metropolitana di Torino)","start_date":null,"emergency":"defibrillator","indoor":"yes","addr_city":null,"addr_street":null,"GTT_Revised":null,"network":null,"defibrillator":null,"construction":null,"construction_railway":null,"BUFF_DIST":1000,"ORIG_FID":7,"Shape_Length":0.068656285455441876,"Shape_Area":0.00035892098540197214}},{"type":"Feature","id":8,"geometry":{"type":"Polygon","coordinates":[[[7.6364023000000429,45.084237500000029],[7.6360444750000624,45.08423392800006],[7.6356869340000344,45.084223215000065],[7.6353299620000712,45.084205369000074],[7.6349738410000327,45.084180404000051],[7.6346188540000526,45.084148341000059],[7.6342652840000369,45.084109205000061],[7.6339134110000373,45.084063026000081],[7.6335635150000485,45.084009842000057],[7.6332158730000401,45.083949695000058],[7.6328707620000387,45.083882632000041],[7.6325284560000455,45.08380870700006],[7.6321892260000368,45.08372797800007],[7.6318533420000563,45.083640510000066],[7.6315210700000762,45.083546372000058],[7.6311926760000688,45.083445639000047],[7.6308684180000341,45.083338391000041],[7.6305485550000753,45.08322471300005],[7.6302333410000642,45.083104695000031],[7.6299230260000286,45.082978432000061],[7.6296178560000385,45.082846026000027],[7.6293180740000253,45.082707580000033],[7.6290239180000299,45.082563206000032],[7.6287356210000326,45.082413016000032],[7.6284534130000452,45.082257132000052],[7.6281775170000401,45.082095677000041],[7.6279081520000318,45.081928778000076],[7.6276455320000309,45.081756569000049],[7.6273898660000441,45.081579186000056],[7.6271413570000277,45.081396770000026],[7.626900201000069,45.081209465000029],[7.6266665910000597,45.081017422000059],[7.6264407110000434,45.080820791000065],[7.6262227420000386,45.08061973000008],[7.6260128550000559,45.080414397000027],[7.6258112180000239,45.080204957000035],[7.6256179910000697,45.079991574000076],[7.6254333260000635,45.079774419000046],[7.625257371000032,45.079553665000049],[7.6250902650000398,45.079329485000073],[7.6249321410000448,45.079102059000036],[7.6247831230000429,45.078871567000078],[7.6246433310000725,45.078638192000028],[7.6245128760000398,45.078402119000032],[7.6243918590000703,45.078163536000034],[7.6242803790000266,45.077922632000025],[7.6241785220000224,45.077679598000032],[7.6240863700000432,45.077434627000059],[7.6240039950000664,45.077187914000035],[7.6239314640000657,45.076939655000047],[7.6238688330000741,45.076690046000067],[7.6238161530000639,45.076439287000028],[7.6237734630000205,45.076187575000063],[7.6237408000000642,45.075935111000035],[7.6237181880000549,45.075682095000047],[7.6237056450000296,45.075428728000077],[7.6237031800000636,45.075175212000033],[7.6237107970000579,45.074921747000076],[7.6237284880000402,45.074668534000068],[7.6237562400000343,45.074415775000034],[7.6237940290000665,45.074163671000065],[7.6238418270000352,45.073912420000056],[7.6238995950000685,45.073662224000032],[7.6239672870000277,45.073413280000068],[7.6240448500000753,45.073165786000061],[7.6241322200000354,45.072919938000041],[7.6242293300000483,45.072675932000038],[7.6243361020000293,45.072433962000048],[7.6244524500000352,45.07219421800005],[7.6245782830000621,45.071956893000049],[7.6247135010000306,45.071722173000069],[7.6248579960000598,45.071490245000064],[7.6250116530000582,45.071261294000067],[7.6251743500000657,45.07103550100004],[7.6253459580000253,45.070813045000079],[7.625526341000068,45.070594103000076],[7.625715355000068,45.070378848000075],[7.6259128510000664,45.070167452000078],[7.6261186710000288,45.06996008200008],[7.6263326520000305,45.069756902000051],[7.6265546250000398,45.069558075000032],[7.6267844120000632,45.069363757000076],[7.6270218320000254,45.069174104000069],[7.6272666960000493,45.068989264000038],[7.6275188100000264,45.068809386000055],[7.6277779730000361,45.068634612000039],[7.6280439790000401,45.068465080000067],[7.6283166190000316,45.068300926000063],[7.6285956750000423,45.068142279000028],[7.6288809250000327,45.067989265000051],[7.6291721440000515,45.067842006000035],[7.6294691000000512,45.06770061800006],[7.6297715580000727,45.067565214000069],[7.6300792770000498,45.067435901000067],[7.630392013000062,45.067312782000045],[7.6307095190000496,45.067195955000045],[7.6310315410000271,45.067085511000073],[7.631357825000066,45.066981540000029],[7.631688112000063,45.066884123000079],[7.6320221400000605,45.066793337000036],[7.6323596420000399,45.066709255000035],[7.6327003530000752,45.066631943000061],[7.6330440010000302,45.066561463000028],[7.633390314000053,45.066497871000081],[7.6337390160000496,45.066441217000033],[7.6340898320000292,45.066391546000034],[7.6344424830000435,45.066348897000069],[7.6347966880000513,45.066313305000051],[7.6351521680000474,45.066284797000037],[7.6355086390000224,45.066263396000068],[7.6358658200000491,45.066249119000076],[7.6362234260000719,45.06624197800005],[7.6365811740000709,45.06624197800005],[7.6369387800000368,45.066249119000076],[7.6372959610000635,45.066263396000068],[7.6376524320000385,45.066284797000037],[7.6380079120000346,45.066313305000051],[7.6383621170000424,45.066348897000069],[7.6387147680000567,45.066391546000034],[7.6390655840000363,45.066441217000033],[7.6394142860000329,45.066497871000081],[7.6397605990000557,45.066561463000028],[7.6401042470000675,45.066631943000061],[7.640444958000046,45.066709255000035],[7.6407824600000254,45.066793337000036],[7.6411164880000229,45.066884123000079],[7.6414467750000767,45.066981540000029],[7.6417730590000588,45.067085511000073],[7.6420950810000363,45.067195955000045],[7.6424125870000239,45.067312782000045],[7.642725323000036,45.067435901000067],[7.6430330420000701,45.067565214000069],[7.6433355000000347,45.06770061800006],[7.6436324560000344,45.067842006000035],[7.6439236750000532,45.067989265000051],[7.6442089250000436,45.068142279000028],[7.6444879810000543,45.068300926000063],[7.6447606210000458,45.068465080000067],[7.6450266270000498,45.068634612000039],[7.6452857900000595,45.068809386000055],[7.6455379040000366,45.068989264000038],[7.6457827680000605,45.069174104000069],[7.6460201880000227,45.069363757000076],[7.6462499750000461,45.069558075000032],[7.6464719480000554,45.069756902000051],[7.6466859290000571,45.06996008200008],[7.6468917490000763,45.070167452000078],[7.6470892450000747,45.070378848000075],[7.6472782590000747,45.070594103000076],[7.6474586420000605,45.070813045000079],[7.647630250000077,45.07103550100004],[7.6477929470000277,45.071261294000067],[7.6479466040000261,45.071490245000064],[7.6480910990000552,45.071722173000069],[7.6482263170000238,45.071956893000049],[7.6483521500000506,45.07219421800005],[7.6484684980000566,45.072433962000048],[7.6485752700000376,45.072675932000038],[7.6486723800000505,45.072919938000041],[7.6487597500000675,45.073165786000061],[7.6488373130000582,45.073413280000068],[7.6489050050000742,45.073662224000032],[7.6489627730000507,45.073912420000056],[7.6490105710000762,45.074163671000065],[7.6490483600000516,45.074415775000034],[7.6490761120000457,45.074668534000068],[7.6490938030000279,45.074921747000076],[7.6491014200000222,45.075175212000033],[7.6490989550000563,45.075428728000077],[7.649086412000031,45.075682095000047],[7.6490638000000217,45.075935111000035],[7.6490311370000654,45.076187575000063],[7.648988447000022,45.076439287000028],[7.6489357670000686,45.076690046000067],[7.648873136000077,45.076939655000047],[7.6488006050000763,45.077187914000035],[7.6487182300000427,45.077434627000059],[7.6486260780000634,45.077679598000032],[7.6485242210000592,45.077922632000025],[7.6484127410000724,45.078163536000034],[7.6482917240000461,45.078402119000032],[7.6481612690000702,45.078638192000028],[7.648021477000043,45.078871567000078],[7.6478724590000411,45.079102059000036],[7.647714335000046,45.079329485000073],[7.6475472290000539,45.079553665000049],[7.6473712740000224,45.079774419000046],[7.6471866090000731,45.079991574000076],[7.646993382000062,45.080204957000035],[7.64679174500003,45.080414397000027],[7.6465818580000473,45.08061973000008],[7.6463638890000425,45.080820791000065],[7.6461380090000262,45.081017422000059],[7.6459043990000737,45.081209465000029],[7.6456632430000582,45.081396770000026],[7.6454147340000418,45.081579186000056],[7.645159068000055,45.081756569000049],[7.6448964480000541,45.081928778000076],[7.6446270830000458,45.082095677000041],[7.6443511870000407,45.082257132000052],[7.6440689790000533,45.082413016000032],[7.643780682000056,45.082563206000032],[7.6434865260000606,45.082707580000033],[7.6431867440000474,45.082846026000027],[7.6428815740000573,45.082978432000061],[7.6425712590000217,45.083104695000031],[7.6422560450000674,45.08322471300005],[7.6419361820000518,45.083338391000041],[7.6416119240000739,45.083445639000047],[7.6412835300000665,45.083546372000058],[7.6409512580000296,45.083640510000066],[7.6406153740000491,45.08372797800007],[7.6402761440000404,45.08380870700006],[7.6399338380000472,45.083882632000041],[7.6395887270000458,45.083949695000058],[7.6392410850000374,45.084009842000057],[7.6388911890000486,45.084063026000081],[7.638539316000049,45.084109205000061],[7.6381857460000333,45.084148341000059],[7.6378307590000531,45.084180404000051],[7.6374746380000715,45.084205369000074],[7.6371176660000515,45.084223215000065],[7.6367601250000234,45.08423392800006],[7.6364023000000429,45.084237500000029]]]},"properties":{"OBJECTID":8,"F_id":"node/496268558","gtfs_id":"51150010","name":"Monte Grappa","operator":"Gruppo Torinese Trasporti","public_transport":"station","railway":"station","ref":"8215","station":"subway","subway":"yes","wheelchair":"yes","wikidata":"Q3322544","wikipedia":"it:Monte Grappa (metropolitana di Torino)","start_date":"2006","emergency":null,"indoor":null,"addr_city":null,"addr_street":null,"GTT_Revised":null,"network":null,"defibrillator":null,"construction":null,"construction_railway":null,"BUFF_DIST":1000,"ORIG_FID":8,"Shape_Length":0.068659709375684705,"Shape_Area":0.00035894943800582194}},{"type":"Feature","id":9,"geometry":{"type":"Polygon","coordinates":[[[7.6291804000000525,45.08394000100003],[7.6288225770000508,45.083936429000062],[7.6284650380000585,45.083925715000078],[7.6281080670000279,45.083907869000029],[7.6277519480000251,45.083882905000053],[7.6273969640000701,45.083850842000061],[7.6270433950000438,45.083811705000073],[7.626691524000023,45.083765527000025],[7.6263416300000699,45.083712343000059],[7.6259939900000404,45.08365219500007],[7.6256488810000747,45.083585132000053],[7.6253065760000709,45.083511207000072],[7.6249673480000411,45.083430479000072],[7.62463146500005,45.083343011000068],[7.6242991960000381,45.083248873000059],[7.623970803000077,45.083148140000048],[7.6236465470000212,45.083040891000053],[7.6233266850000518,45.082927213000062],[7.6230114730000764,45.082807195000044],[7.6227011590000302,45.082680933000063],[7.6223959910000758,45.082548526000039],[7.6220962110000414,45.082410081000035],[7.6218020560000355,45.082265706000044],[7.6215137610000738,45.082115517000034],[7.6212315540000759,45.081959633000054],[7.6209556590000602,45.081798177000053],[7.6206862960000308,45.081631278000032],[7.6204236780000656,45.081459069000061],[7.6201680130000682,45.081281686000068],[7.6199195050000412,45.081099270000038],[7.619678350000072,45.080911966000031],[7.6194447410000521,45.080719922000071],[7.6192188630000715,45.080523291000077],[7.6190008940000666,45.080322230000036],[7.6187910090000628,45.080116897000039],[7.6185893730000203,45.079907457000047],[7.6183961470000554,45.079694074000031],[7.6182114830000387,45.079476920000047],[7.6180355290000534,45.079256165000061],[7.6178684240000507,45.079031986000075],[7.6177103000000557,45.078804560000037],[7.6175612840000326,45.07857406800008],[7.6174214920000622,45.07834069200004],[7.6172910370000295,45.078104619000044],[7.6171700220000389,45.077866036000046],[7.6170585410000626,45.077625132000037],[7.6169566850000479,45.077382098000044],[7.616864534000058,45.077137127000071],[7.6167821600000707,45.076890414000047],[7.61670962900007,45.076642155000059],[7.6166469980000215,45.076392546000079],[7.6165943180000681,45.07614178700004],[7.616551629000071,45.075890075000075],[7.6165189660000578,45.075637611000047],[7.6164963530000591,45.07538459500006],[7.6164838100000338,45.075131228000032],[7.6164813460000573,45.074877712000045],[7.6164889630000516,45.074624247000031],[7.6165066540000339,45.07437103400008],[7.6165344050000385,45.074118275000046],[7.6165721950000602,45.073866171000077],[7.6166199930000289,45.073614920000068],[7.6166777600000728,45.073364724000044],[7.6167454520000319,45.07311578000008],[7.6168230140000333,45.072868286000073],[7.6169103840000503,45.072622438000053],[7.6170074930000737,45.07237843200005],[7.6171142640000653,45.07213646200006],[7.6172306120000712,45.071896718000062],[7.6173564450000413,45.071659392000072],[7.6174916620000204,45.071424673000081],[7.6176361560000601,45.071192745000076],[7.6177898120000691,45.070963794000079],[7.6179525080000303,45.070738001000052],[7.6181241150000574,45.070515545000035],[7.6183044970000537,45.070296602000042],[7.6184935110000538,45.070081348000031],[7.6186910050000733,45.069869952000033],[7.6188968240000463,45.069662582000035],[7.619110805000048,45.069459402000064],[7.6193327760000216,45.069260575000044],[7.6195625620000556,45.069066257000031],[7.6197999810000283,45.068876603000035],[7.6200448430000733,45.06869176400005],[7.6202969560000611,45.068511886000067],[7.6205561170000351,45.068337112000052],[7.620822123000039,45.068167580000079],[7.6210947610000517,45.068003426000075],[7.6213738150000268,45.067844778000051],[7.6216590640000277,45.067691764000074],[7.6219502820000571,45.067544505000058],[7.6222472360000211,45.067403118000072],[7.6225496920000637,45.067267714000081],[7.6228574100000515,45.067138401000079],[7.6231701440000279,45.067015282000057],[7.6234876480000366,45.066898454000068],[7.6238096690000248,45.066788011000028],[7.6241359510000279,45.066684039000052],[7.6244662370000356,45.066586622000045],[7.6248002620000648,45.066495836000058],[7.6251377630000547,45.066411754000057],[7.6254784720000544,45.066334443000073],[7.6258221190000768,45.06626396300004],[7.6261684290000744,45.066200371000036],[7.6265171300000247,45.066143716000056],[7.6268679440000255,45.066094045000057],[7.6272205930000609,45.066051397000081],[7.6275747970000225,45.066015804000074],[7.6279302740000503,45.06598729600006],[7.6282867440000359,45.06596589600008],[7.6286439230000269,45.065951619000032],[7.6290015270000708,45.065944478000063],[7.6293592730000341,45.065944478000063],[7.6297168770000212,45.065951619000032],[7.630074056000069,45.06596589600008],[7.6304305260000547,45.06598729600006],[7.6307860030000256,45.066015804000074],[7.631140207000044,45.066051397000081],[7.6314928560000226,45.066094045000057],[7.6318436700000234,45.066143716000056],[7.6321923710000306,45.066200371000036],[7.6325386810000282,45.06626396300004],[7.6328823280000506,45.066334443000073],[7.6332230370000502,45.066411754000057],[7.6335605380000402,45.066495836000058],[7.6338945630000694,45.066586622000045],[7.6342248490000202,45.066684039000052],[7.6345511310000234,45.066788011000028],[7.6348731520000683,45.066898454000068],[7.6351906560000202,45.067015282000057],[7.6355033900000535,45.067138401000079],[7.6358111080000413,45.067267714000081],[7.6361135640000271,45.067403118000072],[7.6364105180000479,45.067544505000058],[7.6367017360000204,45.067691764000074],[7.6369869850000214,45.067844778000051],[7.6372660390000533,45.068003426000075],[7.6375386770000659,45.068167580000079],[7.6378046830000699,45.068337112000052],[7.6380638440000439,45.068511886000067],[7.6383159570000316,45.06869176400005],[7.6385608190000767,45.068876603000035],[7.6387982380000494,45.069066257000031],[7.6390280240000266,45.069260575000044],[7.639249995000057,45.069459402000064],[7.6394639760000587,45.069662582000035],[7.6396697950000316,45.069869952000033],[7.6398672890000512,45.070081348000031],[7.6400563030000512,45.070296602000042],[7.6402366850000476,45.070515545000035],[7.6404082920000747,45.070738001000052],[7.6405709880000359,45.070963794000079],[7.6407246440000449,45.071192745000076],[7.6408691380000278,45.071424673000081],[7.6410043550000637,45.071659392000072],[7.6411301880000337,45.071896718000062],[7.6412465360000397,45.07213646200006],[7.6413533070000312,45.07237843200005],[7.6414504160000547,45.072622438000053],[7.6415377860000717,45.072868286000073],[7.641615348000073,45.07311578000008],[7.6416830400000322,45.073364724000044],[7.6417408070000761,45.073614920000068],[7.6417886050000448,45.073866171000077],[7.6418263950000664,45.074118275000046],[7.6418541460000711,45.07437103400008],[7.6418718370000533,45.074624247000031],[7.6418794540000476,45.074877712000045],[7.6418769900000711,45.075131228000032],[7.6418644470000459,45.07538459500006],[7.6418418340000471,45.075637611000047],[7.641809171000034,45.075890075000075],[7.6417664820000368,45.07614178700004],[7.6417138020000266,45.076392546000079],[7.641651171000035,45.076642155000059],[7.6415786400000343,45.076890414000047],[7.6414962660000469,45.077137127000071],[7.6414041150000571,45.077382098000044],[7.6413022590000423,45.077625132000037],[7.6411907780000661,45.077866036000046],[7.6410697630000755,45.078104619000044],[7.6409393080000427,45.07834069200004],[7.6407995160000723,45.07857406800008],[7.6406505000000493,45.078804560000037],[7.6404923760000543,45.079031986000075],[7.6403252710000515,45.079256165000061],[7.6401493170000663,45.079476920000047],[7.6399646530000496,45.079694074000031],[7.6397714270000279,45.079907457000047],[7.6395697910000422,45.080116897000039],[7.6393599060000383,45.080322230000036],[7.6391419370000335,45.080523291000077],[7.6389160590000529,45.080719922000071],[7.638682450000033,45.080911966000031],[7.6384412950000637,45.081099270000038],[7.6381927870000368,45.081281686000068],[7.6379371220000394,45.081459069000061],[7.6376745040000742,45.081631278000032],[7.6374051410000448,45.081798177000053],[7.6371292460000291,45.081959633000054],[7.6368470390000311,45.082115517000034],[7.6365587440000695,45.082265706000044],[7.6362645890000636,45.082410081000035],[7.6359648090000292,45.082548526000039],[7.6356596410000748,45.082680933000063],[7.6353493270000286,45.082807195000044],[7.6350341150000531,45.082927213000062],[7.6347142530000269,45.083040891000053],[7.634389997000028,45.083148140000048],[7.6340616040000668,45.083248873000059],[7.633729335000055,45.083343011000068],[7.6333934520000639,45.083430479000072],[7.6330542240000341,45.083511207000072],[7.6327119190000303,45.083585132000053],[7.6323668100000646,45.08365219500007],[7.632019170000035,45.083712343000059],[7.6316692760000251,45.083765527000025],[7.6313174050000612,45.083811705000073],[7.6309638360000349,45.083850842000061],[7.630608852000023,45.083882905000053],[7.6302527330000203,45.083907869000029],[7.6298957620000465,45.083925715000078],[7.6295382230000541,45.083936429000062],[7.6291804000000525,45.08394000100003]]]},"properties":{"OBJECTID":9,"F_id":"node/496268559","gtfs_id":"50980013","name":"Pozzo Strada","operator":"Gruppo Torinese Trasporti","public_transport":"station","railway":"station","ref":"8214","station":"subway","subway":"yes","wheelchair":"yes","wikidata":"Q3401039","wikipedia":"it:Pozzo Strada (metropolitana di Torino)","start_date":"2006","emergency":null,"indoor":null,"addr_city":null,"addr_street":null,"GTT_Revised":null,"network":null,"defibrillator":null,"construction":null,"construction_railway":null,"BUFF_DIST":1000,"ORIG_FID":9,"Shape_Length":0.068659487536880504,"Shape_Area":0.00035894759549041808}},{"type":"Feature","id":10,"geometry":{"type":"Polygon","coordinates":[[[7.620140000000049,45.083567001000063],[7.6197821790000262,45.083563429000037],[7.6194246430000589,45.083552716000042],[7.619067674000064,45.083534870000051],[7.6187115580000295,45.083509906000074],[7.6183565750000639,45.083477842000036],[7.6180030090000628,45.083438706000038],[7.6176511410000671,45.083392527000058],[7.6173012480000466,45.083339343000034],[7.6169536110000422,45.083279196000035],[7.6166085040000553,45.083212133000075],[7.6162662010000304,45.083138208000037],[7.6159269750000362,45.083057479000047],[7.6155910950000703,45.082970011000043],[7.6152588280000373,45.082875873000035],[7.6149304360000656,45.082775140000081],[7.6146061830000349,45.082667892000075],[7.6142863230000444,45.082554214000027],[7.6139711130000478,45.082434196000065],[7.6136608020000267,45.082307933000038],[7.6133556350000617,45.082175527000061],[7.613055857000063,45.082037081000067],[7.6127617040000359,45.081892706000076],[7.6124734110000531,45.081742517000066],[7.6121912060000341,45.081586633000029],[7.6119153130000541,45.081425178000075],[7.6116459510000709,45.081258279000053],[7.6113833350000277,45.081086070000026],[7.6111276710000766,45.080908686000043],[7.6108791650000285,45.080726270000071],[7.6106380120000381,45.080538966000063],[7.6104044050000539,45.080346922000047],[7.6101785280000627,45.080150292000042],[7.6099605610000367,45.079949230000068],[7.6097506770000223,45.079743898000061],[7.609549042000026,45.079534457000079],[7.6093558170000506,45.079321075000053],[7.6091711540000233,45.07910392000008],[7.6089952020000737,45.078883165000036],[7.608828097000071,45.07865898600005],[7.6086699750000548,45.07843156000007],[7.6085209590000318,45.078201068000055],[7.6083811690000402,45.077967693000062],[7.6082507150000538,45.077731620000066],[7.6081297000000632,45.077493036000078],[7.6080182200000763,45.077252132000069],[7.607916365000051,45.077009098000076],[7.6078242140000611,45.076764127000047],[7.6077418400000738,45.076517414000079],[7.6076693100000625,45.076269155000034],[7.6076066800000604,45.076019546000055],[7.6075540000000501,45.075768787000072],[7.607511311000053,45.07551707500005],[7.6074786480000398,45.07526461100008],[7.6074560360000305,45.075011595000035],[7.6074434930000621,45.074758228000064],[7.6074410290000287,45.074504712000078],[7.6074486450000336,45.074251247000063],[7.6074663360000727,45.073998034000056],[7.6074940880000668,45.073745275000078],[7.6075318770000422,45.073493171000052],[7.6075796740000214,45.073241920000044],[7.6076374420000548,45.072991724000076],[7.6077051330000245,45.072742780000056],[7.6077826940000364,45.072495286000049],[7.6078700640000534,45.072249438000028],[7.6079671730000769,45.072005432000026],[7.6080739430000222,45.071763461000046],[7.6081902900000387,45.071523718000037],[7.6083161220000761,45.071286392000047],[7.6084513380000658,45.071051672000067],[7.6085958310000592,45.070819745000051],[7.608749486000022,45.070590794000054],[7.6089121810000506,45.070365000000038],[7.6090837870000314,45.070142544000078],[7.6092641680000384,45.069923602000074],[7.6094531800000595,45.069708348000063],[7.6096506740000223,45.069496951000076],[7.6098564910000732,45.069289581000078],[7.6100704700000392,45.069086402000039],[7.6102924400000234,45.06888757400003],[7.6105222250000679,45.068693257000064],[7.6107596420000618,45.068503603000067],[7.6110045030000606,45.068318764000026],[7.6112566130000232,45.068138886000042],[7.6115157730000647,45.067964111000038],[7.6117817770000329,45.067794580000054],[7.6120544140000561,45.067630425000061],[7.6123334660000523,45.067471778000026],[7.6126187130000744,45.067318764000049],[7.6129099290000681,45.067171505000033],[7.6132068810000533,45.067030117000058],[7.6135093350000602,45.066894713000067],[7.6138170510000691,45.066765400000065],[7.6141297830000667,45.066642281000043],[7.6144472850000398,45.066525454000043],[7.614769304000049,45.066415010000071],[7.6150955840000734,45.066311039000027],[7.6154258670000559,45.066213622000078],[7.6157598910000388,45.066122836000034],[7.6160973900000499,45.066038754000033],[7.6164380960000244,45.065961442000059],[7.6167817400000217,45.065890962000026],[7.6171280490000299,45.065827370000079],[7.6174767470000688,45.065770716000031],[7.6178275590000339,45.065721045000032],[7.6181802060000336,45.065678396000067],[7.6185344070000269,45.065642804000049],[7.6188898820000759,45.065614296000035],[7.6192463500000258,45.065592895000066],[7.6196035260000485,45.065578618000075],[7.6199611280000568,45.065571477000049],[7.6203188720000412,45.065571477000049],[7.6206764740000494,45.065578618000075],[7.6210336500000722,45.065592895000066],[7.6213901180000221,45.065614296000035],[7.621745593000071,45.065642804000049],[7.6220997940000643,45.065678396000067],[7.622452441000064,45.065721045000032],[7.6228032530000291,45.065770716000031],[7.623151951000068,45.065827370000079],[7.6234982600000762,45.065890962000026],[7.6238419040000736,45.065961442000059],[7.624182610000048,45.066038754000033],[7.6245201090000592,45.066122836000034],[7.6248541330000421,45.066213622000078],[7.6251844160000246,45.066311039000027],[7.6255106960000489,45.066415010000071],[7.6258327150000582,45.066525454000043],[7.6261502170000313,45.066642281000043],[7.6264629490000289,45.066765400000065],[7.6267706650000378,45.066894713000067],[7.6270731190000447,45.067030117000058],[7.6273700710000298,45.067171505000033],[7.6276612870000235,45.067318764000049],[7.6279465340000456,45.067471778000026],[7.6282255860000419,45.067630425000061],[7.6284982230000651,45.067794580000054],[7.6287642270000333,45.067964111000038],[7.6290233870000748,45.068138886000042],[7.6292754970000374,45.068318764000026],[7.6295203580000361,45.068503603000067],[7.6297577750000301,45.068693257000064],[7.6299875600000746,45.06888757400003],[7.6302095300000587,45.069086402000039],[7.6304235090000248,45.069289581000078],[7.6306293260000757,45.069496951000076],[7.6308268200000384,45.069708348000063],[7.6310158320000596,45.069923602000074],[7.6311962130000666,45.070142544000078],[7.6313678190000473,45.070365000000038],[7.631530514000076,45.070590794000054],[7.6316841690000388,45.070819745000051],[7.6318286620000322,45.071051672000067],[7.6319638780000219,45.071286392000047],[7.6320897100000593,45.071523718000037],[7.6322060570000758,45.071763461000046],[7.6323128270000211,45.072005432000026],[7.6324099360000446,45.072249438000028],[7.6324973060000616,45.072495286000049],[7.6325748670000735,45.072742780000056],[7.6326425580000432,45.072991724000076],[7.6327003260000765,45.073241920000044],[7.6327481230000558,45.073493171000052],[7.6327859120000312,45.073745275000078],[7.6328136640000253,45.073998034000056],[7.6328313550000644,45.074251247000063],[7.6328389710000693,45.074504712000078],[7.6328365070000359,45.074758228000064],[7.6328239640000675,45.075011595000035],[7.6328013520000582,45.07526461100008],[7.632768689000045,45.07551707500005],[7.6327260000000479,45.075768787000072],[7.6326733200000376,45.076019546000055],[7.6326106900000354,45.076269155000034],[7.6325381600000242,45.076517414000079],[7.6324557860000368,45.076764127000047],[7.632363635000047,45.077009098000076],[7.6322617800000216,45.077252132000069],[7.6321503000000348,45.077493036000078],[7.6320292850000442,45.077731620000066],[7.6318988310000577,45.077967693000062],[7.6317590410000662,45.078201068000055],[7.6316100250000432,45.07843156000007],[7.631451903000027,45.07865898600005],[7.6312847980000242,45.078883165000036],[7.6311088460000747,45.07910392000008],[7.6309241830000474,45.079321075000053],[7.630730958000072,45.079534457000079],[7.6305293230000757,45.079743898000061],[7.6303194390000613,45.079949230000068],[7.6301014720000353,45.080150292000042],[7.6298755950000441,45.080346922000047],[7.6296419880000599,45.080538966000063],[7.6294008350000695,45.080726270000071],[7.6291523290000214,45.080908686000043],[7.6288966650000702,45.081086070000026],[7.6286340490000271,45.081258279000053],[7.6283646870000439,45.081425178000075],[7.6280887940000639,45.081586633000029],[7.6278065890000448,45.081742517000066],[7.627518296000062,45.081892706000076],[7.6272241430000349,45.082037081000067],[7.6269243650000362,45.082175527000061],[7.6266191980000713,45.082307933000038],[7.6263088870000502,45.082434196000065],[7.6259936770000536,45.082554214000027],[7.6256738170000631,45.082667892000075],[7.6253495640000324,45.082775140000081],[7.6250211720000607,45.082875873000035],[7.6246889050000277,45.082970011000043],[7.6243530250000617,45.083057479000047],[7.6240137990000676,45.083138208000037],[7.6236714960000427,45.083212133000075],[7.6233263890000558,45.083279196000035],[7.6229787520000514,45.083339343000034],[7.6226288590000308,45.083392527000058],[7.6222769910000352,45.083438706000038],[7.6219234250000341,45.083477842000036],[7.6215684420000684,45.083509906000074],[7.621212326000034,45.083534870000051],[7.620855357000039,45.083552716000042],[7.6204978210000718,45.083563429000037],[7.620140000000049,45.083567001000063]]]},"properties":{"OBJECTID":10,"F_id":"node/496268560","gtfs_id":"50828020","name":"Massaua","operator":"Gruppo Torinese Trasporti","public_transport":"station","railway":"station","ref":"8213","station":"subway","subway":"yes","wheelchair":"yes","wikidata":"Q3297540","wikipedia":"it:Massaua (metropolitana di Torino)","start_date":"2006","emergency":null,"indoor":null,"addr_city":"Torino","addr_street":"Piazza Massaua","GTT_Revised":null,"network":null,"defibrillator":null,"construction":null,"construction_railway":null,"BUFF_DIST":1000,"ORIG_FID":10,"Shape_Length":0.068659209060518575,"Shape_Area":0.00035894528073249985}},{"type":"Feature","id":11,"geometry":{"type":"Polygon","coordinates":[[[7.6147998000000712,45.083351702000073],[7.6144419810000272,45.083348130000047],[7.61408444500006,45.083337416000063],[7.6137274780000439,45.083319570000072],[7.6133713630000557,45.083294606000038],[7.6130163820000689,45.083262543000046],[7.6126628170000572,45.083223406000059],[7.612310950000051,45.083177228000068],[7.6119610590000661,45.083124043000055],[7.6116134230000512,45.083063896000056],[7.6112683170000537,45.082996833000038],[7.6109260160000645,45.082922908000057],[7.6105867910000597,45.082842180000057],[7.6102509120000263,45.082754712000053],[7.6099186460000396,45.082660574000045],[7.6095902560000468,45.082559841000034],[7.6092660030000729,45.082452592000038],[7.6089461450000613,45.082338914000047],[7.6086309360000541,45.082218896000029],[7.6083206260000225,45.082092634000048],[7.6080154610000363,45.081960227000081],[7.6077156840000271,45.081821781000031],[7.6074215320000462,45.081677407000029],[7.6071332400000529,45.081527218000076],[7.6068510360000232,45.08137133300005],[7.6065751440000327,45.081209878000038],[7.6063057830000389,45.081042979000074],[7.6060431670000526,45.080870770000047],[7.6057875050000234,45.080693387000053],[7.6055390000000216,45.080510971000081],[7.6052978480000206,45.080323666000027],[7.6050642410000364,45.080131623000057],[7.6048383650000346,45.079934992000062],[7.6046203990000549,45.079733931000078],[7.6044105160000299,45.079528598000081],[7.6042088820000231,45.079319157000043],[7.6040156570000477,45.079105775000073],[7.6038309960000561,45.078888620000043],[7.6036550430000602,45.078667865000057],[7.6034879400000364,45.078443686000071],[7.603329818000077,45.078216260000033],[7.6031808030000434,45.077985768000076],[7.6030410130000519,45.077752393000026],[7.6029105590000654,45.077516320000029],[7.6027895450000642,45.077277736000042],[7.6026780660000668,45.077036832000033],[7.6025762110000414,45.07679379800004],[7.6024840600000516,45.076548827000067],[7.6024016870000537,45.076302114000043],[7.6023291570000424,45.076053855000055],[7.6022665270000402,45.075804246000075],[7.60221384700003,45.075553487000036],[7.6021711590000223,45.075301775000071],[7.602138496000066,45.075049311000043],[7.6021158840000567,45.074796295000056],[7.6021033410000314,45.074542928000028],[7.6021008770000549,45.074289412000041],[7.6021084930000598,45.074035947000027],[7.602126184000042,45.073782734000076],[7.6021539350000467,45.073529975000042],[7.6021917240000221,45.073277870000027],[7.6022395210000582,45.073026620000064],[7.6022972890000347,45.07277642400004],[7.6023649800000612,45.072527480000076],[7.6024425410000731,45.072279986000069],[7.6025299100000439,45.072034138000049],[7.6026270180000211,45.071790132000046],[7.6027337880000232,45.071548161000067],[7.6028501350000397,45.071308418000058],[7.6029759660000309,45.071071092000068],[7.6031111820000206,45.070836372000031],[7.6032556740000246,45.070604445000072],[7.6034093290000442,45.070375493000029],[7.6035720230000265,45.070149700000059],[7.6037436290000642,45.069927244000041],[7.6039240090000249,45.069708302000038],[7.6041130200000566,45.069493047000037],[7.6043105130000299,45.06928165100004],[7.604516330000024,45.069074281000042],[7.6047303080000574,45.06887110200006],[7.6049522770000522,45.06867227400005],[7.6051820610000505,45.068477956000038],[7.6054194770000549,45.068288303000031],[7.6056643370000643,45.068103463000057],[7.6059164470000269,45.067923585000074],[7.6061756060000221,45.067748811000058],[7.6064416090000577,45.067579279000029],[7.6067142440000453,45.067415125000025],[7.6069932950000521,45.067256478000047],[7.6072785410000279,45.06710346400007],[7.6075697560000322,45.066956204000064],[7.6078667070000279,45.066814817000079],[7.6081691600000454,45.066679413000031],[7.6084768740000754,45.066550100000029],[7.608789606000073,45.066426981000063],[7.6091071060000672,45.066310153000074],[7.6094291240000302,45.066199710000035],[7.6097554030000651,45.066095738000058],[7.6100856850000582,45.065998321000052],[7.6104197070000623,45.065907536000054],[7.6107572050000272,45.065823454000054],[7.6110979100000691,45.06574614200008],[7.611441553000077,45.065675662000046],[7.6117878600000495,45.065612070000043],[7.6121365570000421,45.065555416000052],[7.6124873680000746,45.065505744000063],[7.6128400130000387,45.06546309600003],[7.6131942130000425,45.06542750300008],[7.6135496870000452,45.065398995000066],[7.6139061530000731,45.065377595000029],[7.6142633280000496,45.065363318000038],[7.6146209290000684,45.065356177000069],[7.614978671000074,45.065356177000069],[7.6153362720000359,45.065363318000038],[7.6156934470000692,45.065377595000029],[7.6160499130000403,45.065398995000066],[7.616405387000043,45.06542750300008],[7.6167595870000468,45.06546309600003],[7.6171122320000677,45.065505744000063],[7.6174630430000434,45.065555416000052],[7.617811740000036,45.065612070000043],[7.6181580470000654,45.065675662000046],[7.6185016900000733,45.06574614200008],[7.6188423950000583,45.065823454000054],[7.6191798930000232,45.065907536000054],[7.6195139150000273,45.065998321000052],[7.6198441970000204,45.066095738000058],[7.6201704760000553,45.066199710000035],[7.6204924940000751,45.066310153000074],[7.6208099940000693,45.066426981000063],[7.6211227260000669,45.066550100000029],[7.6214304400000401,45.066679413000031],[7.6217328930000576,45.066814817000079],[7.6220298440000533,45.066956204000064],[7.6223210590000576,45.06710346400007],[7.6226063050000334,45.067256478000047],[7.6228853560000402,45.067415125000025],[7.6231579910000278,45.067579279000029],[7.6234239940000634,45.067748811000058],[7.6236831530000586,45.067923585000074],[7.6239352630000212,45.068103463000057],[7.6241801230000306,45.068288303000031],[7.624417539000035,45.068477956000038],[7.6246473230000333,45.06867227400005],[7.6248692920000281,45.06887110200006],[7.6250832700000615,45.069074281000042],[7.6252890870000556,45.06928165100004],[7.6254865800000289,45.069493047000037],[7.6256755910000606,45.069708302000038],[7.6258559710000213,45.069927244000041],[7.626027577000059,45.070149700000059],[7.6261902710000413,45.070375493000029],[7.6263439260000609,45.070604445000072],[7.6264884180000649,45.070836372000031],[7.6266236340000546,45.071071092000068],[7.6267494650000458,45.071308418000058],[7.6268658120000623,45.071548161000067],[7.6269725820000644,45.071790132000046],[7.6270696900000416,45.072034138000049],[7.6271570590000692,45.072279986000069],[7.6272346200000243,45.072527480000076],[7.6273023110000508,45.07277642400004],[7.6273600790000273,45.073026620000064],[7.6274078760000634,45.073277870000027],[7.6274456650000388,45.073529975000042],[7.6274734160000435,45.073782734000076],[7.6274911070000257,45.074035947000027],[7.6274987230000306,45.074289412000041],[7.6274962590000541,45.074542928000028],[7.6274837160000288,45.074796295000056],[7.6274611040000764,45.075049311000043],[7.6274284410000632,45.075301775000071],[7.6273857530000555,45.075553487000036],[7.6273330730000453,45.075804246000075],[7.6272704430000431,45.076053855000055],[7.6271979130000318,45.076302114000043],[7.6271155400000339,45.076548827000067],[7.6270233890000441,45.07679379800004],[7.6269215340000756,45.077036832000033],[7.6268100550000213,45.077277736000042],[7.6266890410000769,45.077516320000029],[7.6265585870000336,45.077752393000026],[7.6264187970000421,45.077985768000076],[7.6262697820000653,45.078216260000033],[7.6261116600000491,45.078443686000071],[7.6259445570000253,45.078667865000057],[7.6257686040000294,45.078888620000043],[7.6255839430000378,45.079105775000073],[7.6253907180000624,45.079319157000043],[7.6251890840000556,45.079528598000081],[7.6249792010000306,45.079733931000078],[7.6247612350000509,45.079934992000062],[7.6245353590000491,45.080131623000057],[7.6243017520000649,45.080323666000027],[7.6240606000000639,45.080510971000081],[7.6238120950000621,45.080693387000053],[7.6235564330000329,45.080870770000047],[7.6232938170000466,45.081042979000074],[7.6230244560000529,45.081209878000038],[7.6227485640000623,45.08137133300005],[7.6224663600000326,45.081527218000076],[7.6221780680000393,45.081677407000029],[7.6218839160000584,45.081821781000031],[7.6215841390000492,45.081960227000081],[7.621278974000063,45.082092634000048],[7.6209686640000314,45.082218896000029],[7.6206534550000242,45.082338914000047],[7.6203335970000694,45.082452592000038],[7.6200093440000387,45.082559841000034],[7.6196809540000459,45.082660574000045],[7.6193486880000592,45.082754712000053],[7.6190128090000258,45.082842180000057],[7.618673584000021,45.082922908000057],[7.6183312830000318,45.082996833000038],[7.6179861770000343,45.083063896000056],[7.6176385410000762,45.083124043000055],[7.6172886500000345,45.083177228000068],[7.6169367830000283,45.083223406000059],[7.6165832180000734,45.083262543000046],[7.6162282370000298,45.083294606000038],[7.6158721220000416,45.083319570000072],[7.6155151550000255,45.083337416000063],[7.6151576190000583,45.083348130000047],[7.6147998000000712,45.083351702000073]]]},"properties":{"OBJECTID":11,"F_id":"node/496268561","gtfs_id":"50740021","name":"Marche","operator":"Gruppo Torinese Trasporti","public_transport":"station","railway":"station","ref":"8212","station":"subway","subway":"yes","wheelchair":"yes","wikidata":"Q3289709","wikipedia":"it:Marche (metropolitana di Torino)","start_date":"2006","emergency":null,"indoor":null,"addr_city":null,"addr_street":null,"GTT_Revised":null,"network":null,"defibrillator":null,"construction":null,"construction_railway":null,"BUFF_DIST":1000,"ORIG_FID":11,"Shape_Length":0.068659048554050833,"Shape_Area":0.00035894394840149625}},{"type":"Feature","id":12,"geometry":{"type":"Polygon","coordinates":[[[7.6663568000000737,45.076288813000076],[7.665999025000076,45.076285241000051],[7.6656415340000308,45.076274527000066],[7.6652846100000716,45.076256681000075],[7.6649285390000728,45.076231717000041],[7.6645736020000754,45.07619965400005],[7.6642200810000531,45.076160517000062],[7.6638682570000469,45.076114339000071],[7.6635184090000621,45.076061154000058],[7.6631708150000577,45.076001007000059],[7.6628257520000602,45.075933944000042],[7.6624834930000247,45.075860019000061],[7.6621443100000306,45.075779290000071],[7.6618084730000646,45.075691822000067],[7.6614762470000528,45.075597684000059],[7.6611478980000243,45.075496951000048],[7.6608236850000253,45.075389702000052],[7.6605038670000454,45.075276024000061],[7.6601886960000343,45.075156006000043],[7.6598784240000555,45.075029743000073],[7.6595732970000654,45.074897336000049],[7.6592735560000733,45.074758891000045],[7.6589794410000422,45.074614516000054],[7.6586911840000766,45.074464327000044],[7.6584090150000748,45.074308442000074],[7.6581331570000657,45.074146986000073],[7.657863829000064,45.073980088000042],[7.6576012460000698,45.073807878000025],[7.6573456150000538,45.073630495000032],[7.6570971400000758,45.073448078000069],[7.6568560180000418,45.073260774000062],[7.6566224400000351,45.073068730000045],[7.6563965920000214,45.072872099000051],[7.6561786530000404,45.072671037000077],[7.6559687950000352,45.07246570500007],[7.6557671860000482,45.072256264000032],[7.6555739860000358,45.072042881000073],[7.6553893470000389,45.071825726000043],[7.6552134160000378,45.071604971000056],[7.6550463330000298,45.071380791000081],[7.6548882310000295,45.071153365000043],[7.6547392340000329,45.070922873000029],[7.6545994610000321,45.070689497000046],[7.6544690240000364,45.07045342400005],[7.6543480240000576,45.070214840000062],[7.6542365590000259,45.069973936000054],[7.6541347160000441,45.069730901000071],[7.6540425770000411,45.069485930000042],[7.6539602140000511,45.069239217000074],[7.6538876930000583,45.06899095700004],[7.6538250710000284,45.06874134800006],[7.6537723970000684,45.068490588000031],[7.6537297140000646,45.068238876000066],[7.653697055000066,45.067986412000039],[7.653674446000025,45.067733396000051],[7.653661904000046,45.06748002900008],[7.6536594400000695,45.067226512000047],[7.6536670560000744,45.066973046000044],[7.6536847450000209,45.066719834000025],[7.6537124920000679,45.066467074000059],[7.6537502770000287,45.066214969000043],[7.6537980680000715,45.065963719000081],[7.6538558280000757,45.065713522000067],[7.6539235110000732,45.065464578000046],[7.6540010620000203,45.06521708300005],[7.6540884210000399,45.06497123500003],[7.6541855170000304,45.064727229000027],[7.6542922740000563,45.064485258000047],[7.6544086060000609,45.064245514000049],[7.6545344220000402,45.064008188000059],[7.6546696210000391,45.063773468000079],[7.6548140960000524,45.063541540000074],[7.6549677310000561,45.063312589000077],[7.6551304060000689,45.063086795000061],[7.655301990000055,45.062864339000043],[7.6554823480000209,45.06264539600005],[7.6556713360000685,45.06243014100005],[7.6558688050000683,45.062218745000052],[7.6560745960000531,45.062011375000054],[7.6562885480000205,45.061808195000026],[7.6565104890000271,45.061609367000074],[7.6567402450000372,45.061415049000061],[7.6569776320000642,45.061225395000065],[7.6572224620000497,45.06104055600008],[7.657474541000056,45.060860677000051],[7.6577336680000485,45.060685903000035],[7.6579996380000352,45.060516371000062],[7.6582722390000413,45.060352216000069],[7.6585512560000666,45.060193569000035],[7.6588364670000715,45.060040555000057],[7.6591276460000586,45.059893295000052],[7.6594245610000371,45.059751907000077],[7.6597269760000586,45.059616503000029],[7.6600346530000252,45.059487190000027],[7.6603473460000373,45.059364071000061],[7.660664807000046,45.059247243000073],[7.6609867850000342,45.059136800000033],[7.6613130240000373,45.059032828000056],[7.6616432650000661,45.05893541100005],[7.661977246000049,45.058844625000063],[7.6623147030000496,45.058760543000062],[7.6626553660000241,45.058683231000032],[7.6629989660000319,45.058612751000055],[7.6633452310000507,45.058549159000052],[7.6636938850000433,45.058492505000061],[7.6640446520000296,45.058442833000072],[7.6643972540000505,45.058400185000039],[7.6647514110000543,45.058364592000032],[7.6651068410000676,45.058336084000075],[7.6654632630000492,45.058314684000038],[7.6658203940000362,45.058300407000047],[7.6661779510000656,45.058293266000078],[7.6665356490000249,45.058293266000078],[7.6668932060000543,45.058300407000047],[7.6672503370000413,45.058314684000038],[7.667606759000023,45.058336084000075],[7.6679621890000362,45.058364592000032],[7.6683163460000401,45.058400185000039],[7.6686689480000609,45.058442833000072],[7.6690197150000472,45.058492505000061],[7.6693683690000398,45.058549159000052],[7.6697146340000586,45.058612751000055],[7.6700582340000665,45.058683231000032],[7.670398897000041,45.058760543000062],[7.6707363540000415,45.058844625000063],[7.6710703350000244,45.05893541100005],[7.6714005760000532,45.059032828000056],[7.6717268150000564,45.059136800000033],[7.6720487930000445,45.059247243000073],[7.6723662540000532,45.059364071000061],[7.6726789470000654,45.059487190000027],[7.672986624000032,45.059616503000029],[7.6732890390000534,45.059751907000077],[7.673585954000032,45.059893295000052],[7.6738771330000759,45.060040555000057],[7.6741623440000239,45.060193569000035],[7.6744413610000493,45.060352216000069],[7.6747139620000553,45.060516371000062],[7.674979932000042,45.060685903000035],[7.6752390590000346,45.060860677000051],[7.6754911380000408,45.06104055600008],[7.6757359680000263,45.061225395000065],[7.6759733550000533,45.061415049000061],[7.6762031110000635,45.061609367000074],[7.6764250520000701,45.061808195000026],[7.6766390040000374,45.062011375000054],[7.6768447950000223,45.062218745000052],[7.677042264000022,45.06243014100005],[7.6772312520000696,45.06264539600005],[7.6774116100000356,45.062864339000043],[7.6775831940000216,45.063086795000061],[7.6777458690000344,45.063312589000077],[7.6778995040000382,45.063541540000074],[7.6780439790000514,45.063773468000079],[7.6781791780000503,45.064008188000059],[7.6783049940000296,45.064245514000049],[7.6784213260000342,45.064485258000047],[7.6785280830000602,45.064727229000027],[7.6786251790000506,45.06497123500003],[7.6787125380000703,45.06521708300005],[7.6787900890000742,45.065464578000046],[7.6788577720000717,45.065713522000067],[7.6789155320000759,45.065963719000081],[7.6789633230000618,45.066214969000043],[7.6790011080000227,45.066467074000059],[7.6790288550000696,45.066719834000025],[7.679046544000073,45.066973046000044],[7.6790541600000211,45.067226512000047],[7.6790516960000446,45.06748002900008],[7.6790391540000655,45.067733396000051],[7.6790165450000245,45.067986412000039],[7.6789838860000259,45.068238876000066],[7.6789412030000221,45.068490588000031],[7.6788885290000621,45.06874134800006],[7.6788259070000322,45.06899095700004],[7.6787533860000394,45.069239217000074],[7.6786710230000494,45.069485930000042],[7.6785788840000464,45.069730901000071],[7.6784770410000647,45.069973936000054],[7.6783655760000329,45.070214840000062],[7.6782445760000542,45.07045342400005],[7.6781141390000585,45.070689497000046],[7.6779743660000577,45.070922873000029],[7.6778253690000611,45.071153365000043],[7.6776672670000607,45.071380791000081],[7.6775001840000527,45.071604971000056],[7.6773242530000516,45.071825726000043],[7.6771396140000547,45.072042881000073],[7.6769464140000423,45.072256264000032],[7.6767448050000553,45.07246570500007],[7.6765349470000501,45.072671037000077],[7.6763170080000691,45.072872099000051],[7.6760911600000554,45.073068730000045],[7.6758575820000488,45.073260774000062],[7.6756164600000716,45.073448078000069],[7.6753679850000367,45.073630495000032],[7.6751123540000208,45.073807878000025],[7.6748497710000265,45.073980088000042],[7.6745804430000248,45.074146986000073],[7.6743045850000726,45.074308442000074],[7.6740224160000707,45.074464327000044],[7.6737341590000483,45.074614516000054],[7.6734400440000741,45.074758891000045],[7.6731403030000251,45.074897336000049],[7.6728351760000351,45.075029743000073],[7.6725249040000563,45.075156006000043],[7.6722097330000452,45.075276024000061],[7.6718899150000652,45.075389702000052],[7.6715657020000663,45.075496951000048],[7.6712373530000377,45.075597684000059],[7.6709051270000259,45.075691822000067],[7.6705692900000599,45.075779290000071],[7.6702301070000658,45.075860019000061],[7.6698878480000303,45.075933944000042],[7.6695427850000328,45.076001007000059],[7.6691951910000284,45.076061154000058],[7.6688453430000436,45.076114339000071],[7.6684935190000374,45.076160517000062],[7.668139998000072,45.07619965400005],[7.6677850610000746,45.076231717000041],[7.6674289900000758,45.076256681000075],[7.6670720660000597,45.076274527000066],[7.6667145750000714,45.076285241000051],[7.6663568000000737,45.076288813000076]]]},"properties":{"OBJECTID":12,"F_id":"node/543360161","gtfs_id":"56662001","name":"Vinzaglio","operator":"Gruppo Torinese Trasporti","public_transport":"station","railway":"station","ref":"8222","station":"subway","subway":"yes","wheelchair":"yes","wikidata":"Q3560330","wikipedia":"it:Vinzaglio (metropolitana di Torino)","start_date":"2007","emergency":null,"indoor":null,"addr_city":null,"addr_street":null,"GTT_Revised":null,"network":null,"defibrillator":null,"construction":null,"construction_railway":null,"BUFF_DIST":1000,"ORIG_FID":12,"Shape_Length":0.068653783055727197,"Shape_Area":0.00035890019180216621}},{"type":"Feature","id":13,"geometry":{"type":"Polygon","coordinates":[[[7.6728829000000474,45.055901945000073],[7.6725252520000709,45.055898373000048],[7.6721678880000468,45.055887660000053],[7.6718110920000413,45.055869814000062],[7.6714551470000742,45.055844849000039],[7.6711003350000624,45.055812786000047],[7.6707469400000718,45.055773649000059],[7.6703952410000511,45.055727470000079],[7.6700455180000517,45.055674286000055],[7.669698047000054,45.055614138000067],[7.6693531070000631,45.05554707500005],[7.6690109690000554,45.055473150000068],[7.6686719070000322,45.055392421000079],[7.6683361890000583,45.055304952000029],[7.6680040820000386,45.055210814000077],[7.6676758490000338,45.055110080000077],[7.6673517510000693,45.055002832000071],[7.6670320470000206,45.054889153000033],[7.6667169880000756,45.054769134000026],[7.6664068260000704,45.054642871000055],[7.666101807000075,45.054510464000032],[7.6658021740000208,45.054372018000038],[7.6655081630000268,45.054227642000058],[7.6652200080000625,45.054077452000058],[7.6649379390000263,45.053921568000078],[7.6646621790000609,45.053760111000031],[7.6643929470000671,45.053593212000067],[7.6641304570000557,45.05342100200005],[7.6638749180000332,45.053243618000067],[7.663626531000034,45.053061201000048],[7.6633854940000674,45.052873895000062],[7.6631519990000356,45.052681851000045],[7.6629262310000286,45.052485219000062],[7.6627083690000291,45.052284157000031],[7.6624985870000728,45.052078823000045],[7.6622970490000739,45.051869382000064],[7.6621039170000245,45.051655998000058],[7.6619193440000686,45.051438843000028],[7.6617434760000265,45.051218087000052],[7.6615764520000766,45.050993906000031],[7.6614184060000525,45.05076647900006],[7.6612694620000639,45.050535986000057],[7.6611297390000459,45.050302610000074],[7.660999347000029,45.050066536000031],[7.6608783910000398,45.049827951000054],[7.6607669650000503,45.049587046000056],[7.6606651590000752,45.049344010000027],[7.6605730520000748,45.049099039000055],[7.6604907180000623,45.048852324000052],[7.660418223000022,45.048604064000074],[7.6603556230000436,45.048354454000048],[7.6603029680000532,45.04810369300003],[7.6602603000000613,45.047851980000075],[7.6602276530000495,45.047599515000059],[7.6602050510000481,45.047346498000081],[7.6601925140000731,45.047093130000064],[7.6601900510000291,45.046839612000042],[7.6601976640000657,45.046586146000038],[7.6602153470000758,45.046332932000041],[7.6602430840000579,45.046080172000075],[7.6602808550000532,45.04582806600007],[7.6603286300000377,45.045576814000071],[7.6603863690000367,45.045326617000057],[7.6604540280000606,45.045077672000048],[7.6605315520000659,45.044830176000062],[7.660618879000026,45.044584328000042],[7.6607159410000349,45.04434032000006],[7.6608226600000648,45.044098348000034],[7.6609389510000483,45.043858604000036],[7.6610647220000487,45.043621277000057],[7.6611998730000437,45.04338655600003],[7.6613442960000384,45.043154627000035],[7.6614978770000448,45.042925675000049],[7.6616604940000457,45.042699880000043],[7.6618320170000516,45.042477423000037],[7.6620123110000691,45.042258480000044],[7.6622012320000294,45.042043224000054],[7.6623986300000411,45.041831827000067],[7.662604348000059,45.041624456000079],[7.6628182240000342,45.041421276000051],[7.6630400870000699,45.041222447000052],[7.6632697610000378,45.04102812800005],[7.6635070630000541,45.040838474000054],[7.6637518060000502,45.04065363400008],[7.6640037950000419,45.04047375500005],[7.6642628310000305,45.040298980000046],[7.6645287060000555,45.040129447000027],[7.6648012110000536,45.039965292000034],[7.6650801290000459,45.039806644000066],[7.6653652380000494,45.039653629000043],[7.6656563140000458,45.039506369000037],[7.6659531230000653,45.039364981000062],[7.6662554310000246,45.039229576000025],[7.6665629980000745,45.039100262000034],[7.6668755800000667,45.038977143000068],[7.6671929290000662,45.038860315000079],[7.6675147930000662,45.03874987100005],[7.6678409160000456,45.038645899000073],[7.6681710390000717,45.038548481000078],[7.668504902000052,45.038457695000034],[7.6688422380000247,45.038373612000044],[7.6691827810000746,45.03829630000007],[7.6695262590000652,45.038225820000036],[7.6698724010000205,45.038162228000033],[7.670220931000074,45.038105573000053],[7.6705715740000642,45.038055902000053],[7.6709240500000533,45.038013253000031],[7.6712780810000254,45.037977660000081],[7.6716333850000638,45.037949152000067],[7.6719896800000242,45.037927751000041],[7.6723466850000364,45.037913475000039],[7.6727041140000551,45.03790633400007],[7.6730616860000396,45.03790633400007],[7.6734191150000584,45.037913475000039],[7.6737761200000705,45.037927751000041],[7.674132415000031,45.037949152000067],[7.6744877190000693,45.037977660000081],[7.6748417500000414,45.038013253000031],[7.6751942260000305,45.038055902000053],[7.6755448690000208,45.038105573000053],[7.6758933990000742,45.038162228000033],[7.6762395410000295,45.038225820000036],[7.676583019000077,45.03829630000007],[7.67692356200007,45.038373612000044],[7.6772608980000427,45.038457695000034],[7.677594761000023,45.038548481000078],[7.6779248840000491,45.038645899000073],[7.6782510070000285,45.03874987100005],[7.6785728710000285,45.038860315000079],[7.678890220000028,45.038977143000068],[7.6792028020000203,45.039100262000034],[7.6795103690000701,45.039229576000025],[7.6798126770000295,45.039364981000062],[7.6801094860000489,45.039506369000037],[7.6804005620000453,45.039653629000043],[7.6806856710000488,45.039806644000066],[7.6809645890000411,45.039965292000034],[7.6812370940000392,45.040129447000027],[7.6815029690000642,45.040298980000046],[7.6817620050000528,45.04047375500005],[7.6820139940000445,45.04065363400008],[7.6822587370000406,45.040838474000054],[7.682496039000057,45.04102812800005],[7.6827257130000248,45.041222447000052],[7.6829475760000605,45.041421276000051],[7.6831614520000358,45.041624456000079],[7.6833671700000536,45.041831827000067],[7.6835645680000653,45.042043224000054],[7.6837534890000256,45.042258480000044],[7.6839337830000431,45.042477423000037],[7.684105306000049,45.042699880000043],[7.6842679230000499,45.042925675000049],[7.6844215040000563,45.043154627000035],[7.684565927000051,45.04338655600003],[7.684701078000046,45.043621277000057],[7.6848268490000464,45.043858604000036],[7.6849431400000299,45.044098348000034],[7.6850498590000598,45.04434032000006],[7.6851469210000687,45.044584328000042],[7.6852342480000289,45.044830176000062],[7.6853117720000341,45.045077672000048],[7.685379431000058,45.045326617000057],[7.685437170000057,45.045576814000071],[7.6854849450000415,45.04582806600007],[7.6855227160000368,45.046080172000075],[7.6855504530000758,45.046332932000041],[7.685568136000029,45.046586146000038],[7.6855757490000656,45.046839612000042],[7.6855732860000217,45.047093130000064],[7.6855607490000466,45.047346498000081],[7.6855381470000452,45.047599515000059],[7.6855055000000334,45.047851980000075],[7.6854628320000415,45.04810369300003],[7.6854101770000511,45.048354454000048],[7.6853475770000728,45.048604064000074],[7.6852750820000324,45.048852324000052],[7.6851927480000768,45.049099039000055],[7.6851006410000764,45.049344010000027],[7.6849988350000444,45.049587046000056],[7.684887409000055,45.049827951000054],[7.6847664530000657,45.050066536000031],[7.6846360610000488,45.050302610000074],[7.6844963380000308,45.050535986000057],[7.6843473940000422,45.05076647900006],[7.6841893480000749,45.050993906000031],[7.6840223240000682,45.051218087000052],[7.6838464560000261,45.051438843000028],[7.6836618830000702,45.051655998000058],[7.6834687510000208,45.051869382000064],[7.6832672130000219,45.052078823000045],[7.6830574310000657,45.052284157000031],[7.6828395690000661,45.052485219000062],[7.6826138010000591,45.052681851000045],[7.6823803060000273,45.052873895000062],[7.6821392690000607,45.053061201000048],[7.6818908820000615,45.053243618000067],[7.681635343000039,45.05342100200005],[7.6813728530000276,45.053593212000067],[7.6811036210000339,45.053760111000031],[7.6808278610000684,45.053921568000078],[7.6805457920000322,45.054077452000058],[7.6802576370000679,45.054227642000058],[7.6799636260000739,45.054372018000038],[7.6796639930000765,45.054510464000032],[7.6793589740000243,45.054642871000055],[7.6790488120000759,45.054769134000026],[7.6787337530000741,45.054889153000033],[7.6784140490000254,45.055002832000071],[7.6780899510000609,45.055110080000077],[7.6777617180000561,45.055210814000077],[7.6774296110000364,45.055304952000029],[7.6770938930000625,45.055392421000079],[7.6767548310000393,45.055473150000068],[7.6764126930000316,45.05554707500005],[7.6760677530000407,45.055614138000067],[7.675720282000043,45.055674286000055],[7.6753705590000436,45.055727470000079],[7.6750188600000229,45.055773649000059],[7.6746654650000323,45.055812786000047],[7.6743106530000205,45.055844849000039],[7.6739547080000534,45.055869814000062],[7.6735979120000479,45.055887660000053],[7.6732405480000239,45.055898373000048],[7.6728829000000474,45.055901945000073]]]},"properties":{"OBJECTID":13,"F_id":"node/893193542","gtfs_id":"52025005","name":"Dante","operator":"Gruppo Torinese Trasporti","public_transport":"station","railway":"station","ref":"8227","station":"subway","subway":"yes","wheelchair":"yes","wikidata":"Q3015708","wikipedia":"it:Dante (metropolitana di Torino)","start_date":"2011","emergency":null,"indoor":null,"addr_city":null,"addr_street":null,"GTT_Revised":null,"network":null,"defibrillator":null,"construction":null,"construction_railway":null,"BUFF_DIST":1000,"ORIG_FID":13,"Shape_Length":0.068638594582234161,"Shape_Area":0.0003587739688435997}},{"type":"Feature","id":14,"geometry":{"type":"Polygon","coordinates":[[[7.6490993000000458,45.084749299000066],[7.6487414720000402,45.08474572700004],[7.6483839280000439,45.084735014000046],[7.6480269520000661,45.084717168000054],[7.6476708280000594,45.084692204000078],[7.6473158380000541,45.08466014000004],[7.6469622650000701,45.084621004000041],[7.6466103890000454,45.084574825000061],[7.6462604900000315,45.084521641000038],[7.6459128450000549,45.084461494000038],[7.6455677310000283,45.084394431000078],[7.6452254210000206,45.08432050600004],[7.6448861880000436,45.08423977800004],[7.644550301000038,45.084152310000036],[7.6442180270000222,45.084058172000027],[7.6438896290000571,45.083957439000073],[7.6435653680000541,45.083850190000078],[7.6432455030000597,45.08373651200003],[7.6429302860000234,45.083616494000069],[7.6426199680000764,45.083490232000031],[7.6423147960000506,45.083357825000064],[7.6420150110000691,45.08321937900007],[7.6417208520000486,45.083075005000069],[7.6414325530000724,45.082924816000059],[7.6411503420000599,45.082768932000079],[7.6408744430000297,45.082607476000078],[7.6406050760000426,45.082440577000057],[7.6403424540000628,45.08226836800003],[7.6400867860000403,45.082090985000036],[7.6398382740000557,45.081908569000063],[7.6395971160000613,45.081721265000056],[7.6393635040000731,45.081529221000039],[7.6391376220000211,45.081332591000034],[7.6389196510000374,45.081131529000061],[7.6387097620000759,45.080926197000053],[7.6385081240000545,45.080716756000072],[7.6383148940000751,45.080503374000045],[7.6381302280000227,45.080286219000072],[7.6379542720000586,45.080065464000029],[7.6377871640000308,45.079841285000043],[7.6376290380000569,45.079613859000062],[7.637480020000055,45.079383367000048],[7.6373402260000489,45.079149992000055],[7.6372097690000373,45.078913919000058],[7.6370887520000679,45.07867533600006],[7.6369772700000453,45.078434431000062],[7.6368754130000411,45.078191397000069],[7.6367832600000725,45.077946427000029],[7.6367008850000389,45.077699714000062],[7.6366283530000487,45.077451455000073],[7.6365657210000677,45.077201846000037],[7.636513040000068,45.076951086000065],[7.6364703510000709,45.076699375000032],[7.6364376870000683,45.076446911000062],[7.6364150740000696,45.076193895000074],[7.6364025310000443,45.075940528000046],[7.6364000670000678,45.07568701200006],[7.6364076840000621,45.075433547000046],[7.6364253750000444,45.075180334000038],[7.6364531270000384,45.074927575000061],[7.6364909170000601,45.074675471000035],[7.6365387150000288,45.074424220000026],[7.6365964840000515,45.074174024000058],[7.6366641760000675,45.073925080000038],[7.6367417390000583,45.073677586000031],[7.6368291110000541,45.073431739000057],[7.6369262220000564,45.073187733000054],[7.6370329940000374,45.072945762000074],[7.6371493440000222,45.072706019000066],[7.6372751780000385,45.072468693000076],[7.6374103970000533,45.072233973000039],[7.6375548930000718,45.07200204600008],[7.6377085510000597,45.071773094000037],[7.6378712500000461,45.071547301000066],[7.638042859000052,45.071324845000049],[7.6382232440000735,45.071105903000046],[7.6384122600000524,45.070890649000035],[7.6386097570000402,45.070679252000048],[7.6388155790000383,45.070471882000049],[7.6390295620000757,45.070268703000067],[7.6392515370000638,45.070069876000048],[7.639481326000066,45.069875558000035],[7.6397187480000639,45.069685904000039],[7.6399636140000666,45.069501065000054],[7.6402157300000226,45.069321187000071],[7.6404748960000575,45.069146413000055],[7.6407409050000297,45.068976881000026],[7.6410135470000569,45.068812727000079],[7.6412926050000465,45.068654079000055],[7.641577858000062,45.068501066000067],[7.6418690800000491,45.068353806000061],[7.6421660380000276,45.068212419000076],[7.6424684980000279,45.068077015000028],[7.6427762200000302,45.067947702000026],[7.6430889590000675,45.067824583000061],[7.6434064680000233,45.067707755000072],[7.643728493000026,45.067597312000032],[7.6440547800000331,45.067493340000055],[7.6443850700000553,45.067395923000049],[7.6447191000000316,45.067305138000052],[7.6450566060000256,45.067221056000051],[7.6453973200000291,45.067143744000077],[7.6457409710000661,45.067073264000044],[7.6460872870000571,45.06700967200004],[7.6464359930000683,45.066953018000049],[7.6467868110000268,45.06690334700005],[7.6471394650000661,45.066860698000028],[7.6474936740000317,45.066825105000078],[7.6478491570000529,45.066796598000053],[7.648205631000053,45.066775197000027],[7.648562815000048,45.066760920000036],[7.648920424000039,45.066753779000067],[7.6492781760000526,45.066753779000067],[7.6496357850000436,45.066760920000036],[7.6499929690000386,45.066775197000027],[7.6503494430000387,45.066796598000053],[7.6507049260000599,45.066825105000078],[7.6510591350000254,45.066860698000028],[7.6514117890000648,45.06690334700005],[7.6517626070000233,45.066953018000049],[7.6521113130000344,45.06700967200004],[7.6524576290000255,45.067073264000044],[7.6528012800000624,45.067143744000077],[7.653141994000066,45.067221056000051],[7.6534795000000599,45.067305138000052],[7.6538135300000363,45.067395923000049],[7.6541438200000584,45.067493340000055],[7.6544701070000656,45.067597312000032],[7.6547921320000682,45.067707755000072],[7.6551096410000241,45.067824583000061],[7.6554223800000614,45.067947702000026],[7.6557301020000637,45.068077015000028],[7.656032562000064,45.068212419000076],[7.6563295200000425,45.068353806000061],[7.6566207420000296,45.068501066000067],[7.6569059950000451,45.068654079000055],[7.6571850530000347,45.068812727000079],[7.6574576950000619,45.068976881000026],[7.6577237040000341,45.069146413000055],[7.6579828700000689,45.069321187000071],[7.6582349860000249,45.069501065000054],[7.6584798520000277,45.069685904000039],[7.6587172740000256,45.069875558000035],[7.6589470630000278,45.070069876000048],[7.6591690380000728,45.070268703000067],[7.6593830210000533,45.070471882000049],[7.6595888430000514,45.070679252000048],[7.6597863400000392,45.070890649000035],[7.659975356000075,45.071105903000046],[7.6601557410000396,45.071324845000049],[7.6603273500000455,45.071547301000066],[7.6604900490000318,45.071773094000037],[7.6606437070000766,45.07200204600008],[7.6607882030000383,45.072233973000039],[7.6609234220000531,45.072468693000076],[7.6610492560000694,45.072706019000066],[7.6611656060000541,45.072945762000074],[7.6612723780000351,45.073187733000054],[7.6613694890000374,45.073431739000057],[7.6614568610000333,45.073677586000031],[7.661534424000024,45.073925080000038],[7.66160211600004,45.074174024000058],[7.6616598850000628,45.074424220000026],[7.6617076830000315,45.074675471000035],[7.6617454730000532,45.074927575000061],[7.6617732250000472,45.075180334000038],[7.6617909160000295,45.075433547000046],[7.6617985330000238,45.07568701200006],[7.6617960690000473,45.075940528000046],[7.661783526000022,45.076193895000074],[7.6617609130000233,45.076446911000062],[7.6617282490000207,45.076699375000032],[7.6616855600000235,45.076951086000065],[7.6616328790000239,45.077201846000037],[7.6615702470000429,45.077451455000073],[7.6614977150000527,45.077699714000062],[7.661415340000076,45.077946427000029],[7.6613231870000504,45.078191397000069],[7.6612213300000462,45.078434431000062],[7.6611098480000237,45.07867533600006],[7.6609888310000542,45.078913919000058],[7.6608583740000427,45.079149992000055],[7.6607185800000366,45.079383367000048],[7.6605695620000347,45.079613859000062],[7.6604114360000608,45.079841285000043],[7.660244328000033,45.080065464000029],[7.6600683720000688,45.080286219000072],[7.6598837060000733,45.080503374000045],[7.6596904760000371,45.080716756000072],[7.6594888380000725,45.080926197000053],[7.6592789490000541,45.081131529000061],[7.6590609780000705,45.081332591000034],[7.6588350960000753,45.081529221000039],[7.6586014840000303,45.081721265000056],[7.6583603260000359,45.081908569000063],[7.6581118140000513,45.082090985000036],[7.6578561460000287,45.08226836800003],[7.657593524000049,45.082440577000057],[7.6573241570000619,45.082607476000078],[7.6570482580000316,45.082768932000079],[7.656766047000076,45.082924816000059],[7.656477748000043,45.083075005000069],[7.6561835890000225,45.08321937900007],[7.655883804000041,45.083357825000064],[7.655578632000072,45.083490232000031],[7.6552683140000681,45.083616494000069],[7.6549530970000319,45.08373651200003],[7.6546332320000374,45.083850190000078],[7.6543089710000345,45.083957439000073],[7.6539805730000694,45.084058172000027],[7.6536482990000536,45.084152310000036],[7.653312412000048,45.08423977800004],[7.652973179000071,45.08432050600004],[7.6526308690000633,45.084394431000078],[7.6522857550000367,45.084461494000038],[7.6519381100000601,45.084521641000038],[7.6515882110000462,45.084574825000061],[7.6512363350000214,45.084621004000041],[7.6508827620000375,45.08466014000004],[7.6505277720000322,45.084692204000078],[7.6501716480000255,45.084717168000054],[7.6498146720000477,45.084735014000046],[7.6494571280000514,45.08474572700004],[7.6490993000000458,45.084749299000066]]]},"properties":{"OBJECTID":14,"F_id":"node/1095052533","gtfs_id":"51445008","name":"Racconigi","operator":"Gruppo Torinese Trasporti","public_transport":"station","railway":"station","ref":"8217","station":"subway","subway":"yes","wheelchair":"yes","wikidata":"Q3415986","wikipedia":"it:Racconigi (metropolitana di Torino)","start_date":"2006","emergency":null,"indoor":null,"addr_city":null,"addr_street":null,"GTT_Revised":null,"network":null,"defibrillator":null,"construction":null,"construction_railway":null,"BUFF_DIST":1000,"ORIG_FID":14,"Shape_Length":0.068660090978579197,"Shape_Area":0.00035895260938480504}},{"type":"Feature","id":15,"geometry":{"type":"Polygon","coordinates":[[[7.5911760000000754,45.084993699000051],[7.5908181700000341,45.084990127000026],[7.5904606250000484,45.084979414000031],[7.5901036480000244,45.08496156800004],[7.5897475220000388,45.084936603000074],[7.5893925310000441,45.084904540000025],[7.5890389560000244,45.084865404000027],[7.5886870790000671,45.084819225000047],[7.5883371780000743,45.08476604100008],[7.587989531000062,45.084705894000081],[7.587644416000046,45.084638831000063],[7.5873021050000489,45.084564906000026],[7.5869628700000362,45.084484177000036],[7.5866269820000412,45.084396709000032],[7.5862947060000465,45.08430257100008],[7.5859663070000352,45.08420183800007],[7.5856420450000428,45.084094590000063],[7.5853221780000695,45.083980912000072],[7.5850069590000544,45.083860894000054],[7.5846966400000611,45.083734631000027],[7.5843914670000458,45.08360222500005],[7.5840916810000749,45.083463779000056],[7.583797521000065,45.083319405000054],[7.5835092200000531,45.083169216000044],[7.5832270080000512,45.083013331000075],[7.5829511080000316,45.082851876000063],[7.582681740000055,45.082684977000042],[7.582419117000029,45.082512768000072],[7.5821634470000276,45.082335385000079],[7.5819149340000536,45.082152969000049],[7.5816737760000592,45.081965664000052],[7.5814401620000353,45.081773621000025],[7.5812142800000402,45.08157699000003],[7.5809963070000208,45.081375929000046],[7.5807864180000593,45.081170596000049],[7.580584778000059,45.080961156000058],[7.5803915480000228,45.080747774000031],[7.5802068820000272,45.080530619000058],[7.5800309240000274,45.080309864000071],[7.5798638160000564,45.080085685000029],[7.5797056890000363,45.079858259000048],[7.579556670000045,45.079627767000034],[7.5794168760000389,45.07939439200004],[7.5792864190000273,45.079158319000044],[7.5791654010000684,45.078919735000056],[7.5790539190000459,45.078678831000047],[7.5789520610000523,45.078435797000054],[7.5788599070000373,45.078190827000071],[7.5787775320000605,45.077944114000047],[7.5787050000000704,45.077695855000059],[7.5786423680000325,45.077446246000079],[7.5785896870000329,45.077195486000051],[7.5785469970000463,45.076943775000075],[7.5785143330000437,45.076691311000047],[7.578491720000045,45.076438295000059],[7.5784791770000766,45.076184928000032],[7.5784767130000432,45.075931412000045],[7.5784843300000375,45.075677947000031],[7.5785020210000766,45.07542473400008],[7.5785297730000707,45.075171975000046],[7.5785675630000355,45.074919871000077],[7.5786153620000505,45.074668621000058],[7.578673130000027,45.074418424000044],[7.5787408230000324,45.07416948000008],[7.5788183870000694,45.073921986000073],[7.5789057590000652,45.073676139000042],[7.5790028700000676,45.07343213300004],[7.579109643000038,45.07319016200006],[7.5792259930000228,45.072950419000051],[7.5793518280000285,45.072713093000061],[7.5794870470000433,45.072478373000081],[7.5796315430000618,45.072246446000065],[7.5797852020000391,45.072017495000068],[7.5799479020000717,45.071791701000052],[7.5801195120000671,45.071569245000035],[7.5802998980000211,45.071350303000031],[7.5804889140000569,45.071135049000077],[7.5806864130000235,45.070923653000079],[7.5808922350000216,45.070716282000035],[7.5811062200000379,45.070513103000053],[7.581328195000026,45.070314276000033],[7.5815579850000745,45.070119958000078],[7.5817954080000618,45.069930304000081],[7.5820402760000434,45.06974546500004],[7.5822923920000562,45.069565587000056],[7.5825515590000236,45.069390813000041],[7.5828175690000421,45.069221281000068],[7.5830902120000587,45.069057127000065],[7.5833692720000272,45.06889848000003],[7.5836545260000321,45.068745466000053],[7.5839457490000655,45.068598207000036],[7.5842427090000228,45.068456819000062],[7.5845451700000694,45.068321415000071],[7.5848528930000612,45.068192102000069],[7.5851656340000204,45.068068983000046],[7.5854831430000331,45.067952156000047],[7.5858051700000715,45.067841712000074],[7.5861314590000575,45.06773774100003],[7.5864617500000691,45.067640324000081],[7.5867957820000242,45.067549538000037],[7.5871332890000645,45.067465456000036],[7.5874740040000574,45.067388144000063],[7.5878176570000733,45.067317665000076],[7.5881639740000537,45.067254072000026],[7.5885126810000543,45.067197418000035],[7.5888635020000379,45.067147747000035],[7.5892161570000667,45.06710509800007],[7.5895703670000216,45.067069506000053],[7.5899258510000323,45.067040998000039],[7.5902823270000681,45.067019597000069],[7.5906395130000419,45.067005321000067],[7.5909971240000687,45.066998180000041],[7.5913548760000253,45.066998180000041],[7.5917124870000521,45.067005321000067],[7.5920696730000259,45.067019597000069],[7.5924261490000617,45.067040998000039],[7.5927816330000724,45.067069506000053],[7.5931358430000273,45.06710509800007],[7.5934884980000561,45.067147747000035],[7.5938393190000397,45.067197418000035],[7.5941880260000403,45.067254072000026],[7.5945343430000207,45.067317665000076],[7.5948779960000365,45.067388144000063],[7.5952187110000295,45.067465456000036],[7.5955562180000697,45.067549538000037],[7.5958902500000249,45.067640324000081],[7.5962205410000365,45.06773774100003],[7.5965468300000225,45.067841712000074],[7.5968688570000609,45.067952156000047],[7.5971863660000736,45.068068983000046],[7.5974991070000328,45.068192102000069],[7.5978068300000245,45.068321415000071],[7.5981092910000712,45.068456819000062],[7.5984062510000285,45.068598207000036],[7.5986974740000619,45.068745466000053],[7.5989827280000668,45.06889848000003],[7.5992617880000353,45.069057127000065],[7.5995344310000519,45.069221281000068],[7.5998004410000704,45.069390813000041],[7.6000596080000378,45.069565587000056],[7.6003117240000506,45.06974546500004],[7.6005565920000322,45.069930304000081],[7.6007940150000763,45.070119958000078],[7.601023805000068,45.070314276000033],[7.6012457800000561,45.070513103000053],[7.6014597650000724,45.070716282000035],[7.6016655870000704,45.070923653000079],[7.6018630860000371,45.071135049000077],[7.6020521020000729,45.071350303000031],[7.6022324880000269,45.071569245000035],[7.6024040980000223,45.071791701000052],[7.6025667980000549,45.072017495000068],[7.6027204570000322,45.072246446000065],[7.6028649530000507,45.072478373000081],[7.6030001720000655,45.072713093000061],[7.6031260070000712,45.072950419000051],[7.603242357000056,45.07319016200006],[7.6033491300000264,45.07343213300004],[7.6034462410000287,45.073676139000042],[7.6035336130000246,45.073921986000073],[7.6036111770000616,45.07416948000008],[7.603678870000067,45.074418424000044],[7.6037366380000435,45.074668621000058],[7.6037844370000585,45.074919871000077],[7.6038222270000233,45.075171975000046],[7.6038499790000742,45.07542473400008],[7.6038676700000565,45.075677947000031],[7.6038752870000508,45.075931412000045],[7.6038728230000743,45.076184928000032],[7.603860280000049,45.076438295000059],[7.6038376670000503,45.076691311000047],[7.6038050030000477,45.076943775000075],[7.6037623130000611,45.077195486000051],[7.6037096320000614,45.077446246000079],[7.6036470000000236,45.077695855000059],[7.6035744680000334,45.077944114000047],[7.6034920930000567,45.078190827000071],[7.6033999390000417,45.078435797000054],[7.6032980810000481,45.078678831000047],[7.6031865990000256,45.078919735000056],[7.6030655810000667,45.079158319000044],[7.6029351240000551,45.07939439200004],[7.602795330000049,45.079627767000034],[7.6026463110000577,45.079858259000048],[7.6024881840000376,45.080085685000029],[7.6023210760000666,45.080309864000071],[7.6021451180000668,45.080530619000058],[7.6019604520000712,45.080747774000031],[7.601767222000035,45.080961156000058],[7.6015655820000347,45.081170596000049],[7.6013556930000732,45.081375929000046],[7.6011377200000538,45.08157699000003],[7.6009118380000587,45.081773621000025],[7.6006782240000348,45.081965664000052],[7.6004370660000404,45.082152969000049],[7.6001885530000663,45.082335385000079],[7.599932883000065,45.082512768000072],[7.599670260000039,45.082684977000042],[7.5994008920000624,45.082851876000063],[7.5991249920000428,45.083013331000075],[7.5988427800000409,45.083169216000044],[7.598554479000029,45.083319405000054],[7.5982603190000759,45.083463779000056],[7.5979605330000481,45.08360222500005],[7.5976553600000329,45.083734631000027],[7.5973450410000396,45.083860894000054],[7.5970298220000245,45.083980912000072],[7.5967099550000512,45.084094590000063],[7.5963856930000588,45.08420183800007],[7.5960572940000475,45.08430257100008],[7.5957250180000528,45.084396709000032],[7.5953891300000578,45.084484177000036],[7.5950498950000451,45.084564906000026],[7.594707584000048,45.084638831000063],[7.594362469000032,45.084705894000081],[7.5940148220000765,45.08476604100008],[7.5936649210000269,45.084819225000047],[7.5933130440000696,45.084865404000027],[7.5929594690000499,45.084904540000025],[7.5926044780000552,45.084936603000074],[7.5922483520000696,45.08496156800004],[7.5918913750000456,45.084979414000031],[7.5915338300000599,45.084990127000026],[7.5911760000000754,45.084993699000051]]]},"properties":{"OBJECTID":15,"F_id":"node/1481306407","gtfs_id":"53752005","name":"Fermi","operator":"Gruppo Torinese Trasporti","public_transport":"station","railway":"station","ref":"8210","station":"subway","subway":"yes","wheelchair":"yes","wikidata":"Q2279401","wikipedia":"it:Fermi (metropolitana di Torino)","start_date":"2006","emergency":"defibrillator","indoor":"yes","addr_city":null,"addr_street":null,"GTT_Revised":null,"network":null,"defibrillator":null,"construction":null,"construction_railway":null,"BUFF_DIST":1000,"ORIG_FID":15,"Shape_Length":0.068660273232156566,"Shape_Area":0.00035895412491073061}},{"type":"Feature","id":16,"geometry":{"type":"Polygon","coordinates":[[[7.6694941000000654,45.047132459000068],[7.6691365070000757,45.047128887000042],[7.668779197000049,45.047118174000047],[7.6684224550000408,45.047100327000066],[7.6680665650000606,45.047075363000033],[7.6677118080000355,45.047043299000052],[7.6673584660000529,45.047004163000054],[7.6670068210000295,45.046957984000073],[7.6666571510000381,45.04690479900006],[7.6663097340000377,45.046844652000061],[7.6659648460000653,45.046777588000054],[7.6656227610000656,45.046703663000073],[7.6652837510000609,45.046622934000027],[7.6649480840000592,45.046535465000034],[7.6646160270000223,45.046441327000025],[7.6642878450000467,45.046340593000025],[7.6639637970000649,45.046233344000029],[7.6636441410000202,45.046119665000049],[7.6633291300000224,45.045999646000041],[7.6630190160000211,45.045873383000071],[7.6627140430000509,45.045740976000047],[7.6624144550000324,45.045602529000064],[7.6621204900000635,45.045458154000073],[7.6618323790000318,45.045307964000074],[7.6615503530000524,45.045152078000058],[7.6612746350000407,45.044990622000057],[7.6610054450000575,45.044823722000046],[7.660742995000021,45.04465151200003],[7.6604874940000514,45.044474128000047],[7.6602391450000482,45.044291710000039],[7.6599981450000314,45.044104405000041],[7.6597646860000737,45.043912360000036],[7.6595389530000375,45.043715728000052],[7.6593211240000301,45.043514665000032],[7.6591113730000302,45.043309332000035],[7.6589098660000445,45.043099890000065],[7.6587167640000757,45.042886506000059],[7.6585322190000511,45.04266935000004],[7.6583563770000751,45.042448594000064],[7.6581893790000208,45.042224413000042],[7.6580313570000271,45.041996985000026],[7.6578824360000226,45.041766492000079],[7.6577427350000562,45.04153311500005],[7.6576123630000552,45.041297041000064],[7.6574914250000461,45.04105845600003],[7.6573800160000474,45.040817550000043],[7.6572782250000273,45.04057451400007],[7.6571861330000388,45.040329542000052],[7.6571038120000594,45.040082828000038],[7.657031327000027,45.039834567000071],[7.6569687370000565,45.039584957000045],[7.6569160900000384,45.039334195000038],[7.6568734280000399,45.039082482000026],[7.656840786000032,45.038830016000077],[7.6568181880000452,45.038576999000043],[7.656805653000049,45.038323630000036],[7.6568031900000619,45.038070112000071],[7.6568108020000523,45.037816645000078],[7.6568284820000372,45.037563431000081],[7.6568562150000616,45.037310671000057],[7.6568939800000635,45.037058565000052],[7.6569417470000758,45.036807313000054],[7.6569994780000457,45.036557115000051],[7.6570671260000722,45.036308169000051],[7.6571446380000339,45.036060673000065],[7.6572319520000747,45.035814824000056],[7.6573289990000717,45.035570817000064],[7.6574357020000434,45.035328844000048],[7.6575519750000467,45.035089099000061],[7.6576777270000207,45.034851772000081],[7.6578128570000672,45.034617051000055],[7.6579572580000672,45.03438512200006],[7.6581108160000326,45.034156169000028],[7.6582734080000705,45.033930374000079],[7.6584449050000671,45.033707917000072],[7.6586251710000397,45.033488973000033],[7.6588140630000225,45.033273717000043],[7.6590114310000672,45.033062319000067],[7.6592171180000719,45.032854948000079],[7.659430961000055,45.032651767000061],[7.6596527900000524,45.032452938000063],[7.6598824290000493,45.03225862000005],[7.6601196950000485,45.032068965000065],[7.660364401000038,45.031884124000044],[7.6606163510000442,45.031704245000071],[7.6608753470000579,45.031529469000077],[7.6611411820000512,45.031359937000047],[7.6614136450000387,45.031195781000065],[7.6616925210000204,45.031037133000041],[7.661977587000024,45.030884118000074],[7.662268617000052,45.030736858000068],[7.6625653810000358,45.030595469000048],[7.6628676430000269,45.030460064000067],[7.6631751630000622,45.030330751000065],[7.6634876980000399,45.030207631000053],[7.663804998000046,45.030090802000075],[7.6641268120000632,45.029980358000046],[7.6644528860000491,45.029876386000069],[7.6647829590000356,45.029778968000073],[7.6651167700000542,45.029688182000029],[7.6654540550000547,45.029604099000039],[7.6657945460000292,45.029526787000066],[7.6661379720000582,45.029456307000032],[7.666484060000073,45.029392714000039],[7.666832538000051,45.029336060000048],[7.6671831270000439,45.02928638800006],[7.6675355490000356,45.029243739000037],[7.6678895260000672,45.02920814600003],[7.6682447760000514,45.029179638000073],[7.6686010170000714,45.029158238000036],[7.6689579660000504,45.029143961000045],[7.6693153420000613,45.029136820000076],[7.6696728580000695,45.029136820000076],[7.6700302340000235,45.029143961000045],[7.6703871830000594,45.029158238000036],[7.6707434240000225,45.029179638000073],[7.6710986740000635,45.02920814600003],[7.6714526510000383,45.029243739000037],[7.67180507300003,45.02928638800006],[7.6721556620000229,45.029336060000048],[7.6725041400000578,45.029392714000039],[7.6728502280000725,45.029456307000032],[7.6731936540000447,45.029526787000066],[7.673534145000076,45.029604099000039],[7.6738714300000765,45.029688182000029],[7.6742052410000383,45.029778968000073],[7.6745353140000248,45.029876386000069],[7.6748613880000676,45.029980358000046],[7.6751832020000279,45.030090802000075],[7.675500502000034,45.030207631000053],[7.6758130370000686,45.030330751000065],[7.676120557000047,45.030460064000067],[7.6764228190000381,45.030595469000048],[7.6767195830000219,45.030736858000068],[7.6770106130000499,45.030884118000074],[7.6772956790000535,45.031037133000041],[7.6775745550000352,45.031195781000065],[7.6778470180000227,45.031359937000047],[7.6781128530000728,45.031529469000077],[7.6783718490000297,45.031704245000071],[7.6786237990000359,45.031884124000044],[7.6788685050000254,45.032068965000065],[7.6791057710000246,45.03225862000005],[7.6793354100000215,45.032452938000063],[7.6795572390000757,45.032651767000061],[7.6797710820000589,45.032854948000079],[7.6799767690000635,45.033062319000067],[7.6801741370000514,45.033273717000043],[7.6803630290000342,45.033488973000033],[7.6805432950000636,45.033707917000072],[7.6807147920000602,45.033930374000079],[7.6808773840000413,45.034156169000028],[7.6810309420000635,45.03438512200006],[7.6811753430000635,45.034617051000055],[7.6813104730000532,45.034851772000081],[7.6814362250000272,45.035089099000061],[7.6815524980000305,45.035328844000048],[7.6816592010000591,45.035570817000064],[7.6817562480000561,45.035814824000056],[7.68184356200004,45.036060673000065],[7.6819210740000585,45.036308169000051],[7.6819887220000282,45.036557115000051],[7.682046453000055,45.036807313000054],[7.6820942200000673,45.037058565000052],[7.6821319850000691,45.037310671000057],[7.6821597180000367,45.037563431000081],[7.6821773980000216,45.037816645000078],[7.6821850100000688,45.038070112000071],[7.6821825470000249,45.038323630000036],[7.6821700120000287,45.038576999000043],[7.6821474140000419,45.038830016000077],[7.682114772000034,45.039082482000026],[7.6820721100000355,45.039334195000038],[7.6820194630000742,45.039584957000045],[7.6819568730000469,45.039834567000071],[7.6818843880000713,45.040082828000038],[7.6818020670000351,45.040329542000052],[7.6817099750000466,45.04057451400007],[7.6816081840000265,45.040817550000043],[7.6814967750000278,45.04105845600003],[7.6813758370000755,45.041297041000064],[7.6812454650000745,45.04153311500005],[7.6811057640000513,45.041766492000079],[7.6809568430000468,45.041996985000026],[7.6807988210000531,45.042224413000042],[7.6806318230000556,45.042448594000064],[7.6804559810000228,45.04266935000004],[7.680271436000055,45.042886506000059],[7.6800783340000294,45.043099890000065],[7.6798768270000437,45.043309332000035],[7.6796670760000438,45.043514665000032],[7.6794492470000364,45.043715728000052],[7.6792235140000571,45.043912360000036],[7.6789900550000425,45.044104405000041],[7.6787490550000257,45.044291710000039],[7.6785007060000225,45.044474128000047],[7.6782452050000529,45.04465151200003],[7.6779827550000732,45.044823722000046],[7.6777135650000332,45.044990622000057],[7.6774378470000215,45.045152078000058],[7.6771558210000421,45.045307964000074],[7.6768677100000673,45.045458154000073],[7.6765737450000415,45.045602529000064],[7.676274157000023,45.045740976000047],[7.6759691840000528,45.045873383000071],[7.6756590700000515,45.045999646000041],[7.6753440590000537,45.046119665000049],[7.6750244030000658,45.046233344000029],[7.6747003550000272,45.046340593000025],[7.6743721730000516,45.046441327000025],[7.6740401160000715,45.046535465000034],[7.6737044490000699,45.046622934000027],[7.6733654390000652,45.046703663000073],[7.6730233540000654,45.046777588000054],[7.6726784660000362,45.046844652000061],[7.6723310490000358,45.04690479900006],[7.6719813790000444,45.046957984000073],[7.671629734000021,45.047004163000054],[7.6712763920000384,45.047043299000052],[7.6709216350000702,45.047075363000033],[7.6705657450000331,45.047100327000066],[7.6702090030000249,45.047118174000047],[7.6698516930000551,45.047128887000042],[7.6694941000000654,45.047132459000068]]]},"properties":{"OBJECTID":16,"F_id":"node/1621378603","gtfs_id":"57866002","name":"Spezia","operator":"Gruppo Torinese Trasporti","public_transport":"station","railway":"station","ref":"8229","station":"subway","subway":"yes","wheelchair":"yes","wikidata":"Q3493081","wikipedia":"it:Spezia (metropolitana di Torino)","start_date":"2011","emergency":null,"indoor":null,"addr_city":null,"addr_street":null,"GTT_Revised":"no","network":null,"defibrillator":null,"construction":null,"construction_railway":null,"BUFF_DIST":1000,"ORIG_FID":16,"Shape_Length":0.068632066870181183,"Shape_Area":0.000358719718056588}},{"type":"Feature","id":17,"geometry":{"type":"Polygon","coordinates":[[[7.6746207000000481,45.060434138000062],[7.6742630240000267,45.060430566000036],[7.6739056310000251,45.060419853000042],[7.6735488070000315,45.060402006000061],[7.6731928340000763,45.060377042000027],[7.6728379950000658,45.060344979000035],[7.6724845710000409,45.060305842000048],[7.672132844000032,45.060259663000068],[7.6717830930000446,45.060206479000044],[7.6714355960000375,45.060146331000055],[7.6710906280000586,45.060079268000038],[7.6707484640000416,45.060005343000057],[7.6704093740000303,45.059924614000067],[7.6700736300000472,45.059837146000064],[7.6697414960000287,45.059743007000066],[7.669413238000061,45.059642274000055],[7.6690891140000303,45.059535025000059],[7.6687693840000293,45.059421346000079],[7.6684543010000539,45.05930132800006],[7.6681441150000751,45.059175065000034],[7.6678390720000493,45.059042658000067],[7.6675394140000321,45.058904212000073],[7.667245380000054,45.058759836000036],[7.6669572030000381,45.058609647000026],[7.666675112000064,45.058453762000056],[7.666399330000047,45.058292306000055],[7.666130077000048,45.058125406000045],[7.6658675660000313,45.057953196000028],[7.6656120060000603,45.057775813000035],[7.6653636000000347,45.057593396000073],[7.6651225440000417,45.057406091000075],[7.6648890310000297,45.05721404600007],[7.6646632450000425,45.057017415000075],[7.6644453660000522,45.056816353000045],[7.664235566000059,45.056611019000059],[7.6640340130000482,45.056401578000077],[7.6638408660000437,45.056188194000072],[7.6636562780000759,45.055971039000042],[7.6634803960000681,45.055750283000066],[7.6633133590000284,45.055526103000034],[7.6631553000000281,45.055298676000064],[7.6630063450000421,45.05506818300006],[7.6628666110000268,45.054834807000077],[7.6627362090000588,45.054598733000034],[7.6626152430000616,45.054360149000047],[7.6625038080000536,45.054119243000059],[7.6624019940000494,45.053876208000077],[7.6623098800000662,45.053631237000047],[7.6622275400000603,45.053384523000034],[7.6621550380000372,45.053136262000066],[7.6620924340000442,45.05288665300003],[7.6620397750000393,45.052635892000069],[7.6619971030000329,45.052384179000057],[7.6619644530000528,45.052131714000041],[7.661941850000062,45.051878697000063],[7.6619293120000407,45.051625330000036],[7.6619268490000536,45.05137181200007],[7.6619344620000334,45.051118346000067],[7.6619521460000328,45.050865132000069],[7.6619798860000401,45.050612372000046],[7.6620176600000605,45.05036026700003],[7.6620654380000701,45.050109015000032],[7.662123182000073,45.049858818000075],[7.6621908460000441,45.049609873000065],[7.6622683760000427,45.049362378000069],[7.662355711000032,45.049116529000059],[7.6624527800000237,45.048872522000067],[7.6625595070000259,45.048630551000031],[7.6626758080000741,45.048390806000043],[7.6628015890000256,45.048153479000064],[7.6629367500000285,45.047918759000027],[7.6630811850000669,45.047686830000032],[7.66323477800006,45.047457878000046],[7.6633974080000371,45.047232084000029],[7.663568944000076,45.047009627000079],[7.6637492520000592,45.04679068400003],[7.6639381880000315,45.04657542800004],[7.6641356020000444,45.046364031000053],[7.664341337000053,45.046156660000065],[7.6645552290000296,45.045953480000037],[7.6647771100000455,45.045754652000028],[7.6650068020000504,45.045560333000026],[7.6652441230000363,45.04537067900003],[7.6654888850000589,45.045185839000055],[7.6657408940000664,45.045005960000026],[7.6659999500000708,45.044831185000078],[7.6662658460000443,45.044661652000059],[7.6665383730000372,45.044497497000066],[7.6668173130000241,45.044338849000042],[7.6671024450000687,45.044185835000064],[7.6673935430000597,45.044038575000059],[7.6676903760000528,45.043897187000027],[7.6679927080000425,45.043761782000047],[7.6683002990000659,45.043632469000045],[7.6686129060000212,45.043509349000033],[7.6689302800000405,45.043392521000044],[7.6692521690000603,45.043282077000072],[7.669578318000049,45.043178105000038],[7.6699084670000275,45.043080688000032],[7.6702423560000739,45.042989902000045],[7.6705797190000453,45.042905819000055],[7.670920289000037,45.042828507000081],[7.6712637940000263,45.042758027000048],[7.6716099630000372,45.042694435000044],[7.6719585210000218,45.042637780000064],[7.6723091910000676,45.042588109000064],[7.6726616950000448,45.042545460000042],[7.6730157540000619,45.042509867000035],[7.6733710860000315,45.042481359000078],[7.6737274100000263,45.042459959000041],[7.6740844420000371,45.04244568200005],[7.6744419000000335,45.042438541000081],[7.6747995000000628,45.042438541000081],[7.6751569580000591,45.04244568200005],[7.67551399000007,45.042459959000041],[7.6758703140000648,45.042481359000078],[7.6762256460000344,45.042509867000035],[7.6765797050000515,45.042545460000042],[7.6769322090000287,45.042588109000064],[7.6772828790000744,45.042637780000064],[7.6776314370000591,45.042694435000044],[7.67797760600007,45.042758027000048],[7.6783211110000593,45.042828507000081],[7.678661681000051,45.042905819000055],[7.6789990440000224,45.042989902000045],[7.6793329330000688,45.043080688000032],[7.6796630820000473,45.043178105000038],[7.6799892310000359,45.043282077000072],[7.6803111200000558,45.043392521000044],[7.6806284940000751,45.043509349000033],[7.6809411010000304,45.043632469000045],[7.6812486920000538,45.043761782000047],[7.6815510240000435,45.043897187000027],[7.6818478570000366,45.044038575000059],[7.6821389550000276,45.044185835000064],[7.6824240870000722,45.044338849000042],[7.6827030270000591,45.044497497000066],[7.6829755540000519,45.044661652000059],[7.6832414500000255,45.044831185000078],[7.6835005060000299,45.045005960000026],[7.6837525150000374,45.045185839000055],[7.68399727700006,45.04537067900003],[7.6842345980000459,45.045560333000026],[7.6844642900000508,45.045754652000028],[7.6846861710000667,45.045953480000037],[7.6849000630000432,45.046156660000065],[7.6851057980000519,45.046364031000053],[7.6853032120000648,45.04657542800004],[7.6854921480000371,45.04679068400003],[7.6856724560000202,45.047009627000079],[7.6858439920000592,45.047232084000029],[7.6860066220000363,45.047457878000046],[7.6861602150000294,45.047686830000032],[7.6863046500000678,45.047918759000027],[7.6864398110000707,45.048153479000064],[7.6865655920000222,45.048390806000043],[7.6866818930000704,45.048630551000031],[7.6867886200000726,45.048872522000067],[7.6868856890000643,45.049116529000059],[7.6869730240000536,45.049362378000069],[7.6870505540000522,45.049609873000065],[7.6871182180000233,45.049858818000075],[7.6871759620000262,45.050109015000032],[7.6872237400000358,45.05036026700003],[7.6872615140000562,45.050612372000046],[7.6872892540000635,45.050865132000069],[7.6873069380000629,45.051118346000067],[7.6873145510000427,45.05137181200007],[7.6873120880000556,45.051625330000036],[7.6872995500000343,45.051878697000063],[7.6872769470000435,45.052131714000041],[7.6872442970000634,45.052384179000057],[7.687201625000057,45.052635892000069],[7.687148966000052,45.05288665300003],[7.6870863620000591,45.053136262000066],[7.6870138600000359,45.053384523000034],[7.6869315200000301,45.053631237000047],[7.6868394060000469,45.053876208000077],[7.6867375920000427,45.054119243000059],[7.6866261570000347,45.054360149000047],[7.6865051910000375,45.054598733000034],[7.6863747890000695,45.054834807000077],[7.6862350550000542,45.05506818300006],[7.6860861000000682,45.055298676000064],[7.6859280410000679,45.055526103000034],[7.6857610040000282,45.055750283000066],[7.6855851220000204,45.055971039000042],[7.6854005340000526,45.056188194000072],[7.6852073870000481,45.056401578000077],[7.6850058340000373,45.056611019000059],[7.6847960340000441,45.056816353000045],[7.6845781550000538,45.057017415000075],[7.6843523690000666,45.05721404600007],[7.6841188560000546,45.057406091000075],[7.6838778000000616,45.057593396000073],[7.683629394000036,45.057775813000035],[7.683373834000065,45.057953196000028],[7.6831113230000483,45.058125406000045],[7.6828420700000493,45.058292306000055],[7.6825662880000323,45.058453762000056],[7.6822841970000582,45.058609647000026],[7.6819960200000423,45.058759836000036],[7.6817019860000642,45.058904212000073],[7.681402328000047,45.059042658000067],[7.6810972850000212,45.059175065000034],[7.6807870990000424,45.05930132800006],[7.680472016000067,45.059421346000079],[7.6801522860000659,45.059535025000059],[7.6798281620000353,45.059642274000055],[7.6794999040000675,45.059743007000066],[7.6791677700000491,45.059837146000064],[7.678832026000066,45.059924614000067],[7.6784929360000547,45.060005343000057],[7.6781507720000377,45.060079268000038],[7.6778058040000587,45.060146331000055],[7.6774583070000517,45.060206479000044],[7.6771085560000643,45.060259663000068],[7.6767568290000554,45.060305842000048],[7.6764034050000305,45.060344979000035],[7.6760485660000768,45.060377042000027],[7.6756925930000648,45.060402006000061],[7.6753357690000712,45.060419853000042],[7.6749783760000696,45.060430566000036],[7.6746207000000481,45.060434138000062]]]},"properties":{"OBJECTID":17,"F_id":"node/1621697594","gtfs_id":"57871001","name":"Nizza","operator":"Gruppo Torinese Trasporti","public_transport":"station","railway":"station","ref":"8226","station":"subway","subway":"yes","wheelchair":"yes","wikidata":"Q3342318","wikipedia":"it:Nizza (metropolitana di Torino)","start_date":"2011","emergency":null,"indoor":null,"addr_city":null,"addr_street":null,"GTT_Revised":null,"network":"Formula","defibrillator":null,"construction":null,"construction_railway":null,"BUFF_DIST":1000,"ORIG_FID":17,"Shape_Length":0.068641969446541246,"Shape_Area":0.00035880201575289202}},{"type":"Feature","id":18,"geometry":{"type":"Polygon","coordinates":[[[7.6768522000000416,45.066140429000029],[7.6764944880000598,45.06613685700006],[7.6761370600000305,45.066126143000076],[7.6757802000000765,45.066108297000028],[7.6754241920000368,45.066083333000051],[7.6750693170000659,45.06605127000006],[7.6747158590000595,45.066012133000072],[7.6743640970000229,45.065965954000035],[7.6740143110000645,45.065912770000068],[7.6736667790000297,45.065852623000069],[7.6733217770000692,45.065785559000062],[7.6729795780000245,45.065711634000081],[7.6726404550000211,45.065630905000035],[7.6723046770000565,45.065543437000031],[7.6719725110000354,45.065449299000079],[7.6716442200000756,45.065348566000068],[7.6713200640000423,45.065241317000073],[7.6710003020000386,45.065127638000035],[7.6706851880000499,45.065007620000074],[7.6703749700000685,45.064881357000047],[7.6700698970000758,45.06474895000008],[7.6697702100000242,45.064610504000029],[7.6694761460000223,45.064466129000039],[7.6691879410000752,45.064315939000039],[7.6689058210000667,45.064160055000059],[7.668630012000051,45.063998599000058],[7.6683607320000533,45.063831700000037],[7.6680981950000273,45.063659490000077],[7.6678426100000365,45.063482106000038],[7.6675941790000479,45.063299689000075],[7.6673530990000245,45.063112385000068],[7.6671195630000284,45.062920340000062],[7.666893754000057,45.062723709000068],[7.6666758540000615,45.062522647000037],[7.6664660330000629,45.06231731400004],[7.6662644600000363,45.062107873000059],[7.6660712930000727,45.061894490000043],[7.6658866870000679,45.06167733400008],[7.6657107880000694,45.061456579000037],[7.665543734000039,45.061232399000062],[7.6653856600000267,45.061004972000035],[7.6652366890000394,45.060774479000031],[7.6650969420000479,45.060541103000048],[7.6649665270000469,45.060305030000052],[7.6648455490000629,45.060066446000064],[7.6647341030000575,45.059825541000066],[7.664632278000056,45.059582506000027],[7.6645401550000543,45.059337534000065],[7.6644578070000762,45.059090821000041],[7.6643852990000596,45.058842561000063],[7.6643226870000376,45.058592951000037],[7.6642700230000287,45.058342191000065],[7.664227348000054,45.058090478000054],[7.6641946940000594,45.057838013000037],[7.6641720890000329,45.057584997000049],[7.6641595500000221,45.057331629000032],[7.6641570870000351,45.057078112000056],[7.6641647010000611,45.056824646000052],[7.66418238600005,45.056571433000045],[7.6642101290000255,45.056318673000078],[7.6642479070000604,45.056066568000062],[7.664295690000074,45.055815317000054],[7.6643534390000241,45.05556511900005],[7.6644211100000348,45.05531617500003],[7.6644986480000625,45.055068680000034],[7.664585991000024,45.054822831000081],[7.6646830700000237,45.054578825000078],[7.6647898080000232,45.054336853000052],[7.6649061200000688,45.054097109000054],[7.6650319130000639,45.053859783000064],[7.6651670880000324,45.053625062000037],[7.6653115370000364,45.053393134000032],[7.6654651460000309,45.053164182000046],[7.6656277910000767,45.05293838800003],[7.6657993460000284,45.05271593100008],[7.6659796710000592,45.05249698800003],[7.6661686260000579,45.052281733000029],[7.6663660590000404,45.052070336000043],[7.6665718150000544,45.051862965000055],[7.6667857280000362,45.051659785000027],[7.6670076310000468,45.051460957000074],[7.6672373460000358,45.051266639000062],[7.6674746910000522,45.051076985000066],[7.6677194770000483,45.050892145000034],[7.6679715110000757,45.050712266000062],[7.6682305930000325,45.050537491000057],[7.6684965160000615,45.050367959000027],[7.6687690690000636,45.050203804000034],[7.6690480370000387,45.050045156000067],[7.6693331970000713,45.049892142000033],[7.6696243240000399,45.049744882000027],[7.6699211870000568,45.049603494000053],[7.6702235490000703,45.049468090000062],[7.6705311710000501,45.04933877600007],[7.6708438090000755,45.049215657000047],[7.6711612140000511,45.049098829000059],[7.6714831350000736,45.04898838500003],[7.6718093160000649,45.048884414000042],[7.6721394990000249,45.048786996000047],[7.6724734210000634,45.04869621000006],[7.6728108170000269,45.048612128000059],[7.6731514210000569,45.048534816000029],[7.6734949600000277,45.048464336000052],[7.6738411640000663,45.048400743000059],[7.6741897560000325,45.048344089000068],[7.6745404610000492,45.048294418000069],[7.6748930010000436,45.048251769000046],[7.6752470950000315,45.048216176000039],[7.6756024620000289,45.048187668000025],[7.6759588210000516,45.048166268000045],[7.6763158890000227,45.048151991000054],[7.6766733820000468,45.048144850000028],[7.6770310180000365,45.048144850000028],[7.6773885110000606,45.048151991000054],[7.6777455790000317,45.048166268000045],[7.6781019380000544,45.048187668000025],[7.6784573050000517,45.048216176000039],[7.6788113990000397,45.048251769000046],[7.6791639390000341,45.048294418000069],[7.6795146440000508,45.048344089000068],[7.6798632360000738,45.048400743000059],[7.6802094400000556,45.048464336000052],[7.6805529790000264,45.048534816000029],[7.6808935830000564,45.048612128000059],[7.6812309790000768,45.04869621000006],[7.6815649010000584,45.048786996000047],[7.6818950840000753,45.048884414000042],[7.6822212650000665,45.04898838500003],[7.6825431860000322,45.049098829000059],[7.6828605910000647,45.049215657000047],[7.6831732290000332,45.04933877600007],[7.6834808510000698,45.049468090000062],[7.6837832130000265,45.049603494000053],[7.6840800760000434,45.049744882000027],[7.6843712030000688,45.049892142000033],[7.6846563630000446,45.050045156000067],[7.6849353310000765,45.050203804000034],[7.6852078840000217,45.050367959000027],[7.6854738070000508,45.050537491000057],[7.6857328890000645,45.050712266000062],[7.685984923000035,45.050892145000034],[7.6862297090000311,45.051076985000066],[7.6864670540000475,45.051266639000062],[7.6866967690000365,45.051460957000074],[7.6869186720000471,45.051659785000027],[7.6871325850000289,45.051862965000055],[7.6873383410000429,45.052070336000043],[7.6875357740000254,45.052281733000029],[7.6877247290000241,45.05249698800003],[7.6879050540000549,45.05271593100008],[7.6880766090000634,45.05293838800003],[7.6882392540000524,45.053164182000046],[7.6883928630000469,45.053393134000032],[7.6885373120000509,45.053625062000037],[7.6886724870000762,45.053859783000064],[7.6887982800000714,45.054097109000054],[7.6889145920000601,45.054336853000052],[7.6890213300000596,45.054578825000078],[7.6891184090000593,45.054822831000081],[7.6892057520000208,45.055068680000034],[7.6892832900000485,45.05531617500003],[7.6893509610000592,45.05556511900005],[7.6894087100000661,45.055815317000054],[7.6894564930000229,45.056066568000062],[7.6894942710000578,45.056318673000078],[7.6895220140000333,45.056571433000045],[7.6895396990000222,45.056824646000052],[7.6895473130000482,45.057078112000056],[7.6895448500000612,45.057331629000032],[7.6895323110000504,45.057584997000049],[7.6895097060000239,45.057838013000037],[7.6894770520000293,45.058090478000054],[7.6894343770000546,45.058342191000065],[7.6893817130000457,45.058592951000037],[7.6893191010000237,45.058842561000063],[7.689246593000064,45.059090821000041],[7.689164245000029,45.059337534000065],[7.6890721220000273,45.059582506000027],[7.6889702970000258,45.059825541000066],[7.6888588510000204,45.060066446000064],[7.6887378730000364,45.060305030000052],[7.6886074580000354,45.060541103000048],[7.6884677110000439,45.060774479000031],[7.6883187400000566,45.061004972000035],[7.6881606660000443,45.061232399000062],[7.6879936120000707,45.061456579000037],[7.6878177130000722,45.06167733400008],[7.6876331070000674,45.061894490000043],[7.687439940000047,45.062107873000059],[7.6872383670000204,45.06231731400004],[7.6870285460000218,45.062522647000037],[7.6868106460000263,45.062723709000068],[7.6865848370000549,45.062920340000062],[7.6863513010000588,45.063112385000068],[7.6861102210000354,45.063299689000075],[7.6858617900000468,45.063482106000038],[7.685606205000056,45.063659490000077],[7.68534366800003,45.063831700000037],[7.6850743880000323,45.063998599000058],[7.6847985790000735,45.064160055000059],[7.684516459000065,45.064315939000039],[7.684228254000061,45.064466129000039],[7.6839341900000591,45.064610504000029],[7.6836345030000643,45.06474895000008],[7.6833294300000716,45.064881357000047],[7.6830192120000333,45.065007620000074],[7.6827040980000447,45.065127638000035],[7.682384336000041,45.065241317000073],[7.6820601800000645,45.065348566000068],[7.6817318890000479,45.065449299000079],[7.6813997230000268,45.065543437000031],[7.6810639450000622,45.065630905000035],[7.6807248220000588,45.065711634000081],[7.6803826230000709,45.065785559000062],[7.6800376210000536,45.065852623000069],[7.6796900890000757,45.065912770000068],[7.6793403030000604,45.065965954000035],[7.6789885410000238,45.066012133000072],[7.6786350830000742,45.06605127000006],[7.6782802080000465,45.066083333000051],[7.6779242000000636,45.066108297000028],[7.6775673400000528,45.066126143000076],[7.6772099120000235,45.06613685700006],[7.6768522000000416,45.066140429000029]]]},"properties":{"OBJECTID":18,"F_id":"node/1622042729","gtfs_id":"57872001","name":"Marconi","operator":"Gruppo Torinese Trasporti","public_transport":"station","railway":"station","ref":"8225","station":"subway","subway":"yes","wheelchair":"yes","wikidata":"Q1451469","wikipedia":"it:Marconi (metropolitana di Torino)","start_date":"2011","emergency":null,"indoor":null,"addr_city":null,"addr_street":null,"GTT_Revised":null,"network":null,"defibrillator":null,"construction":null,"construction_railway":null,"BUFF_DIST":1000,"ORIG_FID":18,"Shape_Length":0.068646220173745887,"Shape_Area":0.0003588373412077002}},{"type":"Feature","id":19,"geometry":{"type":"Polygon","coordinates":[[[7.6646405000000755,45.085384298000065],[7.6642826680000553,45.085380726000039],[7.6639251200000444,45.085370013000045],[7.6635681400000522,45.085352167000053],[7.6632120120000309,45.085327203000077],[7.6628570190000573,45.085295139000038],[7.6625034420000588,45.08525600300004],[7.6621515620000764,45.08520982400006],[7.6618016580000585,45.085156640000037],[7.6614540100000568,45.085096493000037],[7.6611088920000725,45.085029430000077],[7.6607665780000502,45.084955505000039],[7.6604273420000482,45.084874777000039],[7.660091451000028,45.084787309000035],[7.6597591730000545,45.084693171000026],[7.6594307710000749,45.084592438000072],[7.6591065070000468,45.084485189000077],[7.6587866380000378,45.084371511000029],[7.6584714170000439,45.084251493000068],[7.6581610960000717,45.08412523100003],[7.6578559200000313,45.083992824000063],[7.657556133000071,45.083854379000059],[7.6572619710000254,45.083710004000068],[7.6569736680000346,45.083559815000058],[7.6566914540000539,45.083403931000078],[7.6564155520000554,45.083242475000077],[7.6561461820000432,45.083075577000045],[7.6558835570000383,45.082903367000029],[7.6556278860000475,45.082725984000035],[7.6553793710000377,45.082543568000062],[7.6551382110000645,45.082356264000055],[7.6549045960000512,45.082164220000038],[7.6546787120000204,45.081967590000033],[7.6544607380000684,45.081766529000049],[7.6542508470000712,45.081561196000052],[7.6540492060000247,45.081351756000061],[7.6538559750000559,45.081138373000044],[7.6536713070000246,45.080921218000071],[7.6534953480000354,45.080700464000074],[7.653328239000075,45.080476285000032],[7.6531701110000654,45.080248859000051],[7.6530210910000278,45.080018367000037],[7.6528812960000323,45.079784991000054],[7.6527508380000313,45.079548919000047],[7.6526298190000261,45.079310335000059],[7.652518336000071,45.07906943100005],[7.6524164770000311,45.078826397000057],[7.652324323000073,45.078581427000074],[7.65224194700005,45.07833471400005],[7.6521694150000599,45.078086454000072],[7.652106783000022,45.077836846000025],[7.6520541010000329,45.077586086000053],[7.6520114110000463,45.077334375000078],[7.6519787470000438,45.07708191100005],[7.651956134000045,45.076828895000062],[7.6519435910000766,45.076575528000035],[7.6519411260000538,45.076322012000048],[7.6519487430000481,45.076068547000034],[7.6519664350000767,45.075815334000026],[7.6519941870000707,45.075562575000049],[7.6520319770000356,45.07531047100008],[7.6520797760000505,45.07505922100006],[7.6521375450000733,45.074809024000047],[7.6522052390000681,45.074560080000026],[7.6522828020000588,45.074312586000076],[7.6523701750000441,45.074066739000045],[7.6524672870000359,45.073822733000043],[7.6525740600000631,45.073580762000063],[7.6526904110000373,45.073341019000054],[7.6528162470000325,45.073103693000064],[7.6529514670000367,45.072868973000027],[7.6530959650000341,45.072637046000068],[7.6532496250000577,45.072408095000071],[7.6534123250000334,45.072182302000044],[7.6535839370000645,45.071959846000027],[7.6537643230000754,45.07174090400008],[7.6539533420000225,45.07152564900008],[7.6541508410000461,45.071314253000025],[7.654356665000023,45.071106883000027],[7.6545706510000286,45.070903704000045],[7.6547926280000524,45.070704876000036],[7.655022420000023,45.07051055900007],[7.6552598440000565,45.070320905000074],[7.6555047130000276,45.070136066000032],[7.6557568320000655,45.069956188000049],[7.6560160000000224,45.069781413000044],[7.6562820120000765,45.069611882000061],[7.656554657000072,45.069447727000068],[7.6568337190000761,45.069289080000033],[7.6571189750000599,45.069136066000056],[7.6574101990000258,45.068988807000039],[7.6577071610000758,45.068847419000065],[7.6580096250000338,45.068712016000063],[7.6583173500000612,45.068582703000061],[7.6586300930000561,45.068459584000038],[7.6589476050000371,45.06834275600005],[7.6592696340000543,45.068232313000067],[7.6595959240000298,45.068128341000033],[7.6599262180000665,45.068030924000027],[7.6602602520000573,45.067940139000029],[7.6605977620000658,45.067856057000029],[7.6609384790000377,45.067778745000055],[7.6612821340000323,45.067708265000078],[7.6616284540000379,45.067644673000075],[7.6619771630000741,45.067588019000027],[7.6623279860000366,45.067538348000028],[7.6626806430000443,45.067495699000062],[7.6630348560000243,45.067460106000055],[7.6633903430000601,45.067431599000031],[7.6637468210000748,45.067410198000061],[7.6641040090000274,45.06739592100007],[7.664461622000033,45.067388780000044],[7.6648193780000611,45.067388780000044],[7.6651769910000667,45.06739592100007],[7.6655341790000762,45.067410198000061],[7.665890657000034,45.067431599000031],[7.6662461440000698,45.067460106000055],[7.6666003570000498,45.067495699000062],[7.6669530140000575,45.067538348000028],[7.6673038370000768,45.067588019000027],[7.6676525460000562,45.067644673000075],[7.6679988660000618,45.067708265000078],[7.6683425210000564,45.067778745000055],[7.6686832380000283,45.067856057000029],[7.6690207480000367,45.067940139000029],[7.6693547820000276,45.068030924000027],[7.6696850760000643,45.068128341000033],[7.6700113660000397,45.068232313000067],[7.670333395000057,45.06834275600005],[7.6706509070000379,45.068459584000038],[7.6709636500000329,45.068582703000061],[7.6712713750000603,45.068712016000063],[7.6715738390000752,45.068847419000065],[7.6718708010000682,45.068988807000039],[7.6721620250000342,45.069136066000056],[7.6724472810000748,45.069289080000033],[7.6727263430000221,45.069447727000068],[7.6729989880000744,45.069611882000061],[7.6732650000000717,45.069781413000044],[7.6735241680000286,45.069956188000049],[7.6737762870000665,45.070136066000032],[7.6740211560000375,45.070320905000074],[7.6742585800000711,45.07051055900007],[7.6744883720000416,45.070704876000036],[7.6747103490000654,45.070903704000045],[7.6749243350000711,45.071106883000027],[7.675130159000048,45.071314253000025],[7.6753276580000716,45.07152564900008],[7.6755166770000756,45.07174090400008],[7.6756970630000296,45.071959846000027],[7.6758686750000606,45.072182302000044],[7.6760313750000364,45.072408095000071],[7.67618503500006,45.072637046000068],[7.6763295330000574,45.072868973000027],[7.6764647530000616,45.073103693000064],[7.6765905890000568,45.073341019000054],[7.676706940000031,45.073580762000063],[7.6768137130000582,45.073822733000043],[7.67691082500005,45.074066739000045],[7.6769981980000352,45.074312586000076],[7.677075761000026,45.074560080000026],[7.6771434550000208,45.074809024000047],[7.6772012240000436,45.07505922100006],[7.6772490230000585,45.07531047100008],[7.6772868130000234,45.075562575000049],[7.6773145650000743,45.075815334000026],[7.677332257000046,45.076068547000034],[7.6773398740000403,45.076322012000048],[7.6773374090000743,45.076575528000035],[7.677324866000049,45.076828895000062],[7.6773022530000503,45.07708191100005],[7.6772695890000477,45.077334375000078],[7.6772268990000612,45.077586086000053],[7.6771742170000721,45.077836846000025],[7.6771115850000342,45.078086454000072],[7.6770390530000441,45.07833471400005],[7.676956677000021,45.078581427000074],[7.6768645230000629,45.078826397000057],[7.6767626640000231,45.07906943100005],[7.6766511810000679,45.079310335000059],[7.6765301620000628,45.079548919000047],[7.6763997040000618,45.079784991000054],[7.6762599090000663,45.080018367000037],[7.6761108890000287,45.080248859000051],[7.675952761000076,45.080476285000032],[7.6757856520000587,45.080700464000074],[7.6756096930000695,45.080921218000071],[7.6754250250000382,45.081138373000044],[7.6752317940000694,45.081351756000061],[7.6750301530000229,45.081561196000052],[7.6748202620000257,45.081766529000049],[7.6746022880000737,45.081967590000033],[7.6743764040000428,45.082164220000038],[7.6741427890000296,45.082356264000055],[7.6739016290000563,45.082543568000062],[7.6736531140000466,45.082725984000035],[7.6733974430000558,45.082903367000029],[7.6731348180000509,45.083075577000045],[7.6728654480000387,45.083242475000077],[7.6725895460000402,45.083403931000078],[7.6723073320000594,45.083559815000058],[7.6720190290000687,45.083710004000068],[7.6717248670000231,45.083854379000059],[7.6714250800000627,45.083992824000063],[7.6711199040000224,45.08412523100003],[7.6708095830000502,45.084251493000068],[7.6704943620000563,45.084371511000029],[7.6701744930000473,45.084485189000077],[7.6698502290000761,45.084592438000072],[7.6695218270000396,45.084693171000026],[7.6691895490000661,45.084787309000035],[7.6688536580000459,45.084874777000039],[7.6685144220000439,45.084955505000039],[7.6681721080000216,45.085029430000077],[7.6678269900000373,45.085096493000037],[7.6674793420000356,45.085156640000037],[7.6671294380000745,45.08520982400006],[7.6667775580000352,45.08525600300004],[7.6664239810000367,45.085295139000038],[7.6660689880000632,45.085327203000077],[7.6657128600000419,45.085352167000053],[7.6653558800000496,45.085370013000045],[7.6649983320000388,45.085380726000039],[7.6646405000000755,45.085384298000065]]]},"properties":{"OBJECTID":19,"F_id":"node/2081499942","gtfs_id":"51856006","name":"Principi d'Acaja","operator":"Gruppo Torinese Trasporti","public_transport":"station","railway":"station","ref":"8219","station":"subway","subway":"yes","wheelchair":"yes","wikidata":"Q3403677","wikipedia":"it:Principi d'Acaja (metropolitana di Torino)","start_date":"2006","emergency":null,"indoor":null,"addr_city":null,"addr_street":null,"GTT_Revised":null,"network":null,"defibrillator":null,"construction":null,"construction_railway":null,"BUFF_DIST":1000,"ORIG_FID":19,"Shape_Length":0.06866056453469073,"Shape_Area":0.00035895654395824575}},{"type":"Feature","id":20,"geometry":{"type":"Polygon","coordinates":[[[7.6711553000000663,45.051446652000038],[7.670797680000021,45.05144308000007],[7.6704403430000525,45.051432367000075],[7.6700835750000351,45.051414521000027],[7.6697276570000668,45.051389556000061],[7.6693728740000324,45.051357493000069],[7.6690195060000406,45.051318356000081],[7.6686678340000753,45.051272177000044],[7.6683181380000747,45.051218993000077],[7.667970695000065,45.051158845000032],[7.6676257810000266,45.051091782000071],[7.6672836700000744,45.051017856000044],[7.6669446340000604,45.050937127000054],[7.666608942000039,45.05084965900005],[7.6662768600000391,45.050755520000052],[7.6659486530000436,45.050654787000042],[7.6656245810000314,45.050547538000046],[7.66530490100007,45.050433859000066],[7.6649898670000312,45.050313840000058],[7.6646797290000563,45.050187577000031],[7.6643747340000346,45.050055170000064],[7.6640751230000319,45.049916723000081],[7.663781135000022,45.049772348000033],[7.6634930030000419,45.049622158000034],[7.6632109560000572,45.049466273000064],[7.6629352170000402,45.049304817000063],[7.6626660060000518,45.049137917000053],[7.6624035370000456,45.048965707000036],[7.6621480170000495,45.048788323000053],[7.6618996490000768,45.048605906000034],[7.6616586320000692,45.048418600000048],[7.6614251550000745,45.048226555000042],[7.6611994040000582,45.048029924000048],[7.6609815590000494,45.047828861000028],[7.6607717930000376,45.047623528000031],[7.6605702710000401,45.04741408600006],[7.6603771540000594,45.047200702000055],[7.6601925950000691,45.046983546000035],[7.6600167400000601,45.046762790000059],[7.6598497300000759,45.046538610000027],[7.6596916960000385,45.046311182000068],[7.6595427640000366,45.046080689000064],[7.6594030510000266,45.045847312000035],[7.659272670000064,45.045611238000049],[7.6591517230000363,45.045372653000072],[7.6590403060000654,45.045131748000074],[7.6589385070000731,45.044888712000045],[7.6588464080000449,45.044643740000026],[7.6587640800000258,45.04439702600007],[7.6586915900000463,45.044148765000045],[7.6586289950000719,45.043899155000076],[7.6585763450000286,45.043648394000058],[7.6585336800000618,45.043396681000047],[7.6585010350000289,45.04314421600003],[7.6584784350000632,45.042891198000063],[7.6584658990000207,45.042637830000047],[7.6584634370000231,45.042384312000081],[7.6584710490000703,45.042130846000077],[7.6584887300000446,45.04187763200008],[7.6585164650000479,45.041624871000067],[7.6585542340000643,45.041372765000062],[7.6586020040000449,45.041121514000054],[7.6586597390000293,45.04087131600005],[7.6587273920000598,45.040622370000051],[7.6588049100000717,45.040374875000055],[7.6588922310000385,45.040129026000045],[7.6589892850000751,45.039885018000064],[7.659095996000076,45.039643046000037],[7.6592122780000409,45.039403302000039],[7.6593380390000334,45.03916597400007],[7.659473179000031,45.038931253000044],[7.6596175910000284,45.038699324000049],[7.659771160000048,45.038470372000063],[7.6599337650000621,45.038244577000057],[7.6601052750000349,45.038022120000051],[7.6602855540000405,45.037803177000058],[7.6604744610000353,45.037587921000068],[7.660671844000035,45.037376523000034],[7.6608775460000516,45.037169152000047],[7.661091405000036,45.036965971000029],[7.6613132510000241,45.036767143000077],[7.6615429070000687,45.036572824000075],[7.661780191000048,45.036383169000032],[7.6620249150000745,45.036198329000058],[7.6622768840000504,45.036018450000029],[7.6625358990000336,45.035843674000034],[7.6628017540000428,45.035674142000062],[7.6630742380000356,45.035509986000079],[7.6633531340000332,45.035351338000055],[7.6636382220000314,45.035198323000031],[7.6639292740000542,45.035051063000026],[7.6642260610000221,45.034909675000051],[7.6645283450000647,45.034774270000071],[7.6648358890000736,45.034644956000079],[7.6651484460000461,45.034521837000057],[7.6654657700000257,45.034405008000078],[7.6657876090000627,45.034294564000049],[7.6661137070000223,45.034190592000073],[7.6664438050000285,45.034093174000077],[7.6667776420000564,45.034002388000033],[7.6671149520000768,45.033918306000032],[7.6674554680000711,45.033840994000059],[7.6677989190000631,45.033770513000036],[7.6681450340000765,45.033706921000032],[7.6684935380000638,45.033650266000052],[7.6688441530000659,45.033600595000053],[7.6691966020000564,45.03355794600003],[7.6695506050000404,45.03352235300008],[7.6699058820000232,45.033493845000066],[7.6702621500000419,45.03347244400004],[7.6706191260000764,45.033458168000038],[7.6709765280000397,45.03345102600008],[7.671334072000036,45.03345102600008],[7.6716914740000561,45.033458168000038],[7.6720484500000339,45.03347244400004],[7.6724047180000525,45.033493845000066],[7.6727599950000354,45.03352235300008],[7.6731139980000762,45.03355794600003],[7.6734664470000666,45.033600595000053],[7.6738170620000687,45.033650266000052],[7.6741655660000561,45.033706921000032],[7.6745116810000695,45.033770513000036],[7.6748551320000615,45.033840994000059],[7.6751956480000558,45.033918306000032],[7.6755329580000762,45.034002388000033],[7.6758667950000472,45.034093174000077],[7.6761968930000535,45.034190592000073],[7.6765229910000699,45.034294564000049],[7.67684483000005,45.034405008000078],[7.6771621540000297,45.034521837000057],[7.677474711000059,45.034644956000079],[7.6777822550000678,45.034774270000071],[7.6780845390000536,45.034909675000051],[7.6783813260000215,45.035051063000026],[7.6786723780000443,45.035198323000031],[7.6789574660000426,45.035351338000055],[7.6792363620000401,45.035509986000079],[7.6795088460000329,45.035674142000062],[7.6797747010000421,45.035843674000034],[7.6800337160000254,45.036018450000029],[7.680285685000058,45.036198329000058],[7.6805304090000277,45.036383169000032],[7.6807676930000639,45.036572824000075],[7.6809973490000516,45.036767143000077],[7.6812191950000397,45.036965971000029],[7.6814330540000242,45.037169152000047],[7.6816387560000408,45.037376523000034],[7.6818361390000405,45.037587921000068],[7.6820250460000352,45.037803177000058],[7.6822053250000408,45.038022120000051],[7.6823768350000705,45.038244577000057],[7.6825394400000278,45.038470372000063],[7.6826930090000474,45.038699324000049],[7.6828374210000447,45.038931253000044],[7.6829725610000423,45.03916597400007],[7.6830983220000348,45.039403302000039],[7.6832146040000566,45.039643046000037],[7.6833213150000574,45.039885018000064],[7.6834183690000373,45.040129026000045],[7.6835056900000609,45.040374875000055],[7.6835832080000728,45.040622370000051],[7.6836508610000465,45.04087131600005],[7.6837085960000309,45.041121514000054],[7.6837563660000683,45.041372765000062],[7.6837941350000278,45.041624871000067],[7.6838218700000311,45.04187763200008],[7.6838395510000623,45.042130846000077],[7.6838471630000527,45.042384312000081],[7.683844701000055,45.042637830000047],[7.6838321650000694,45.042891198000063],[7.6838095650000469,45.04314421600003],[7.6837769200000707,45.043396681000047],[7.6837342550000471,45.043648394000058],[7.6836816050000607,45.043899155000076],[7.6836190100000294,45.044148765000045],[7.6835465200000499,45.04439702600007],[7.6834641920000308,45.044643740000026],[7.6833720930000595,45.044888712000045],[7.6832702940000672,45.045131748000074],[7.6831588770000394,45.045372653000072],[7.6830379300000686,45.045611238000049],[7.6829075490000491,45.045847312000035],[7.6827678360000391,45.046080689000064],[7.6826189040000372,45.046311182000068],[7.6824608700000567,45.046538610000027],[7.6822938600000725,45.046762790000059],[7.6821180050000635,45.046983546000035],[7.6819334460000732,45.047200702000055],[7.6817403290000357,45.04741408600006],[7.6815388070000381,45.047623528000031],[7.6813290410000263,45.047828861000028],[7.6811111960000744,45.048029924000048],[7.6808854450000581,45.048226555000042],[7.6806519680000633,45.048418600000048],[7.6804109510000558,45.048605906000034],[7.6801625830000262,45.048788323000053],[7.6799070630000301,45.048965707000036],[7.679644594000024,45.049137917000053],[7.6793753830000355,45.049304817000063],[7.6790996440000754,45.049466273000064],[7.6788175970000339,45.049622158000034],[7.6785294650000537,45.049772348000033],[7.6782354770000438,45.049916723000081],[7.6779358660000412,45.050055170000064],[7.6776308710000762,45.050187577000031],[7.6773207330000446,45.050313840000058],[7.6770056990000626,45.050433859000066],[7.6766860190000443,45.050547538000046],[7.6763619470000322,45.050654787000042],[7.6760337400000367,45.050755520000052],[7.6757016580000368,45.05084965900005],[7.6753659660000721,45.050937127000054],[7.6750269300000582,45.051017856000044],[7.6746848190000492,45.051091782000071],[7.6743399050000676,45.051158845000032],[7.6739924620000579,45.051218993000077],[7.6736427660000572,45.051272177000044],[7.6732910940000352,45.051318356000081],[7.6729377260000433,45.051357493000069],[7.6725829430000658,45.051389556000061],[7.6722270250000406,45.051414521000027],[7.6718702570000232,45.051432367000075],[7.6715129200000547,45.05144308000007],[7.6711553000000663,45.051446652000038]]]},"properties":{"OBJECTID":20,"F_id":"node/3253332071","gtfs_id":"52025005","name":"Carducci-Molinette","operator":"Gruppo Torinese Trasporti","public_transport":"station","railway":"station","ref":"8228","station":"subway","subway":"yes","wheelchair":"yes","wikidata":"Q2938124","wikipedia":"it:Carducci-Molinette","start_date":"2011","emergency":null,"indoor":null,"addr_city":null,"addr_street":null,"GTT_Revised":null,"network":null,"defibrillator":null,"construction":null,"construction_railway":null,"BUFF_DIST":1000,"ORIG_FID":20,"Shape_Length":0.068635277701460121,"Shape_Area":0.00035874640412891893}},{"type":"Feature","id":21,"geometry":{"type":"Polygon","coordinates":[[[7.6668834000000743,45.040402070000027],[7.6665258480000489,45.040398497000069],[7.6661685810000222,45.040387784000075],[7.6658118810000246,45.040369938000026],[7.6654560320000655,45.04034497300006],[7.665101317000051,45.040312910000068],[7.6647480170000222,45.040273773000081],[7.6643964130000768,45.040227594000044],[7.6640467840000497,45.040174410000077],[7.6636994080000704,45.040114262000031],[7.663354560000073,45.040047199000071],[7.6630125150000481,45.039973273000044],[7.6626735440000289,45.039892544000054],[7.662337917000059,45.039805075000061],[7.6620058990000643,45.039710937000052],[7.6616777550000279,45.039610203000052],[7.6613537450000422,45.039502954000056],[7.661034126000061,45.039389275000076],[7.6607191530000591,45.039269256000068],[7.6604090750000751,45.039142992000052],[7.6601041380000652,45.039010585000028],[7.6598045850000744,45.038872138000045],[7.6595106540000302,45.038727762000065],[7.6592225770000368,45.038577572000065],[7.6589405840000495,45.038421687000039],[7.6586648990000299,45.038260230000049],[7.65839574000006,45.038093330000038],[7.6581333210000366,45.037921120000078],[7.657877850000034,45.037743735000049],[7.6576295300000652,45.03756131800003],[7.6573885590000259,45.037374012000043],[7.6571551270000668,45.037181967000038],[7.65692942000004,45.036985335000054],[7.6567116170000418,45.036784272000034],[7.6565018900000723,45.036578938000048],[7.6563004070000602,45.036369496000077],[7.6561073270000293,45.036156112000072],[7.6559228040000562,45.035938955000063],[7.6557469830000286,45.03571819900003],[7.6555800050000471,45.035494018000065],[7.6554220010000336,45.035266590000049],[7.6552730970000766,45.035036096000056],[7.6551334120000547,45.034802719000027],[7.655003056000055,45.034566645000041],[7.6548821320000684,45.034328059000075],[7.6547707360000459,45.03408715300003],[7.6546689570000694,45.033844117000058],[7.654576875000032,45.033599145000039],[7.6544945640000606,45.033352430000036],[7.6544220880000466,45.033104169000069],[7.654359505000059,45.032854558000054],[7.6543068640000342,45.032603797000036],[7.6542642080000292,45.032352083000035],[7.6542315690000464,45.032099617000029],[7.6542089740000279,45.031846600000051],[7.6541964400000211,45.031593231000045],[7.6541939780000234,45.031339712000033],[7.6542015890000243,45.03108624500004],[7.654219266000041,45.030833031000043],[7.6542469960000403,45.03058027000003],[7.6542847570000276,45.030328163000036],[7.654332519000036,45.030076911000037],[7.6543902420000336,45.029826713000034],[7.6544578830000205,45.029577767000035],[7.6545353860000205,45.029330271000049],[7.6546226900000534,45.029084422000039],[7.6547197250000636,45.028840414000058],[7.6548264150000591,45.028598441000042],[7.6549426750000293,45.028358696000055],[7.6550684120000483,45.028121368000029],[7.6552035260000366,45.027886647000059],[7.6553479100000459,45.027654717000075],[7.6555014500000311,45.027425764000043],[7.6556640230000426,45.027199969000037],[7.6558355000000233,45.02697751200003],[7.6560157450000474,45.026758568000048],[7.6562046150000356,45.026543311000069],[7.6564019600000393,45.026331914000025],[7.6566076230000704,45.026124542000048],[7.6568214400000443,45.02592136100003],[7.6570432430000324,45.025722532000032],[7.6572728550000306,45.02552821300003],[7.6575100940000311,45.025338557000055],[7.6577547710000431,45.02515371700008],[7.6580066920000718,45.024973837000061],[7.6582656570000722,45.024799062000056],[7.6585314610000523,45.024629529000038],[7.6588038920000372,45.024465373000055],[7.6590827350000268,45.024306724000041],[7.6593677670000488,45.024153709000075],[7.659658764000028,45.024006449000069],[7.6599554930000409,45.023865060000048],[7.660257720000061,45.023729655000068],[7.6605652040000223,45.023600341000076],[7.6608777010000608,45.023477221000064],[7.6611949650000497,45.023360393000075],[7.6615167410000709,45.023249949000046],[7.6618427760000714,45.02314597600008],[7.6621728110000618,45.023048558000028],[7.6625065830000381,45.022957772000041],[7.6628438290000531,45.02287368900005],[7.6631842790000633,45.022796377000077],[7.6635276650000606,45.022725897000043],[7.6638737130000436,45.02266230400005],[7.6642221490000679,45.02260564900007],[7.6645726970000396,45.022555978000071],[7.6649250790000565,45.022513329000049],[7.6652790140000207,45.022477736000042],[7.6656342220000511,45.022449228000028],[7.6659904210000605,45.022427827000058],[7.6663473290000752,45.022413550000067],[7.6667046620000292,45.022406409000041],[7.6670621380000625,45.022406409000041],[7.6674194710000734,45.022413550000067],[7.6677763790000313,45.022427827000058],[7.6681325780000407,45.022449228000028],[7.6684877860000711,45.022477736000042],[7.6688417210000352,45.022513329000049],[7.6691941030000521,45.022555978000071],[7.6695446510000238,45.02260564900007],[7.6698930870000481,45.02266230400005],[7.6702391350000312,45.022725897000043],[7.6705825210000285,45.022796377000077],[7.6709229710000386,45.02287368900005],[7.6712602170000537,45.022957772000041],[7.67159398900003,45.023048558000028],[7.6719240240000204,45.02314597600008],[7.6722500590000209,45.023249949000046],[7.672571835000042,45.023360393000075],[7.6728890990000309,45.023477221000064],[7.6732015960000695,45.023600341000076],[7.6735090800000307,45.023729655000068],[7.6738113070000509,45.023865060000048],[7.6741080360000637,45.024006449000069],[7.6743990330000429,45.024153709000075],[7.6746840650000649,45.024306724000041],[7.6749629080000545,45.024465373000055],[7.6752353390000394,45.024629529000038],[7.6755011430000764,45.024799062000056],[7.6757601080000768,45.024973837000061],[7.6760120290000486,45.02515371700008],[7.6762567060000606,45.025338557000055],[7.6764939450000611,45.02552821300003],[7.6767235570000594,45.025722532000032],[7.6769453600000475,45.02592136100003],[7.6771591770000214,45.026124542000048],[7.6773648400000525,45.026331914000025],[7.6775621850000562,45.026543311000069],[7.6777510550000443,45.026758568000048],[7.6779313000000684,45.02697751200003],[7.6781027770000492,45.027199969000037],[7.6782653500000606,45.027425764000043],[7.6784188900000458,45.027654717000075],[7.6785632740000551,45.027886647000059],[7.6786983880000435,45.028121368000029],[7.6788241250000624,45.028358696000055],[7.6789403850000326,45.028598441000042],[7.6790470750000281,45.028840414000058],[7.6791441100000384,45.029084422000039],[7.6792314140000713,45.029330271000049],[7.6793089170000712,45.029577767000035],[7.6793765580000581,45.029826713000034],[7.6794342810000558,45.030076911000037],[7.6794820430000641,45.030328163000036],[7.6795198040000514,45.03058027000003],[7.6795475340000507,45.030833031000043],[7.6795652110000674,45.03108624500004],[7.6795728220000683,45.031339712000033],[7.6795703600000707,45.031593231000045],[7.6795578260000639,45.031846600000051],[7.6795352310000453,45.032099617000029],[7.6795025920000626,45.032352083000035],[7.6794599360000575,45.032603797000036],[7.6794072950000327,45.032854558000054],[7.6793447120000451,45.033104169000069],[7.6792722360000312,45.033352430000036],[7.6791899250000597,45.033599145000039],[7.6790978430000223,45.033844117000058],[7.6789960640000459,45.03408715300003],[7.6788846680000233,45.034328059000075],[7.6787637440000367,45.034566645000041],[7.678633388000037,45.034802719000027],[7.6784937030000719,45.035036096000056],[7.6783447990000582,45.035266590000049],[7.6781867950000446,45.035494018000065],[7.6780198170000631,45.03571819900003],[7.6778439960000355,45.035938955000063],[7.6776594730000625,45.036156112000072],[7.6774663930000315,45.036369496000077],[7.6772649100000763,45.036578938000048],[7.67705518300005,45.036784272000034],[7.6768373800000518,45.036985335000054],[7.6766116730000249,45.037181967000038],[7.6763782410000658,45.037374012000043],[7.6761372700000265,45.03756131800003],[7.6758889500000578,45.037743735000049],[7.6756334790000551,45.037921120000078],[7.6753710600000318,45.038093330000038],[7.6751019010000618,45.038260230000049],[7.6748262160000422,45.038421687000039],[7.6745442230000549,45.038577572000065],[7.6742561460000616,45.038727762000065],[7.6739622150000741,45.038872138000045],[7.6736626620000266,45.039010585000028],[7.6733577250000735,45.039142992000052],[7.6730476470000326,45.039269256000068],[7.6727326740000308,45.039389275000076],[7.6724130550000496,45.039502954000056],[7.6720890450000638,45.039610203000052],[7.6717609010000274,45.039710937000052],[7.6714288830000328,45.039805075000061],[7.6710932560000629,45.039892544000054],[7.6707542850000436,45.039973273000044],[7.6704122400000756,45.040047199000071],[7.6700673920000213,45.040114262000031],[7.6697200160000421,45.040174410000077],[7.6693703870000718,45.040227594000044],[7.6690187830000696,45.040273773000081],[7.6686654830000407,45.040312910000068],[7.6683107680000262,45.04034497300006],[7.6679549190000671,45.040369938000026],[7.6675982190000695,45.040387784000075],[7.6672409520000429,45.040398497000069],[7.6668834000000743,45.040402070000027]]]},"properties":{"OBJECTID":21,"F_id":"node/4076608590","gtfs_id":"57905001","name":"Lingotto","operator":"Gruppo Torinese Trasporti","public_transport":"station","railway":"station","ref":"8230","station":"subway","subway":"yes","wheelchair":"yes","wikidata":"Q514681","wikipedia":"it:Lingotto (metropolitana di Torino)","start_date":"2011","emergency":null,"indoor":null,"addr_city":null,"addr_street":null,"GTT_Revised":"no","network":null,"defibrillator":"yes","construction":null,"construction_railway":null,"BUFF_DIST":1000,"ORIG_FID":21,"Shape_Length":0.068627058615954417,"Shape_Area":0.00035867809445665606}},{"type":"Feature","id":22,"geometry":{"type":"Polygon","coordinates":[[[7.6613021000000572,45.025965392000046],[7.6609446380000463,45.025961820000077],[7.6605874610000342,45.025951107000026],[7.6602308500000618,45.025933261000034],[7.6598750910000604,45.025908296000068],[7.659520465000071,45.025876233000076],[7.6591672540000673,45.025837096000032],[7.6588157380000439,45.025790917000052],[7.6584661970000525,45.025737732000039],[7.6581189080000627,45.02567758400005],[7.6577741470000547,45.025610521000033],[7.6574321880000298,45.025536595000062],[7.6570933020000211,45.025455865000026],[7.6567577590000724,45.025368397000079],[7.6564258250000421,45.025274258000081],[7.6560977640000374,45.025173524000081],[7.6557738350000477,45.025066274000039],[7.6554542970000625,45.024952595000059],[7.655139403000021,45.024832576000051],[7.6548294020000753,45.024706312000035],[7.6545245420000469,45.024573904000079],[7.6542250650000483,45.024435457000038],[7.6539312070000278,45.024291081000058],[7.6536432030000583,45.024140891000059],[7.6533612810000591,45.023985005000043],[7.6530856650000487,45.023823548000053],[7.6528165730000524,45.023656647000053],[7.65255422000007,45.023484436000047],[7.6522988130000726,45.023307051000074],[7.6520505560000629,45.023124633000066],[7.6518096450000712,45.022937327000079],[7.6515762720000566,45.022745282000074],[7.6513506220000522,45.022548649000043],[7.6511328730000514,45.02234758600008],[7.6509232000000225,45.022142251000048],[7.65072176700005,45.021932808000031],[7.6505287360000693,45.021719424000025],[7.6503442590000645,45.021502267000074],[7.6501684820000264,45.021281510000051],[7.6500015460000554,45.02105732800004],[7.6498435820000736,45.020829900000081],[7.6496947160000559,45.020599406000031],[7.6495550650000723,45.020366028000069],[7.6494247420000647,45.020129953000037],[7.649303848000045,45.019891367000071],[7.6491924800000675,45.019650460000037],[7.6490907270000434,45.019407424000065],[7.648998668000047,45.019162451000057],[7.6489163770000346,45.018915735000064],[7.6488439200000471,45.01866747400004],[7.6487813520000714,45.018417862000035],[7.6487287250000691,45.018167100000028],[7.6486860790000719,45.017915386000027],[7.6486534480000614,45.017662919000031],[7.6486308590000363,45.017409901000065],[7.648618329000044,45.017156532000058],[7.6486158670000464,45.016903013000046],[7.6486234750000222,45.016649545000064],[7.6486411490000705,45.016396330000077],[7.6486688720000302,45.016143568000075],[7.6487066230000664,45.015891461000081],[7.6487543730000311,45.015640208000036],[7.6488120820000631,45.015390009000043],[7.6488797050000699,45.015141063000044],[7.648957188000054,45.014893566000069],[7.6490444700000353,45.01464771600007],[7.6491414820000614,45.014403707000042],[7.6492481450000582,45.014161734000027],[7.6493643750000615,45.01392198800005],[7.649490080000021,45.013684660000081],[7.6496251610000741,45.013449938000065],[7.6497695090000661,45.013218008000081],[7.6499230100000659,45.012989054000059],[7.6500855420000562,45.012763259000053],[7.650256976000037,45.012540801000057],[7.6504371760000254,45.012321856000028],[7.6506259980000664,45.012106599000049],[7.6508232930000304,45.011895201000073],[7.651028904000043,45.011687829000039],[7.6512426690000552,45.011484647000032],[7.6514644160000671,45.011285818000033],[7.6516939700000535,45.011091498000042],[7.6519311490000632,45.010901842000067],[7.6521757640000487,45.010717001000046],[7.6524276220000615,45.010537121000027],[7.6526865220000673,45.010362345000033],[7.6529522590000738,45.010192812000071],[7.6532246220000388,45.010028655000042],[7.6535033950000297,45.009870007000075],[7.6537883560000637,45.009716991000062],[7.6540792790000296,45.009569730000067],[7.6543759340000292,45.009428341000046],[7.6546780840000679,45.009292936000065],[7.6549854910000477,45.009163622000074],[7.6552979100000584,45.009040501000072],[7.6556150940000407,45.008923673000027],[7.6559367900000552,45.008813228000065],[7.6562627430000703,45.008709255000042],[7.6565926940000395,45.008611837000046],[7.6569263830000409,45.008521051000059],[7.6572635440000454,45.008436968000069],[7.657603909000045,45.008359655000049],[7.6579472080000528,45.008289175000073],[7.6582931690000464,45.00822558200008],[7.6586415180000245,45.008168927000042],[7.6589919780000741,45.008119255000054],[7.6593442710000659,45.008076606000031],[7.6596981170000618,45.008041013000081],[7.660053236000067,45.008012505000067],[7.6604093460000513,45.007991104000041],[7.6607661640000515,45.00797682700005],[7.6611234070000478,45.007969686000081],[7.6614807930000666,45.007969686000081],[7.6618380360000629,45.00797682700005],[7.6621948540000631,45.007991104000041],[7.6625509640000473,45.008012505000067],[7.6629060830000526,45.008041013000081],[7.6632599290000485,45.008076606000031],[7.6636122220000402,45.008119255000054],[7.6639626820000331,45.008168927000042],[7.6643110310000679,45.00822558200008],[7.6646569920000616,45.008289175000073],[7.6650002910000694,45.008359655000049],[7.665340656000069,45.008436968000069],[7.6656778170000734,45.008521051000059],[7.6660115060000749,45.008611837000046],[7.6663414570000441,45.008709255000042],[7.6666674100000591,45.008813228000065],[7.6669891060000737,45.008923673000027],[7.6673062900000559,45.009040501000072],[7.6676187090000667,45.009163622000074],[7.6679261160000465,45.009292936000065],[7.6682282660000283,45.009428341000046],[7.6685249210000279,45.009569730000067],[7.6688158440000507,45.009716991000062],[7.6691008050000278,45.009870007000075],[7.6693795780000755,45.010028655000042],[7.6696519410000406,45.010192812000071],[7.6699176780000471,45.010362345000033],[7.6701765780000528,45.010537121000027],[7.6704284360000656,45.010717001000046],[7.6706730510000511,45.010901842000067],[7.6709102300000609,45.011091498000042],[7.6711397840000473,45.011285818000033],[7.6713615310000591,45.011484647000032],[7.6715752960000714,45.011687829000039],[7.6717809070000271,45.011895201000073],[7.671978202000048,45.012106599000049],[7.6721670240000321,45.012321856000028],[7.6723472240000206,45.012540801000057],[7.6725186580000582,45.012763259000053],[7.6726811900000484,45.012989054000059],[7.6728346910000482,45.013218008000081],[7.6729790390000403,45.013449938000065],[7.6731141200000366,45.013684660000081],[7.6732398250000529,45.01392198800005],[7.6733560550000561,45.014161734000027],[7.673462718000053,45.014403707000042],[7.6735597300000222,45.01464771600007],[7.6736470120000604,45.014893566000069],[7.6737244950000445,45.015141063000044],[7.6737921180000512,45.015390009000043],[7.6738498270000264,45.015640208000036],[7.6738975770000479,45.015891461000081],[7.6739353280000273,45.016143568000075],[7.6739630510000438,45.016396330000077],[7.6739807250000354,45.016649545000064],[7.673988333000068,45.016903013000046],[7.6739858710000703,45.017156532000058],[7.6739733410000213,45.017409901000065],[7.6739507520000529,45.017662919000031],[7.6739181210000424,45.017915386000027],[7.6738754750000453,45.018167100000028],[7.673822848000043,45.018417862000035],[7.6737602800000673,45.01866747400004],[7.6736878230000229,45.018915735000064],[7.6736055320000673,45.019162451000057],[7.6735134730000709,45.019407424000065],[7.6734117200000469,45.019650460000037],[7.6733003520000693,45.019891367000071],[7.6731794580000496,45.020129953000037],[7.673049135000042,45.020366028000069],[7.6729094840000585,45.020599406000031],[7.6727606180000407,45.020829900000081],[7.6726026540000589,45.02105732800004],[7.6724357180000311,45.021281510000051],[7.6722599410000498,45.021502267000074],[7.672075464000045,45.021719424000025],[7.6718824330000643,45.021932808000031],[7.6716810000000351,45.022142251000048],[7.671471327000063,45.02234758600008],[7.6712535780000621,45.022548649000043],[7.6710279280000577,45.022745282000074],[7.6707945550000431,45.022937327000079],[7.6705536440000515,45.023124633000066],[7.6703053870000417,45.023307051000074],[7.6700499800000443,45.023484436000047],[7.669787627000062,45.023656647000053],[7.6695185350000656,45.023823548000053],[7.6692429190000553,45.023985005000043],[7.6689609970000561,45.024140891000059],[7.6686729930000297,45.024291081000058],[7.6683791350000661,45.024435457000038],[7.6680796580000674,45.024573904000079],[7.667774798000039,45.024706312000035],[7.6674647970000365,45.024832576000051],[7.6671499030000518,45.024952595000059],[7.6668303650000666,45.025066274000039],[7.666506436000077,45.025173524000081],[7.6661783750000723,45.025274258000081],[7.665846441000042,45.025368397000079],[7.6655108980000364,45.025455865000026],[7.6651720120000277,45.025536595000062],[7.6648300530000597,45.025610521000033],[7.6644852920000517,45.02567758400005],[7.6641380030000619,45.025737732000039],[7.6637884620000705,45.025790917000052],[7.6634369460000471,45.025837096000032],[7.6630837350000434,45.025876233000076],[7.662729109000054,45.025908296000068],[7.6623733500000526,45.025933261000034],[7.6620167390000233,45.025951107000026],[7.661659562000068,45.025961820000077],[7.6613021000000572,45.025965392000046]]]},"properties":{"OBJECTID":22,"F_id":"node/6257614746","gtfs_id":null,"name":"Bengasi","operator":"Gruppo Torinese Trasporti","public_transport":"station","railway":"station","ref":"8233","station":"subway","subway":"yes","wheelchair":"yes","wikidata":"Q104870723","wikipedia":"it:Bengasi (metropolitana di Torino)","start_date":null,"emergency":null,"indoor":null,"addr_city":null,"addr_street":null,"GTT_Revised":null,"network":null,"defibrillator":null,"construction":null,"construction_railway":null,"BUFF_DIST":1000,"ORIG_FID":22,"Shape_Length":0.068616323140494817,"Shape_Area":0.00035858886795646128}},{"type":"Feature","id":23,"geometry":{"type":"Polygon","coordinates":[[[7.6642899000000284,45.033676580000076],[7.6639323900000704,45.033673008000051],[7.6635751650000543,45.033662295000056],[7.6632185060000211,45.033644449000064],[7.6628626990000726,45.033619484000042],[7.6625080250000224,45.03358742000006],[7.6621547670000609,45.033548284000062],[7.661803204000023,45.033502105000025],[7.6614536160000739,45.033448920000069],[7.6611062800000695,45.03338877200008],[7.6607614730000364,45.033321709000063],[7.6604194680000433,45.033247783000036],[7.6600805370000558,45.033167054000046],[7.6597449490000713,45.033079585000053],[7.6594129700000622,45.032985446000055],[7.659084865000068,45.032884712000055],[7.6587608930000215,45.032777463000059],[7.6584413110000469,45.032663784000079],[7.6581263750000517,45.032543765000071],[7.657816333000028,45.032417501000054],[7.6575114320000353,45.032285094000031],[7.6572119150000617,45.032146647000047],[7.6569180180000558,45.032002271000067],[7.6566299750000439,45.031852081000068],[7.6563480150000487,45.031696195000052],[7.6560723620000317,45.031534738000062],[7.655803234000075,45.031367838000051],[7.6555408450000755,45.031195627000045],[7.6552854050000292,45.031018243000062],[7.6550371140000379,45.030835825000054],[7.6547961710000436,45.030648519000067],[7.6545627660000264,45.030456474000061],[7.6543370850000656,45.030259841000031],[7.6541193080000767,45.030058778000068],[7.6539096060000702,45.029853444000025],[7.6537081470000317,45.029644002000055],[7.6535150890000523,45.02943061700006],[7.6533305880000739,45.02921346100004],[7.6531547870000622,45.028992704000075],[7.6529878280000503,45.028768523000053],[7.6528298430000632,45.028541095000037],[7.6526809570000296,45.028310601000044],[7.6525412880000658,45.028077223000025],[7.6524109470000212,45.02784114800005],[7.6522900370000571,45.027602563000073],[7.652178655000057,45.027361657000029],[7.6520768880000674,45.027118621000056],[7.6519848170000273,45.026873648000048],[7.6519025150000743,45.026626933000045],[7.6518300470000327,45.026378671000032],[7.6517674710000279,45.026129060000073],[7.6517148370000427,45.025878298000066],[7.6516721850000522,45.025626584000065],[7.6516395500000272,45.025374118000059],[7.6516169580000337,45.025121100000035],[7.6516044260000626,45.024867731000029],[7.651601964000065,45.024614212000074],[7.6516095740000765,45.024360745000081],[7.6516272490000574,45.024107530000038],[7.6516549760000316,45.023854769000081],[7.6516927320000718,45.02360266200003],[7.6517404880000299,45.023351410000032],[7.6517982050000342,45.023101211000039],[7.6518658380000488,45.02285226500004],[7.6519433310000409,45.022604769000054],[7.6520306250000658,45.022358919000055],[7.6521276490000218,45.022114911000074],[7.6522343270000306,45.021872938000058],[7.6523505730000352,45.021633192000081],[7.6524762950000422,45.021395864000056],[7.6526113930000292,45.021161143000029],[7.6527557610000372,45.020929213000045],[7.6529092820000528,45.020700260000069],[7.6530718360000378,45.020474464000074],[7.6532432930000596,45.020252006000078],[7.6534235170000215,45.020033062000039],[7.6536123650000718,45.019817806000049],[7.6538096870000345,45.019606408000072],[7.6540153260000352,45.019399036000038],[7.6542291180000461,45.019195854000031],[7.654450895000025,45.018997025000033],[7.6546804800000245,45.018802706000031],[7.6549176910000369,45.018613050000056],[7.6551623390000714,45.018428209000035],[7.6554142310000657,45.018248330000063],[7.6556731660000423,45.018073554000068],[7.6559389380000766,45.017904021000049],[7.6562113380000483,45.017739865000067],[7.6564901480000458,45.017581216000053],[7.6567751470000758,45.01742820100003],[7.6570661100000734,45.017280940000035],[7.6573628040000585,45.017139551000071],[7.6576649950000615,45.017004146000033],[7.6579724440000518,45.016874832000042],[7.6582849050000732,45.01675171200003],[7.6586021300000766,45.016634883000052],[7.6589238690000343,45.016524439000079],[7.6592498660000388,45.016420467000046],[7.6595798620000437,45.016323048000061],[7.659913596000024,45.016232262000074],[7.6602508020000641,45.016148179000027],[7.6605912120000426,45.016070867000053],[7.660934558000065,45.01600038600003],[7.6612805650000269,45.015936793000037],[7.6616289610000763,45.015880139000046],[7.6619794680000268,45.015830467000058],[7.6623318080000331,45.015787818000035],[7.662685702000033,45.015752225000028],[7.6630408680000528,45.015723717000071],[7.663397026000041,45.015702316000045],[7.6637538920000452,45.015688040000043],[7.6641111830000455,45.015680898000028],[7.6644686170000682,45.015680898000028],[7.6648259080000685,45.015688040000043],[7.6651827740000726,45.015702316000045],[7.6655389320000609,45.015723717000071],[7.6658940980000239,45.015752225000028],[7.6662479920000237,45.015787818000035],[7.66660033200003,45.015830467000058],[7.6669508390000374,45.015880139000046],[7.66729923500003,45.015936793000037],[7.6676452420000487,45.01600038600003],[7.6679885880000711,45.016070867000053],[7.6683289980000495,45.016148179000027],[7.6686662040000328,45.016232262000074],[7.66899993800007,45.016323048000061],[7.6693299340000749,45.016420467000046],[7.6696559310000225,45.016524439000079],[7.6699776700000371,45.016634883000052],[7.6702948950000405,45.01675171200003],[7.6706073560000618,45.016874832000042],[7.6709148050000522,45.017004146000033],[7.6712169960000551,45.017139551000071],[7.6715136900000402,45.017280940000035],[7.6718046530000379,45.01742820100003],[7.6720896520000679,45.017581216000053],[7.6723684620000654,45.017739865000067],[7.672640862000037,45.017904021000049],[7.6729066340000713,45.018073554000068],[7.673165569000048,45.018248330000063],[7.6734174610000423,45.018428209000035],[7.6736621090000767,45.018613050000056],[7.6738993200000323,45.018802706000031],[7.6741289050000319,45.018997025000033],[7.6743506820000675,45.019195854000031],[7.6745644740000216,45.019399036000038],[7.6747701130000223,45.019606408000072],[7.6749674350000419,45.019817806000049],[7.6751562830000353,45.020033062000039],[7.6753365070000541,45.020252006000078],[7.6755079640000758,45.020474464000074],[7.6756705180000608,45.020700260000069],[7.6758240390000765,45.020929213000045],[7.6759684070000276,45.021161143000029],[7.6761035050000714,45.021395864000056],[7.6762292270000216,45.021633192000081],[7.6763454730000262,45.021872938000058],[7.676452151000035,45.022114911000074],[7.6765491750000479,45.022358919000055],[7.6766364690000728,45.022604769000054],[7.6767139620000648,45.02285226500004],[7.6767815950000227,45.023101211000039],[7.6768393120000269,45.023351410000032],[7.6768870680000418,45.02360266200003],[7.6769248240000252,45.023854769000081],[7.6769525510000562,45.024107530000038],[7.6769702260000372,45.024360745000081],[7.6769778360000487,45.024614212000074],[7.676975374000051,45.024867731000029],[7.6769628420000231,45.025121100000035],[7.6769402500000297,45.025374118000059],[7.6769076150000615,45.025626584000065],[7.6768649630000709,45.025878298000066],[7.676812329000029,45.026129060000073],[7.6767497530000242,45.026378671000032],[7.6766772850000393,45.026626933000045],[7.6765949830000295,45.026873648000048],[7.6765029120000463,45.027118621000056],[7.6764011450000567,45.027361657000029],[7.6762897630000566,45.027602563000073],[7.6761688530000356,45.02784114800005],[7.6760385120000478,45.028077223000025],[7.6758988430000272,45.028310601000044],[7.6757499570000505,45.028541095000037],[7.6755919720000634,45.028768523000053],[7.6754250130000514,45.028992704000075],[7.6752492120000397,45.02921346100004],[7.6750647110000614,45.02943061700006],[7.6748716530000252,45.029644002000055],[7.6746701940000435,45.029853444000025],[7.674460492000037,45.030058778000068],[7.6742427150000481,45.030259841000031],[7.6740170340000304,45.030456474000061],[7.6737836290000701,45.030648519000067],[7.6735426860000757,45.030835825000054],[7.6732943950000276,45.031018243000062],[7.6730389550000382,45.031195627000045],[7.6727765660000387,45.031367838000051],[7.6725074380000251,45.031534738000062],[7.672231785000065,45.031696195000052],[7.6719498250000697,45.031852081000068],[7.6716617820000579,45.032002271000067],[7.671367885000052,45.032146647000047],[7.6710683680000216,45.032285094000031],[7.6707634670000289,45.032417501000054],[7.670453425000062,45.032543765000071],[7.6701384890000668,45.032663784000079],[7.6698189070000353,45.032777463000059],[7.6694949350000456,45.032884712000055],[7.6691668300000515,45.032985446000055],[7.6688348510000424,45.033079585000053],[7.6684992630000579,45.033167054000046],[7.6681603320000704,45.033247783000036],[7.6678183270000204,45.033321709000063],[7.6674735200000441,45.03338877200008],[7.6671261840000398,45.033448920000069],[7.6667765960000338,45.033502105000025],[7.6664250330000527,45.033548284000062],[7.6660717750000344,45.03358742000006],[7.6657171010000411,45.033619484000042],[7.6653612940000357,45.033644449000064],[7.6650046350000594,45.033662295000056],[7.6646474100000432,45.033673008000051],[7.6642899000000284,45.033676580000076]]]},"properties":{"OBJECTID":23,"F_id":"node/6257614747","gtfs_id":null,"name":"Italia '61 - Regione Piemonte","operator":"Gruppo Torinese Trasporti","public_transport":"station","railway":"station","ref":"8232","station":"subway","subway":"yes","wheelchair":null,"wikidata":"Q104870720","wikipedia":"it:Italia '61 (metropolitana di Torino)","start_date":"2021-04-23","emergency":null,"indoor":null,"addr_city":null,"addr_street":null,"GTT_Revised":null,"network":"Formula","defibrillator":null,"construction":null,"construction_railway":null,"BUFF_DIST":1000,"ORIG_FID":23,"Shape_Length":0.068622056638938694,"Shape_Area":0.00035863652196284796}}]}