{"type":"FeatureCollection","features":[{"type":"Feature","id":1,"geometry":{"type":"Point","coordinates":[7.660139900000047,45.060692800000027]},"properties":{"OBJECTID":1,"F_id":"node/443101911","access":"yes","amenity":"bicycle_parking","bicycle_parking":"stands","capacity":"8","covered":"no","fee":"no","survey_date":null,"building":null,"operator":null,"motorcycle":null,"lit":null,"opening_hours":null,"smoothness":null,"supervised":null,"surface":null,"indoor":null,"check_date":null,"name":null,"mapillary":null,"source":null,"check_date_capacity":null,"panoramax":null,"description":null,"operator_type":null,"addr_street":null,"addr_city":null,"addr_housenumber":null,"fixme":null,"website":null,"wheelchair":null,"level":null,"backrest":null,"addr_postcode":null,"colour":null,"moped":null,"bike_ride":null,"location":null,"capacity_cargo_bike":null,"addr_floor":null}},{"type":"Feature","id":2,"geometry":{"type":"Point","coordinates":[7.6555589000000737,45.044242600000075]},"properties":{"OBJECTID":2,"F_id":"node/638741442","access":null,"amenity":"bicycle_parking","bicycle_parking":"stands","capacity":"10","covered":"no","fee":null,"survey_date":null,"building":null,"operator":null,"motorcycle":null,"lit":null,"opening_hours":null,"smoothness":null,"supervised":null,"surface":null,"indoor":null,"check_date":null,"name":null,"mapillary":null,"source":null,"check_date_capacity":null,"panoramax":null,"description":null,"operator_type":null,"addr_street":null,"addr_city":null,"addr_housenumber":null,"fixme":null,"website":null,"wheelchair":null,"level":null,"backrest":null,"addr_postcode":null,"colour":null,"moped":null,"bike_ride":null,"location":null,"capacity_cargo_bike":null,"addr_floor":null}},{"type":"Feature","id":3,"geometry":{"type":"Point","coordinates":[7.6540950000000407,45.042662000000064]},"properties":{"OBJECTID":3,"F_id":"node/638741739","access":null,"amenity":"bicycle_parking","bicycle_parking":"stands","capacity":"6","covered":"no","fee":null,"survey_date":null,"building":null,"operator":null,"motorcycle":null,"lit":null,"opening_hours":null,"smoothness":null,"supervised":null,"surface":null,"indoor":null,"check_date":"2022-09-17","name":null,"mapillary":null,"source":null,"check_date_capacity":null,"panoramax":null,"description":null,"operator_type":null,"addr_street":null,"addr_city":null,"addr_housenumber":null,"fixme":null,"website":null,"wheelchair":null,"level":null,"backrest":null,"addr_postcode":null,"colour":null,"moped":null,"bike_ride":null,"location":null,"capacity_cargo_bike":null,"addr_floor":null}},{"type":"Feature","id":4,"geometry":{"type":"Point","coordinates":[7.6695103000000699,45.065025800000058]},"properties":{"OBJECTID":4,"F_id":"node/706004735","access":null,"amenity":"bicycle_parking","bicycle_parking":"wall_loops","capacity":"21","covered":"no","fee":null,"survey_date":null,"building":null,"operator":null,"motorcycle":null,"lit":null,"opening_hours":null,"smoothness":null,"supervised":null,"surface":null,"indoor":null,"check_date":null,"name":"GAM","mapillary":null,"source":null,"check_date_capacity":null,"panoramax":null,"description":null,"operator_type":null,"addr_street":null,"addr_city":null,"addr_housenumber":null,"fixme":null,"website":null,"wheelchair":null,"level":null,"backrest":null,"addr_postcode":null,"colour":null,"moped":null,"bike_ride":null,"location":null,"capacity_cargo_bike":null,"addr_floor":null}},{"type":"Feature","id":5,"geometry":{"type":"Point","coordinates":[7.6515266000000679,45.036815800000056]},"properties":{"OBJECTID":5,"F_id":"node/1202914660","access":null,"amenity":"bicycle_parking","bicycle_parking":null,"capacity":null,"covered":"no","fee":null,"survey_date":null,"building":null,"operator":null,"motorcycle":null,"lit":null,"opening_hours":null,"smoothness":null,"supervised":null,"surface":null,"indoor":null,"check_date":"2023-03-16","name":null,"mapillary":null,"source":null,"check_date_capacity":null,"panoramax":null,"description":null,"operator_type":null,"addr_street":null,"addr_city":null,"addr_housenumber":null,"fixme":null,"website":null,"wheelchair":null,"level":null,"backrest":null,"addr_postcode":null,"colour":null,"moped":null,"bike_ride":null,"location":null,"capacity_cargo_bike":null,"addr_floor":null}},{"type":"Feature","id":6,"geometry":{"type":"Point","coordinates":[7.7135203000000274,45.077557600000034]},"properties":{"OBJECTID":6,"F_id":"node/1547837615","access":null,"amenity":"bicycle_parking","bicycle_parking":null,"capacity":"10","covered":"no","fee":null,"survey_date":null,"building":null,"operator":null,"motorcycle":null,"lit":null,"opening_hours":null,"smoothness":null,"supervised":null,"surface":null,"indoor":null,"check_date":null,"name":null,"mapillary":null,"source":null,"check_date_capacity":null,"panoramax":null,"description":null,"operator_type":null,"addr_street":null,"addr_city":null,"addr_housenumber":null,"fixme":null,"website":null,"wheelchair":null,"level":null,"backrest":null,"addr_postcode":null,"colour":null,"moped":null,"bike_ride":null,"location":null,"capacity_cargo_bike":null,"addr_floor":null}},{"type":"Feature","id":7,"geometry":{"type":"Point","coordinates":[7.6543633000000568,45.051787600000068]},"properties":{"OBJECTID":7,"F_id":"node/1780322685","access":null,"amenity":"bicycle_parking","bicycle_parking":"stands","capacity":"10","covered":"no","fee":null,"survey_date":null,"building":null,"operator":null,"motorcycle":null,"lit":null,"opening_hours":null,"smoothness":null,"supervised":null,"surface":null,"indoor":null,"check_date":null,"name":null,"mapillary":null,"source":null,"check_date_capacity":null,"panoramax":null,"description":null,"operator_type":null,"addr_street":null,"addr_city":null,"addr_housenumber":null,"fixme":null,"website":null,"wheelchair":null,"level":null,"backrest":null,"addr_postcode":null,"colour":null,"moped":null,"bike_ride":null,"location":null,"capacity_cargo_bike":null,"addr_floor":null}},{"type":"Feature","id":8,"geometry":{"type":"Point","coordinates":[7.6549936000000685,45.053153700000053]},"properties":{"OBJECTID":8,"F_id":"node/1780322731","access":null,"amenity":"bicycle_parking","bicycle_parking":"stands","capacity":"6","covered":"no","fee":null,"survey_date":null,"building":null,"operator":null,"motorcycle":null,"lit":null,"opening_hours":null,"smoothness":null,"supervised":null,"surface":null,"indoor":null,"check_date":null,"name":null,"mapillary":null,"source":null,"check_date_capacity":null,"panoramax":null,"description":null,"operator_type":null,"addr_street":null,"addr_city":null,"addr_housenumber":null,"fixme":null,"website":null,"wheelchair":null,"level":null,"backrest":null,"addr_postcode":null,"colour":null,"moped":null,"bike_ride":null,"location":null,"capacity_cargo_bike":null,"addr_floor":null}},{"type":"Feature","id":9,"geometry":{"type":"Point","coordinates":[7.6607528000000684,45.065979900000059]},"properties":{"OBJECTID":9,"F_id":"node/1783770824","access":null,"amenity":"bicycle_parking","bicycle_parking":"anchors","capacity":"12","covered":"no","fee":null,"survey_date":null,"building":null,"operator":null,"motorcycle":null,"lit":null,"opening_hours":null,"smoothness":null,"supervised":null,"surface":null,"indoor":null,"check_date":null,"name":null,"mapillary":null,"source":null,"check_date_capacity":null,"panoramax":null,"description":null,"operator_type":null,"addr_street":null,"addr_city":null,"addr_housenumber":null,"fixme":null,"website":null,"wheelchair":null,"level":null,"backrest":null,"addr_postcode":null,"colour":null,"moped":null,"bike_ride":null,"location":null,"capacity_cargo_bike":null,"addr_floor":null}},{"type":"Feature","id":10,"geometry":{"type":"Point","coordinates":[7.6610542000000237,45.06640230000005]},"properties":{"OBJECTID":10,"F_id":"node/1783770825","access":null,"amenity":"bicycle_parking","bicycle_parking":"anchors","capacity":"12","covered":"no","fee":null,"survey_date":null,"building":null,"operator":null,"motorcycle":null,"lit":null,"opening_hours":null,"smoothness":null,"supervised":null,"surface":null,"indoor":null,"check_date":null,"name":null,"mapillary":null,"source":null,"check_date_capacity":null,"panoramax":null,"description":null,"operator_type":null,"addr_street":null,"addr_city":null,"addr_housenumber":null,"fixme":null,"website":null,"wheelchair":null,"level":null,"backrest":null,"addr_postcode":null,"colour":null,"moped":null,"bike_ride":null,"location":null,"capacity_cargo_bike":null,"addr_floor":null}},{"type":"Feature","id":12,"geometry":{"type":"Point","coordinates":[7.6570752000000653,45.065359000000058]},"properties":{"OBJECTID":12,"F_id":"node/2016369763","access":null,"amenity":"bicycle_parking","bicycle_parking":"stands","capacity":"120","covered":null,"fee":null,"survey_date":null,"building":null,"operator":null,"motorcycle":null,"lit":null,"opening_hours":null,"smoothness":null,"supervised":null,"surface":null,"indoor":null,"check_date":null,"name":null,"mapillary":null,"source":null,"check_date_capacity":null,"panoramax":null,"description":null,"operator_type":null,"addr_street":null,"addr_city":null,"addr_housenumber":null,"fixme":null,"website":null,"wheelchair":null,"level":null,"backrest":null,"addr_postcode":null,"colour":null,"moped":null,"bike_ride":null,"location":null,"capacity_cargo_bike":null,"addr_floor":null}},{"type":"Feature","id":13,"geometry":{"type":"Point","coordinates":[7.6833230000000299,45.058454700000027]},"properties":{"OBJECTID":13,"F_id":"node/2017190763","access":null,"amenity":"bicycle_parking","bicycle_parking":"stands","capacity":"12","covered":"no","fee":null,"survey_date":null,"building":null,"operator":null,"motorcycle":null,"lit":null,"opening_hours":null,"smoothness":null,"supervised":null,"surface":null,"indoor":null,"check_date":null,"name":null,"mapillary":null,"source":null,"check_date_capacity":null,"panoramax":null,"description":null,"operator_type":null,"addr_street":null,"addr_city":null,"addr_housenumber":null,"fixme":null,"website":null,"wheelchair":null,"level":null,"backrest":null,"addr_postcode":null,"colour":null,"moped":null,"bike_ride":null,"location":null,"capacity_cargo_bike":null,"addr_floor":null}},{"type":"Feature","id":14,"geometry":{"type":"Point","coordinates":[7.6562766000000693,45.066390500000068]},"properties":{"OBJECTID":14,"F_id":"node/2017759603","access":null,"amenity":"bicycle_parking","bicycle_parking":"ground_slots","capacity":null,"covered":"yes","fee":null,"survey_date":null,"building":null,"operator":null,"motorcycle":null,"lit":null,"opening_hours":null,"smoothness":null,"supervised":null,"surface":null,"indoor":null,"check_date":null,"name":null,"mapillary":null,"source":null,"check_date_capacity":null,"panoramax":null,"description":null,"operator_type":null,"addr_street":null,"addr_city":null,"addr_housenumber":null,"fixme":null,"website":null,"wheelchair":null,"level":null,"backrest":null,"addr_postcode":null,"colour":null,"moped":null,"bike_ride":null,"location":null,"capacity_cargo_bike":null,"addr_floor":null}},{"type":"Feature","id":15,"geometry":{"type":"Point","coordinates":[7.6840539000000376,45.059193300000061]},"properties":{"OBJECTID":15,"F_id":"node/2018982169","access":null,"amenity":"bicycle_parking","bicycle_parking":"stands","capacity":"8","covered":"no","fee":null,"survey_date":null,"building":null,"operator":null,"motorcycle":null,"lit":null,"opening_hours":null,"smoothness":null,"supervised":null,"surface":null,"indoor":null,"check_date":null,"name":null,"mapillary":null,"source":null,"check_date_capacity":null,"panoramax":null,"description":null,"operator_type":null,"addr_street":null,"addr_city":null,"addr_housenumber":null,"fixme":null,"website":null,"wheelchair":null,"level":null,"backrest":null,"addr_postcode":null,"colour":null,"moped":null,"bike_ride":null,"location":null,"capacity_cargo_bike":null,"addr_floor":null}},{"type":"Feature","id":16,"geometry":{"type":"Point","coordinates":[7.6858981000000313,45.068108000000052]},"properties":{"OBJECTID":16,"F_id":"node/2031533101","access":null,"amenity":"bicycle_parking","bicycle_parking":"stands","capacity":"36","covered":"no","fee":null,"survey_date":null,"building":null,"operator":null,"motorcycle":null,"lit":null,"opening_hours":null,"smoothness":null,"supervised":null,"surface":null,"indoor":null,"check_date":null,"name":null,"mapillary":null,"source":null,"check_date_capacity":null,"panoramax":null,"description":null,"operator_type":null,"addr_street":null,"addr_city":null,"addr_housenumber":null,"fixme":null,"website":null,"wheelchair":null,"level":null,"backrest":null,"addr_postcode":null,"colour":null,"moped":null,"bike_ride":null,"location":null,"capacity_cargo_bike":null,"addr_floor":null}},{"type":"Feature","id":17,"geometry":{"type":"Point","coordinates":[7.6900228000000652,45.064251100000035]},"properties":{"OBJECTID":17,"F_id":"node/2048050409","access":null,"amenity":"bicycle_parking","bicycle_parking":"stands","capacity":null,"covered":null,"fee":null,"survey_date":"2019-12-28","building":null,"operator":null,"motorcycle":null,"lit":null,"opening_hours":null,"smoothness":null,"supervised":null,"surface":null,"indoor":null,"check_date":null,"name":null,"mapillary":"1060753460999989","source":null,"check_date_capacity":null,"panoramax":null,"description":null,"operator_type":null,"addr_street":null,"addr_city":null,"addr_housenumber":null,"fixme":null,"website":null,"wheelchair":null,"level":null,"backrest":null,"addr_postcode":null,"colour":null,"moped":null,"bike_ride":null,"location":null,"capacity_cargo_bike":null,"addr_floor":null}},{"type":"Feature","id":21,"geometry":{"type":"Point","coordinates":[7.6755812000000674,45.064775200000042]},"properties":{"OBJECTID":21,"F_id":"node/2282486102","access":null,"amenity":"bicycle_parking","bicycle_parking":"stands","capacity":"20","covered":"no","fee":null,"survey_date":null,"building":null,"operator":null,"motorcycle":null,"lit":null,"opening_hours":null,"smoothness":null,"supervised":null,"surface":null,"indoor":null,"check_date":"2023-03-16","name":null,"mapillary":null,"source":null,"check_date_capacity":null,"panoramax":null,"description":null,"operator_type":null,"addr_street":null,"addr_city":null,"addr_housenumber":null,"fixme":null,"website":null,"wheelchair":null,"level":null,"backrest":null,"addr_postcode":null,"colour":null,"moped":null,"bike_ride":null,"location":null,"capacity_cargo_bike":null,"addr_floor":null}},{"type":"Feature","id":26,"geometry":{"type":"Point","coordinates":[7.6536496000000511,45.044486200000051]},"properties":{"OBJECTID":26,"F_id":"node/2524446376","access":"yes","amenity":"bicycle_parking","bicycle_parking":"stands","capacity":"13","covered":"no","fee":"no","survey_date":null,"building":null,"operator":null,"motorcycle":null,"lit":"yes","opening_hours":null,"smoothness":null,"supervised":null,"surface":null,"indoor":null,"check_date":null,"name":null,"mapillary":null,"source":null,"check_date_capacity":null,"panoramax":null,"description":null,"operator_type":null,"addr_street":null,"addr_city":null,"addr_housenumber":null,"fixme":null,"website":null,"wheelchair":null,"level":null,"backrest":null,"addr_postcode":null,"colour":null,"moped":null,"bike_ride":null,"location":null,"capacity_cargo_bike":null,"addr_floor":null}},{"type":"Feature","id":27,"geometry":{"type":"Point","coordinates":[7.6610858000000235,45.092333500000052]},"properties":{"OBJECTID":27,"F_id":"node/2540601566","access":null,"amenity":"bicycle_parking","bicycle_parking":null,"capacity":null,"covered":null,"fee":null,"survey_date":null,"building":null,"operator":null,"motorcycle":null,"lit":null,"opening_hours":null,"smoothness":null,"supervised":null,"surface":null,"indoor":null,"check_date":null,"name":null,"mapillary":null,"source":null,"check_date_capacity":null,"panoramax":null,"description":null,"operator_type":null,"addr_street":null,"addr_city":null,"addr_housenumber":null,"fixme":null,"website":null,"wheelchair":null,"level":null,"backrest":null,"addr_postcode":null,"colour":null,"moped":null,"bike_ride":null,"location":null,"capacity_cargo_bike":null,"addr_floor":null}},{"type":"Feature","id":31,"geometry":{"type":"Point","coordinates":[7.6380448000000456,45.043786100000034]},"properties":{"OBJECTID":31,"F_id":"node/2592687600","access":null,"amenity":"bicycle_parking","bicycle_parking":"stands","capacity":"4","covered":"no","fee":"no","survey_date":null,"building":null,"operator":null,"motorcycle":null,"lit":null,"opening_hours":null,"smoothness":null,"supervised":null,"surface":null,"indoor":null,"check_date":null,"name":null,"mapillary":null,"source":null,"check_date_capacity":null,"panoramax":null,"description":null,"operator_type":null,"addr_street":null,"addr_city":null,"addr_housenumber":null,"fixme":null,"website":null,"wheelchair":null,"level":null,"backrest":null,"addr_postcode":null,"colour":null,"moped":null,"bike_ride":null,"location":null,"capacity_cargo_bike":null,"addr_floor":null}},{"type":"Feature","id":32,"geometry":{"type":"Point","coordinates":[7.6373749000000544,45.043578100000047]},"properties":{"OBJECTID":32,"F_id":"node/2592687601","access":null,"amenity":"bicycle_parking","bicycle_parking":"stands","capacity":"8","covered":"no","fee":"no","survey_date":null,"building":null,"operator":null,"motorcycle":null,"lit":null,"opening_hours":null,"smoothness":null,"supervised":null,"surface":null,"indoor":null,"check_date":null,"name":null,"mapillary":null,"source":null,"check_date_capacity":null,"panoramax":null,"description":null,"operator_type":null,"addr_street":null,"addr_city":null,"addr_housenumber":null,"fixme":null,"website":null,"wheelchair":null,"level":null,"backrest":null,"addr_postcode":null,"colour":null,"moped":null,"bike_ride":null,"location":null,"capacity_cargo_bike":null,"addr_floor":null}},{"type":"Feature","id":33,"geometry":{"type":"Point","coordinates":[7.6373484000000644,45.043285400000059]},"properties":{"OBJECTID":33,"F_id":"node/2592687602","access":null,"amenity":"bicycle_parking","bicycle_parking":"stands","capacity":"8","covered":"no","fee":"no","survey_date":null,"building":null,"operator":null,"motorcycle":null,"lit":null,"opening_hours":null,"smoothness":null,"supervised":null,"surface":null,"indoor":null,"check_date":null,"name":null,"mapillary":null,"source":null,"check_date_capacity":null,"panoramax":null,"description":null,"operator_type":null,"addr_street":null,"addr_city":null,"addr_housenumber":null,"fixme":null,"website":null,"wheelchair":null,"level":null,"backrest":null,"addr_postcode":null,"colour":null,"moped":null,"bike_ride":null,"location":null,"capacity_cargo_bike":null,"addr_floor":null}},{"type":"Feature","id":34,"geometry":{"type":"Point","coordinates":[7.6266462000000388,45.068451300000049]},"properties":{"OBJECTID":34,"F_id":"node/2602219048","access":null,"amenity":"bicycle_parking","bicycle_parking":"stands","capacity":null,"covered":"yes","fee":null,"survey_date":null,"building":null,"operator":null,"motorcycle":null,"lit":null,"opening_hours":null,"smoothness":null,"supervised":null,"surface":null,"indoor":null,"check_date":"2025-08-04","name":null,"mapillary":null,"source":null,"check_date_capacity":null,"panoramax":null,"description":null,"operator_type":null,"addr_street":null,"addr_city":null,"addr_housenumber":null,"fixme":null,"website":null,"wheelchair":null,"level":null,"backrest":null,"addr_postcode":null,"colour":null,"moped":null,"bike_ride":null,"location":null,"capacity_cargo_bike":null,"addr_floor":null}},{"type":"Feature","id":35,"geometry":{"type":"Point","coordinates":[7.6630295000000501,45.069397600000059]},"properties":{"OBJECTID":35,"F_id":"node/2632353490","access":null,"amenity":"bicycle_parking","bicycle_parking":null,"capacity":null,"covered":"no","fee":null,"survey_date":null,"building":null,"operator":null,"motorcycle":null,"lit":null,"opening_hours":null,"smoothness":null,"supervised":null,"surface":null,"indoor":null,"check_date":null,"name":null,"mapillary":null,"source":"Mobility Manager Torino","check_date_capacity":null,"panoramax":null,"description":null,"operator_type":null,"addr_street":null,"addr_city":null,"addr_housenumber":null,"fixme":null,"website":null,"wheelchair":null,"level":null,"backrest":null,"addr_postcode":null,"colour":null,"moped":null,"bike_ride":null,"location":null,"capacity_cargo_bike":null,"addr_floor":null}},{"type":"Feature","id":36,"geometry":{"type":"Point","coordinates":[7.6716002000000572,45.042253900000048]},"properties":{"OBJECTID":36,"F_id":"node/2635518486","access":"yes","amenity":"bicycle_parking","bicycle_parking":"stands","capacity":"10","covered":"no","fee":null,"survey_date":null,"building":null,"operator":null,"motorcycle":null,"lit":null,"opening_hours":null,"smoothness":null,"supervised":null,"surface":null,"indoor":null,"check_date":null,"name":null,"mapillary":null,"source":null,"check_date_capacity":null,"panoramax":null,"description":null,"operator_type":null,"addr_street":null,"addr_city":null,"addr_housenumber":null,"fixme":null,"website":null,"wheelchair":null,"level":null,"backrest":null,"addr_postcode":null,"colour":null,"moped":null,"bike_ride":null,"location":null,"capacity_cargo_bike":null,"addr_floor":null}},{"type":"Feature","id":37,"geometry":{"type":"Point","coordinates":[7.6669748000000482,45.084967000000063]},"properties":{"OBJECTID":37,"F_id":"node/2699740343","access":null,"amenity":"bicycle_parking","bicycle_parking":"stands","capacity":"10","covered":"no","fee":null,"survey_date":null,"building":null,"operator":null,"motorcycle":null,"lit":null,"opening_hours":null,"smoothness":null,"supervised":null,"surface":null,"indoor":null,"check_date":"2024-08-09","name":null,"mapillary":null,"source":null,"check_date_capacity":null,"panoramax":null,"description":null,"operator_type":null,"addr_street":null,"addr_city":null,"addr_housenumber":null,"fixme":null,"website":null,"wheelchair":null,"level":null,"backrest":null,"addr_postcode":null,"colour":null,"moped":null,"bike_ride":null,"location":null,"capacity_cargo_bike":null,"addr_floor":null}},{"type":"Feature","id":38,"geometry":{"type":"Point","coordinates":[7.6487241000000381,45.079366900000025]},"properties":{"OBJECTID":38,"F_id":"node/2699743589","access":null,"amenity":"bicycle_parking","bicycle_parking":"stands","capacity":"6","covered":"no","fee":null,"survey_date":null,"building":null,"operator":null,"motorcycle":null,"lit":null,"opening_hours":null,"smoothness":null,"supervised":null,"surface":null,"indoor":null,"check_date":null,"name":null,"mapillary":null,"source":null,"check_date_capacity":null,"panoramax":null,"description":null,"operator_type":null,"addr_street":null,"addr_city":null,"addr_housenumber":null,"fixme":null,"website":null,"wheelchair":null,"level":null,"backrest":null,"addr_postcode":null,"colour":null,"moped":null,"bike_ride":null,"location":null,"capacity_cargo_bike":null,"addr_floor":null}},{"type":"Feature","id":39,"geometry":{"type":"Point","coordinates":[7.6686652000000208,45.079451900000038]},"properties":{"OBJECTID":39,"F_id":"node/2699743590","access":null,"amenity":"bicycle_parking","bicycle_parking":"stands","capacity":"6","covered":"no","fee":null,"survey_date":null,"building":null,"operator":null,"motorcycle":null,"lit":null,"opening_hours":null,"smoothness":null,"supervised":null,"surface":null,"indoor":null,"check_date":null,"name":null,"mapillary":null,"source":null,"check_date_capacity":null,"panoramax":null,"description":null,"operator_type":null,"addr_street":null,"addr_city":null,"addr_housenumber":null,"fixme":null,"website":null,"wheelchair":null,"level":null,"backrest":null,"addr_postcode":null,"colour":null,"moped":null,"bike_ride":null,"location":null,"capacity_cargo_bike":null,"addr_floor":null}},{"type":"Feature","id":40,"geometry":{"type":"Point","coordinates":[7.6697048000000336,45.079939000000081]},"properties":{"OBJECTID":40,"F_id":"node/2699743591","access":null,"amenity":"bicycle_parking","bicycle_parking":"stands","capacity":"6","covered":"no","fee":null,"survey_date":null,"building":null,"operator":null,"motorcycle":null,"lit":null,"opening_hours":null,"smoothness":null,"supervised":null,"surface":null,"indoor":null,"check_date":null,"name":null,"mapillary":null,"source":null,"check_date_capacity":null,"panoramax":null,"description":null,"operator_type":null,"addr_street":null,"addr_city":null,"addr_housenumber":null,"fixme":null,"website":null,"wheelchair":null,"level":null,"backrest":null,"addr_postcode":null,"colour":null,"moped":null,"bike_ride":null,"location":null,"capacity_cargo_bike":null,"addr_floor":null}},{"type":"Feature","id":41,"geometry":{"type":"Point","coordinates":[7.6697684000000663,45.080018100000075]},"properties":{"OBJECTID":41,"F_id":"node/2699743592","access":null,"amenity":"bicycle_parking","bicycle_parking":"stands","capacity":"6","covered":"no","fee":null,"survey_date":null,"building":null,"operator":null,"motorcycle":null,"lit":null,"opening_hours":null,"smoothness":null,"supervised":null,"surface":null,"indoor":null,"check_date":null,"name":null,"mapillary":null,"source":null,"check_date_capacity":null,"panoramax":null,"description":null,"operator_type":null,"addr_street":null,"addr_city":null,"addr_housenumber":null,"fixme":null,"website":null,"wheelchair":null,"level":null,"backrest":null,"addr_postcode":null,"colour":null,"moped":null,"bike_ride":null,"location":null,"capacity_cargo_bike":null,"addr_floor":null}},{"type":"Feature","id":42,"geometry":{"type":"Point","coordinates":[7.6597522000000708,45.080184300000042]},"properties":{"OBJECTID":42,"F_id":"node/2699743593","access":null,"amenity":"bicycle_parking","bicycle_parking":"stands","capacity":"6","covered":"no","fee":null,"survey_date":null,"building":null,"operator":null,"motorcycle":null,"lit":null,"opening_hours":null,"smoothness":null,"supervised":null,"surface":null,"indoor":null,"check_date":null,"name":null,"mapillary":null,"source":null,"check_date_capacity":null,"panoramax":null,"description":null,"operator_type":null,"addr_street":null,"addr_city":null,"addr_housenumber":null,"fixme":null,"website":null,"wheelchair":null,"level":null,"backrest":null,"addr_postcode":null,"colour":null,"moped":null,"bike_ride":null,"location":null,"capacity_cargo_bike":null,"addr_floor":null}},{"type":"Feature","id":43,"geometry":{"type":"Point","coordinates":[7.6752471000000355,45.080325100000039]},"properties":{"OBJECTID":43,"F_id":"node/2699743594","access":null,"amenity":"bicycle_parking","bicycle_parking":"stands","capacity":"10","covered":"no","fee":null,"survey_date":null,"building":null,"operator":null,"motorcycle":null,"lit":null,"opening_hours":null,"smoothness":null,"supervised":null,"surface":null,"indoor":null,"check_date":null,"name":null,"mapillary":null,"source":null,"check_date_capacity":"2025-06-29","panoramax":null,"description":null,"operator_type":null,"addr_street":null,"addr_city":null,"addr_housenumber":null,"fixme":null,"website":null,"wheelchair":null,"level":null,"backrest":null,"addr_postcode":null,"colour":null,"moped":null,"bike_ride":null,"location":null,"capacity_cargo_bike":null,"addr_floor":null}},{"type":"Feature","id":44,"geometry":{"type":"Point","coordinates":[7.6548930000000723,45.08076200000005]},"properties":{"OBJECTID":44,"F_id":"node/2699743595","access":null,"amenity":"bicycle_parking","bicycle_parking":"stands","capacity":"3","covered":"no","fee":null,"survey_date":null,"building":null,"operator":null,"motorcycle":null,"lit":null,"opening_hours":null,"smoothness":null,"supervised":null,"surface":null,"indoor":null,"check_date":null,"name":null,"mapillary":null,"source":null,"check_date_capacity":null,"panoramax":null,"description":null,"operator_type":null,"addr_street":null,"addr_city":null,"addr_housenumber":null,"fixme":null,"website":null,"wheelchair":null,"level":null,"backrest":null,"addr_postcode":null,"colour":null,"moped":null,"bike_ride":null,"location":null,"capacity_cargo_bike":null,"addr_floor":null}},{"type":"Feature","id":45,"geometry":{"type":"Point","coordinates":[7.6530755000000568,45.081167300000061]},"properties":{"OBJECTID":45,"F_id":"node/2699743596","access":null,"amenity":"bicycle_parking","bicycle_parking":"stands","capacity":"4","covered":"no","fee":null,"survey_date":null,"building":null,"operator":null,"motorcycle":null,"lit":null,"opening_hours":null,"smoothness":null,"supervised":null,"surface":null,"indoor":null,"check_date":null,"name":null,"mapillary":null,"source":null,"check_date_capacity":null,"panoramax":null,"description":null,"operator_type":null,"addr_street":null,"addr_city":null,"addr_housenumber":null,"fixme":null,"website":null,"wheelchair":null,"level":null,"backrest":null,"addr_postcode":null,"colour":null,"moped":null,"bike_ride":null,"location":null,"capacity_cargo_bike":null,"addr_floor":null}},{"type":"Feature","id":46,"geometry":{"type":"Point","coordinates":[7.6559848000000557,45.072376000000077]},"properties":{"OBJECTID":46,"F_id":"node/2699745130","access":null,"amenity":"bicycle_parking","bicycle_parking":"stands","capacity":"8","covered":"no","fee":null,"survey_date":null,"building":null,"operator":null,"motorcycle":null,"lit":null,"opening_hours":null,"smoothness":null,"supervised":null,"surface":null,"indoor":null,"check_date":"2025-12-13","name":null,"mapillary":null,"source":null,"check_date_capacity":"2025-12-13","panoramax":null,"description":null,"operator_type":null,"addr_street":null,"addr_city":null,"addr_housenumber":null,"fixme":null,"website":null,"wheelchair":null,"level":null,"backrest":null,"addr_postcode":null,"colour":null,"moped":null,"bike_ride":null,"location":null,"capacity_cargo_bike":null,"addr_floor":null}},{"type":"Feature","id":47,"geometry":{"type":"Point","coordinates":[7.6590932000000294,45.072791800000061]},"properties":{"OBJECTID":47,"F_id":"node/2699745131","access":null,"amenity":"bicycle_parking","bicycle_parking":"stands","capacity":null,"covered":"no","fee":null,"survey_date":null,"building":null,"operator":null,"motorcycle":null,"lit":null,"opening_hours":null,"smoothness":null,"supervised":null,"surface":null,"indoor":null,"check_date":null,"name":null,"mapillary":null,"source":null,"check_date_capacity":null,"panoramax":null,"description":null,"operator_type":null,"addr_street":null,"addr_city":null,"addr_housenumber":null,"fixme":null,"website":null,"wheelchair":null,"level":null,"backrest":null,"addr_postcode":null,"colour":null,"moped":null,"bike_ride":null,"location":null,"capacity_cargo_bike":null,"addr_floor":null}},{"type":"Feature","id":48,"geometry":{"type":"Point","coordinates":[7.6601050000000441,45.073592100000042]},"properties":{"OBJECTID":48,"F_id":"node/2699745132","access":null,"amenity":"bicycle_parking","bicycle_parking":"stands","capacity":"4","covered":"no","fee":null,"survey_date":null,"building":null,"operator":null,"motorcycle":null,"lit":null,"opening_hours":null,"smoothness":null,"supervised":null,"surface":null,"indoor":null,"check_date":null,"name":null,"mapillary":null,"source":null,"check_date_capacity":null,"panoramax":null,"description":null,"operator_type":null,"addr_street":null,"addr_city":null,"addr_housenumber":null,"fixme":null,"website":null,"wheelchair":null,"level":null,"backrest":null,"addr_postcode":null,"colour":null,"moped":null,"bike_ride":null,"location":null,"capacity_cargo_bike":null,"addr_floor":null}},{"type":"Feature","id":49,"geometry":{"type":"Point","coordinates":[7.6488256000000661,45.073739200000034]},"properties":{"OBJECTID":49,"F_id":"node/2699745133","access":null,"amenity":"bicycle_parking","bicycle_parking":"stands","capacity":"6","covered":"no","fee":null,"survey_date":null,"building":null,"operator":null,"motorcycle":null,"lit":null,"opening_hours":null,"smoothness":null,"supervised":null,"surface":null,"indoor":null,"check_date":null,"name":null,"mapillary":null,"source":null,"check_date_capacity":null,"panoramax":null,"description":null,"operator_type":null,"addr_street":null,"addr_city":null,"addr_housenumber":null,"fixme":null,"website":null,"wheelchair":null,"level":null,"backrest":null,"addr_postcode":null,"colour":null,"moped":null,"bike_ride":null,"location":null,"capacity_cargo_bike":null,"addr_floor":null}},{"type":"Feature","id":50,"geometry":{"type":"Point","coordinates":[7.6588078000000337,45.074021200000061]},"properties":{"OBJECTID":50,"F_id":"node/2699745134","access":null,"amenity":"bicycle_parking","bicycle_parking":"stands","capacity":"2","covered":"yes","fee":null,"survey_date":null,"building":null,"operator":null,"motorcycle":null,"lit":null,"opening_hours":null,"smoothness":null,"supervised":null,"surface":null,"indoor":null,"check_date":null,"name":null,"mapillary":null,"source":null,"check_date_capacity":null,"panoramax":null,"description":null,"operator_type":null,"addr_street":null,"addr_city":null,"addr_housenumber":null,"fixme":null,"website":null,"wheelchair":null,"level":null,"backrest":null,"addr_postcode":null,"colour":null,"moped":null,"bike_ride":null,"location":null,"capacity_cargo_bike":null,"addr_floor":null}},{"type":"Feature","id":51,"geometry":{"type":"Point","coordinates":[7.6637997000000269,45.074072400000034]},"properties":{"OBJECTID":51,"F_id":"node/2699745135","access":null,"amenity":"bicycle_parking","bicycle_parking":"stands","capacity":"1","covered":"no","fee":null,"survey_date":null,"building":null,"operator":null,"motorcycle":null,"lit":null,"opening_hours":null,"smoothness":null,"supervised":null,"surface":null,"indoor":null,"check_date":null,"name":null,"mapillary":null,"source":null,"check_date_capacity":null,"panoramax":null,"description":null,"operator_type":null,"addr_street":null,"addr_city":null,"addr_housenumber":null,"fixme":null,"website":null,"wheelchair":null,"level":null,"backrest":null,"addr_postcode":null,"colour":null,"moped":null,"bike_ride":null,"location":null,"capacity_cargo_bike":null,"addr_floor":null}},{"type":"Feature","id":52,"geometry":{"type":"Point","coordinates":[7.6641052000000514,45.074523700000043]},"properties":{"OBJECTID":52,"F_id":"node/2699745136","access":null,"amenity":"bicycle_parking","bicycle_parking":null,"capacity":null,"covered":"no","fee":null,"survey_date":null,"building":null,"operator":null,"motorcycle":null,"lit":null,"opening_hours":null,"smoothness":null,"supervised":null,"surface":null,"indoor":null,"check_date":null,"name":null,"mapillary":null,"source":null,"check_date_capacity":null,"panoramax":null,"description":null,"operator_type":null,"addr_street":null,"addr_city":null,"addr_housenumber":null,"fixme":null,"website":null,"wheelchair":null,"level":null,"backrest":null,"addr_postcode":null,"colour":null,"moped":null,"bike_ride":null,"location":null,"capacity_cargo_bike":null,"addr_floor":null}},{"type":"Feature","id":53,"geometry":{"type":"Point","coordinates":[7.6603713000000653,45.075136300000054]},"properties":{"OBJECTID":53,"F_id":"node/2699745137","access":null,"amenity":"bicycle_parking","bicycle_parking":null,"capacity":null,"covered":"no","fee":null,"survey_date":null,"building":null,"operator":null,"motorcycle":null,"lit":null,"opening_hours":null,"smoothness":null,"supervised":null,"surface":null,"indoor":null,"check_date":null,"name":null,"mapillary":null,"source":null,"check_date_capacity":null,"panoramax":null,"description":null,"operator_type":null,"addr_street":null,"addr_city":null,"addr_housenumber":null,"fixme":null,"website":null,"wheelchair":null,"level":null,"backrest":null,"addr_postcode":null,"colour":null,"moped":null,"bike_ride":null,"location":null,"capacity_cargo_bike":null,"addr_floor":null}},{"type":"Feature","id":54,"geometry":{"type":"Point","coordinates":[7.6774559000000409,45.071452000000079]},"properties":{"OBJECTID":54,"F_id":"node/2699752831","access":null,"amenity":"bicycle_parking","bicycle_parking":"stands","capacity":"8","covered":"no","fee":null,"survey_date":null,"building":null,"operator":null,"motorcycle":null,"lit":null,"opening_hours":null,"smoothness":null,"supervised":null,"surface":null,"indoor":null,"check_date":null,"name":null,"mapillary":null,"source":null,"check_date_capacity":null,"panoramax":null,"description":null,"operator_type":null,"addr_street":null,"addr_city":null,"addr_housenumber":null,"fixme":null,"website":null,"wheelchair":null,"level":null,"backrest":null,"addr_postcode":null,"colour":null,"moped":null,"bike_ride":null,"location":null,"capacity_cargo_bike":null,"addr_floor":null}},{"type":"Feature","id":55,"geometry":{"type":"Point","coordinates":[7.6805756000000542,45.071155300000044]},"properties":{"OBJECTID":55,"F_id":"node/2699752832","access":null,"amenity":"bicycle_parking","bicycle_parking":"stands","capacity":"8","covered":"no","fee":null,"survey_date":null,"building":null,"operator":null,"motorcycle":null,"lit":null,"opening_hours":null,"smoothness":null,"supervised":null,"surface":null,"indoor":null,"check_date":"2025-08-03","name":null,"mapillary":"1589406761262648","source":null,"check_date_capacity":"2025-08-03","panoramax":null,"description":null,"operator_type":null,"addr_street":null,"addr_city":null,"addr_housenumber":null,"fixme":null,"website":null,"wheelchair":null,"level":null,"backrest":null,"addr_postcode":null,"colour":null,"moped":null,"bike_ride":null,"location":null,"capacity_cargo_bike":null,"addr_floor":null}},{"type":"Feature","id":56,"geometry":{"type":"Point","coordinates":[7.676757000000066,45.071578300000056]},"properties":{"OBJECTID":56,"F_id":"node/2699752833","access":null,"amenity":"bicycle_parking","bicycle_parking":"stands","capacity":"6","covered":"no","fee":null,"survey_date":null,"building":null,"operator":null,"motorcycle":null,"lit":null,"opening_hours":null,"smoothness":null,"supervised":null,"surface":null,"indoor":null,"check_date":null,"name":null,"mapillary":null,"source":null,"check_date_capacity":"2025-05-21","panoramax":null,"description":null,"operator_type":null,"addr_street":null,"addr_city":null,"addr_housenumber":null,"fixme":null,"website":null,"wheelchair":null,"level":null,"backrest":null,"addr_postcode":null,"colour":null,"moped":null,"bike_ride":null,"location":null,"capacity_cargo_bike":null,"addr_floor":null}},{"type":"Feature","id":57,"geometry":{"type":"Point","coordinates":[7.6805735000000368,45.071916800000054]},"properties":{"OBJECTID":57,"F_id":"node/2699752834","access":null,"amenity":"bicycle_parking","bicycle_parking":"wall_loops","capacity":"4","covered":"no","fee":null,"survey_date":null,"building":null,"operator":null,"motorcycle":null,"lit":null,"opening_hours":null,"smoothness":null,"supervised":null,"surface":null,"indoor":null,"check_date":null,"name":null,"mapillary":null,"source":null,"check_date_capacity":null,"panoramax":null,"description":null,"operator_type":null,"addr_street":null,"addr_city":null,"addr_housenumber":null,"fixme":null,"website":null,"wheelchair":null,"level":null,"backrest":null,"addr_postcode":null,"colour":null,"moped":null,"bike_ride":null,"location":null,"capacity_cargo_bike":null,"addr_floor":null}},{"type":"Feature","id":58,"geometry":{"type":"Point","coordinates":[7.673173600000041,45.072159300000067]},"properties":{"OBJECTID":58,"F_id":"node/2699752835","access":null,"amenity":"bicycle_parking","bicycle_parking":"stands","capacity":"10","covered":"no","fee":null,"survey_date":null,"building":null,"operator":null,"motorcycle":null,"lit":null,"opening_hours":null,"smoothness":null,"supervised":null,"surface":null,"indoor":null,"check_date":null,"name":null,"mapillary":null,"source":null,"check_date_capacity":null,"panoramax":null,"description":null,"operator_type":null,"addr_street":null,"addr_city":null,"addr_housenumber":null,"fixme":null,"website":null,"wheelchair":null,"level":null,"backrest":null,"addr_postcode":null,"colour":null,"moped":null,"bike_ride":null,"location":null,"capacity_cargo_bike":null,"addr_floor":null}},{"type":"Feature","id":59,"geometry":{"type":"Point","coordinates":[7.6726941000000579,45.072895900000049]},"properties":{"OBJECTID":59,"F_id":"node/2699752836","access":null,"amenity":"bicycle_parking","bicycle_parking":null,"capacity":null,"covered":"no","fee":null,"survey_date":null,"building":null,"operator":null,"motorcycle":null,"lit":null,"opening_hours":null,"smoothness":null,"supervised":null,"surface":null,"indoor":null,"check_date":"2025-08-16","name":null,"mapillary":null,"source":null,"check_date_capacity":null,"panoramax":null,"description":null,"operator_type":null,"addr_street":null,"addr_city":null,"addr_housenumber":null,"fixme":null,"website":null,"wheelchair":null,"level":null,"backrest":null,"addr_postcode":null,"colour":null,"moped":null,"bike_ride":null,"location":null,"capacity_cargo_bike":null,"addr_floor":null}},{"type":"Feature","id":60,"geometry":{"type":"Point","coordinates":[7.674161300000037,45.073447100000067]},"properties":{"OBJECTID":60,"F_id":"node/2699752837","access":null,"amenity":"bicycle_parking","bicycle_parking":"stands","capacity":"6","covered":"no","fee":null,"survey_date":null,"building":null,"operator":null,"motorcycle":null,"lit":null,"opening_hours":null,"smoothness":null,"supervised":null,"surface":null,"indoor":null,"check_date":null,"name":null,"mapillary":null,"source":null,"check_date_capacity":null,"panoramax":null,"description":null,"operator_type":null,"addr_street":null,"addr_city":null,"addr_housenumber":null,"fixme":null,"website":null,"wheelchair":null,"level":null,"backrest":null,"addr_postcode":null,"colour":null,"moped":null,"bike_ride":null,"location":null,"capacity_cargo_bike":null,"addr_floor":null}},{"type":"Feature","id":61,"geometry":{"type":"Point","coordinates":[7.6686367000000359,45.073743600000057]},"properties":{"OBJECTID":61,"F_id":"node/2699752839","access":null,"amenity":"bicycle_parking","bicycle_parking":"stands","capacity":"26","covered":"no","fee":null,"survey_date":null,"building":null,"operator":null,"motorcycle":null,"lit":null,"opening_hours":null,"smoothness":null,"supervised":null,"surface":null,"indoor":null,"check_date":null,"name":null,"mapillary":null,"source":null,"check_date_capacity":"2024-06-21","panoramax":null,"description":null,"operator_type":null,"addr_street":null,"addr_city":null,"addr_housenumber":null,"fixme":null,"website":null,"wheelchair":null,"level":null,"backrest":null,"addr_postcode":null,"colour":null,"moped":null,"bike_ride":null,"location":null,"capacity_cargo_bike":null,"addr_floor":null}},{"type":"Feature","id":62,"geometry":{"type":"Point","coordinates":[7.6762592000000609,45.073420400000032]},"properties":{"OBJECTID":62,"F_id":"node/2699752840","access":"yes","amenity":"bicycle_parking","bicycle_parking":"stands","capacity":"4","covered":"no","fee":null,"survey_date":null,"building":null,"operator":null,"motorcycle":null,"lit":null,"opening_hours":null,"smoothness":null,"supervised":null,"surface":null,"indoor":null,"check_date":null,"name":null,"mapillary":null,"source":null,"check_date_capacity":null,"panoramax":null,"description":null,"operator_type":null,"addr_street":null,"addr_city":null,"addr_housenumber":null,"fixme":null,"website":null,"wheelchair":null,"level":null,"backrest":null,"addr_postcode":null,"colour":null,"moped":null,"bike_ride":null,"location":null,"capacity_cargo_bike":null,"addr_floor":null}},{"type":"Feature","id":63,"geometry":{"type":"Point","coordinates":[7.6754728000000227,45.074016300000039]},"properties":{"OBJECTID":63,"F_id":"node/2699752842","access":null,"amenity":"bicycle_parking","bicycle_parking":"stands","capacity":"46","covered":"no","fee":null,"survey_date":null,"building":null,"operator":null,"motorcycle":null,"lit":null,"opening_hours":null,"smoothness":null,"supervised":null,"surface":null,"indoor":null,"check_date":null,"name":null,"mapillary":null,"source":null,"check_date_capacity":null,"panoramax":null,"description":null,"operator_type":null,"addr_street":null,"addr_city":null,"addr_housenumber":null,"fixme":null,"website":null,"wheelchair":null,"level":null,"backrest":null,"addr_postcode":null,"colour":null,"moped":null,"bike_ride":null,"location":null,"capacity_cargo_bike":null,"addr_floor":null}},{"type":"Feature","id":64,"geometry":{"type":"Point","coordinates":[7.6716900000000692,45.074222200000065]},"properties":{"OBJECTID":64,"F_id":"node/2699752843","access":"yes","amenity":"bicycle_parking","bicycle_parking":"stands","capacity":"22","covered":"no","fee":"no","survey_date":null,"building":null,"operator":null,"motorcycle":null,"lit":null,"opening_hours":null,"smoothness":null,"supervised":null,"surface":null,"indoor":null,"check_date":null,"name":null,"mapillary":null,"source":null,"check_date_capacity":null,"panoramax":null,"description":null,"operator_type":null,"addr_street":null,"addr_city":null,"addr_housenumber":null,"fixme":null,"website":null,"wheelchair":null,"level":null,"backrest":null,"addr_postcode":null,"colour":null,"moped":null,"bike_ride":null,"location":null,"capacity_cargo_bike":null,"addr_floor":null}},{"type":"Feature","id":65,"geometry":{"type":"Point","coordinates":[7.6790439000000674,45.074259600000062]},"properties":{"OBJECTID":65,"F_id":"node/2699752844","access":null,"amenity":"bicycle_parking","bicycle_parking":"stands","capacity":"8","covered":"no","fee":null,"survey_date":null,"building":null,"operator":null,"motorcycle":null,"lit":null,"opening_hours":null,"smoothness":null,"supervised":null,"surface":null,"indoor":null,"check_date":null,"name":null,"mapillary":null,"source":null,"check_date_capacity":null,"panoramax":null,"description":null,"operator_type":null,"addr_street":null,"addr_city":null,"addr_housenumber":null,"fixme":null,"website":null,"wheelchair":null,"level":null,"backrest":null,"addr_postcode":null,"colour":null,"moped":null,"bike_ride":null,"location":null,"capacity_cargo_bike":null,"addr_floor":null}},{"type":"Feature","id":66,"geometry":{"type":"Point","coordinates":[7.6680196000000365,45.074405100000035]},"properties":{"OBJECTID":66,"F_id":"node/2699752845","access":null,"amenity":"bicycle_parking","bicycle_parking":null,"capacity":null,"covered":"no","fee":null,"survey_date":null,"building":null,"operator":null,"motorcycle":null,"lit":null,"opening_hours":null,"smoothness":null,"supervised":null,"surface":null,"indoor":null,"check_date":null,"name":null,"mapillary":null,"source":null,"check_date_capacity":null,"panoramax":null,"description":null,"operator_type":null,"addr_street":null,"addr_city":null,"addr_housenumber":null,"fixme":null,"website":null,"wheelchair":null,"level":null,"backrest":null,"addr_postcode":null,"colour":null,"moped":null,"bike_ride":null,"location":null,"capacity_cargo_bike":null,"addr_floor":null}},{"type":"Feature","id":67,"geometry":{"type":"Point","coordinates":[7.6709090000000515,45.074524800000063]},"properties":{"OBJECTID":67,"F_id":"node/2699752846","access":null,"amenity":"bicycle_parking","bicycle_parking":"stands","capacity":"14","covered":"no","fee":null,"survey_date":null,"building":null,"operator":null,"motorcycle":null,"lit":null,"opening_hours":null,"smoothness":null,"supervised":null,"surface":null,"indoor":null,"check_date":null,"name":null,"mapillary":null,"source":null,"check_date_capacity":null,"panoramax":null,"description":null,"operator_type":null,"addr_street":null,"addr_city":null,"addr_housenumber":null,"fixme":null,"website":null,"wheelchair":null,"level":null,"backrest":null,"addr_postcode":null,"colour":null,"moped":null,"bike_ride":null,"location":null,"capacity_cargo_bike":null,"addr_floor":null}},{"type":"Feature","id":68,"geometry":{"type":"Point","coordinates":[7.6693047000000547,45.075068600000066]},"properties":{"OBJECTID":68,"F_id":"node/2699752848","access":null,"amenity":"bicycle_parking","bicycle_parking":"stands","capacity":"8","covered":"no","fee":null,"survey_date":null,"building":null,"operator":null,"motorcycle":null,"lit":null,"opening_hours":null,"smoothness":null,"supervised":null,"surface":null,"indoor":null,"check_date":null,"name":null,"mapillary":null,"source":null,"check_date_capacity":null,"panoramax":null,"description":null,"operator_type":null,"addr_street":null,"addr_city":null,"addr_housenumber":null,"fixme":null,"website":null,"wheelchair":null,"level":null,"backrest":null,"addr_postcode":null,"colour":null,"moped":null,"bike_ride":null,"location":null,"capacity_cargo_bike":null,"addr_floor":null}},{"type":"Feature","id":69,"geometry":{"type":"Point","coordinates":[7.6742922000000249,45.075141400000064]},"properties":{"OBJECTID":69,"F_id":"node/2699752850","access":null,"amenity":"bicycle_parking","bicycle_parking":"stands","capacity":"5","covered":"no","fee":null,"survey_date":"2021-01-30","building":null,"operator":null,"motorcycle":null,"lit":null,"opening_hours":null,"smoothness":null,"supervised":null,"surface":null,"indoor":null,"check_date":null,"name":null,"mapillary":"253115553227889","source":null,"check_date_capacity":null,"panoramax":null,"description":null,"operator_type":null,"addr_street":null,"addr_city":null,"addr_housenumber":null,"fixme":null,"website":null,"wheelchair":null,"level":null,"backrest":null,"addr_postcode":null,"colour":null,"moped":null,"bike_ride":null,"location":null,"capacity_cargo_bike":null,"addr_floor":null}},{"type":"Feature","id":70,"geometry":{"type":"Point","coordinates":[7.6771922000000359,45.07535340000004]},"properties":{"OBJECTID":70,"F_id":"node/2699752853","access":null,"amenity":"bicycle_parking","bicycle_parking":"stands","capacity":"5","covered":"no","fee":null,"survey_date":null,"building":null,"operator":null,"motorcycle":null,"lit":null,"opening_hours":null,"smoothness":null,"supervised":null,"surface":null,"indoor":null,"check_date":null,"name":null,"mapillary":null,"source":null,"check_date_capacity":null,"panoramax":null,"description":null,"operator_type":null,"addr_street":null,"addr_city":null,"addr_housenumber":null,"fixme":null,"website":null,"wheelchair":null,"level":null,"backrest":null,"addr_postcode":null,"colour":null,"moped":null,"bike_ride":null,"location":null,"capacity_cargo_bike":null,"addr_floor":null}},{"type":"Feature","id":71,"geometry":{"type":"Point","coordinates":[7.6780639000000406,45.075478400000065]},"properties":{"OBJECTID":71,"F_id":"node/2699752854","access":null,"amenity":"bicycle_parking","bicycle_parking":"stands","capacity":"6","covered":"no","fee":null,"survey_date":"2019-05-29","building":null,"operator":null,"motorcycle":null,"lit":null,"opening_hours":null,"smoothness":null,"supervised":null,"surface":null,"indoor":null,"check_date":null,"name":null,"mapillary":"765524044156474","source":null,"check_date_capacity":null,"panoramax":null,"description":null,"operator_type":null,"addr_street":null,"addr_city":null,"addr_housenumber":null,"fixme":null,"website":null,"wheelchair":null,"level":null,"backrest":null,"addr_postcode":null,"colour":null,"moped":null,"bike_ride":null,"location":null,"capacity_cargo_bike":null,"addr_floor":null}},{"type":"Feature","id":72,"geometry":{"type":"Point","coordinates":[7.6692514000000642,45.075780500000064]},"properties":{"OBJECTID":72,"F_id":"node/2699752855","access":null,"amenity":"bicycle_parking","bicycle_parking":null,"capacity":null,"covered":null,"fee":null,"survey_date":null,"building":null,"operator":null,"motorcycle":null,"lit":null,"opening_hours":null,"smoothness":null,"supervised":null,"surface":null,"indoor":null,"check_date":null,"name":null,"mapillary":null,"source":null,"check_date_capacity":null,"panoramax":null,"description":null,"operator_type":null,"addr_street":null,"addr_city":null,"addr_housenumber":null,"fixme":null,"website":null,"wheelchair":null,"level":null,"backrest":null,"addr_postcode":null,"colour":null,"moped":null,"bike_ride":null,"location":null,"capacity_cargo_bike":null,"addr_floor":null}},{"type":"Feature","id":73,"geometry":{"type":"Point","coordinates":[7.6763700000000767,45.076686300000063]},"properties":{"OBJECTID":73,"F_id":"node/2699752857","access":null,"amenity":"bicycle_parking","bicycle_parking":null,"capacity":"8","covered":null,"fee":null,"survey_date":null,"building":null,"operator":null,"motorcycle":null,"lit":null,"opening_hours":null,"smoothness":null,"supervised":null,"surface":null,"indoor":null,"check_date":null,"name":null,"mapillary":null,"source":null,"check_date_capacity":null,"panoramax":null,"description":null,"operator_type":null,"addr_street":null,"addr_city":null,"addr_housenumber":null,"fixme":null,"website":null,"wheelchair":null,"level":null,"backrest":null,"addr_postcode":null,"colour":null,"moped":null,"bike_ride":null,"location":null,"capacity_cargo_bike":null,"addr_floor":null}},{"type":"Feature","id":74,"geometry":{"type":"Point","coordinates":[7.6665939000000662,45.076750000000061]},"properties":{"OBJECTID":74,"F_id":"node/2699752858","access":null,"amenity":"bicycle_parking","bicycle_parking":null,"capacity":null,"covered":"yes","fee":null,"survey_date":null,"building":null,"operator":null,"motorcycle":null,"lit":null,"opening_hours":null,"smoothness":null,"supervised":null,"surface":null,"indoor":null,"check_date":null,"name":null,"mapillary":null,"source":null,"check_date_capacity":null,"panoramax":null,"description":null,"operator_type":null,"addr_street":null,"addr_city":null,"addr_housenumber":null,"fixme":null,"website":null,"wheelchair":null,"level":null,"backrest":null,"addr_postcode":null,"colour":null,"moped":null,"bike_ride":null,"location":null,"capacity_cargo_bike":null,"addr_floor":null}},{"type":"Feature","id":75,"geometry":{"type":"Point","coordinates":[7.6770749000000365,45.077574500000026]},"properties":{"OBJECTID":75,"F_id":"node/2699752859","access":"yes","amenity":"bicycle_parking","bicycle_parking":"stands","capacity":"8","covered":"no","fee":"no","survey_date":null,"building":null,"operator":null,"motorcycle":null,"lit":null,"opening_hours":null,"smoothness":null,"supervised":null,"surface":null,"indoor":null,"check_date":null,"name":null,"mapillary":null,"source":null,"check_date_capacity":null,"panoramax":null,"description":null,"operator_type":null,"addr_street":null,"addr_city":null,"addr_housenumber":null,"fixme":null,"website":null,"wheelchair":null,"level":null,"backrest":null,"addr_postcode":null,"colour":null,"moped":null,"bike_ride":null,"location":null,"capacity_cargo_bike":null,"addr_floor":null}},{"type":"Feature","id":76,"geometry":{"type":"Point","coordinates":[7.6834154000000581,45.069270200000062]},"properties":{"OBJECTID":76,"F_id":"node/2699753641","access":null,"amenity":"bicycle_parking","bicycle_parking":"stands","capacity":"28","covered":"no","fee":null,"survey_date":"2026-05-24","building":null,"operator":null,"motorcycle":null,"lit":null,"opening_hours":null,"smoothness":null,"supervised":null,"surface":null,"indoor":null,"check_date":null,"name":null,"mapillary":null,"source":null,"check_date_capacity":null,"panoramax":null,"description":null,"operator_type":null,"addr_street":null,"addr_city":null,"addr_housenumber":null,"fixme":null,"website":null,"wheelchair":null,"level":null,"backrest":null,"addr_postcode":null,"colour":null,"moped":null,"bike_ride":null,"location":null,"capacity_cargo_bike":null,"addr_floor":null}},{"type":"Feature","id":77,"geometry":{"type":"Point","coordinates":[7.6807718000000591,45.070164000000034]},"properties":{"OBJECTID":77,"F_id":"node/2699753644","access":null,"amenity":"bicycle_parking","bicycle_parking":"stands","capacity":"10","covered":"no","fee":null,"survey_date":null,"building":null,"operator":null,"motorcycle":null,"lit":null,"opening_hours":null,"smoothness":null,"supervised":null,"surface":null,"indoor":null,"check_date":null,"name":null,"mapillary":null,"source":null,"check_date_capacity":null,"panoramax":null,"description":null,"operator_type":null,"addr_street":null,"addr_city":null,"addr_housenumber":null,"fixme":null,"website":null,"wheelchair":null,"level":null,"backrest":null,"addr_postcode":null,"colour":null,"moped":null,"bike_ride":null,"location":null,"capacity_cargo_bike":null,"addr_floor":null}},{"type":"Feature","id":78,"geometry":{"type":"Point","coordinates":[7.6787535000000275,45.06837100000007]},"properties":{"OBJECTID":78,"F_id":"node/2699753943","access":null,"amenity":"bicycle_parking","bicycle_parking":null,"capacity":null,"covered":null,"fee":null,"survey_date":null,"building":null,"operator":null,"motorcycle":null,"lit":null,"opening_hours":null,"smoothness":null,"supervised":null,"surface":null,"indoor":null,"check_date":null,"name":null,"mapillary":null,"source":null,"check_date_capacity":null,"panoramax":null,"description":null,"operator_type":null,"addr_street":null,"addr_city":null,"addr_housenumber":null,"fixme":null,"website":null,"wheelchair":null,"level":null,"backrest":null,"addr_postcode":null,"colour":null,"moped":null,"bike_ride":null,"location":null,"capacity_cargo_bike":null,"addr_floor":null}},{"type":"Feature","id":79,"geometry":{"type":"Point","coordinates":[7.6781285000000707,45.068589300000042]},"properties":{"OBJECTID":79,"F_id":"node/2699753944","access":null,"amenity":"bicycle_parking","bicycle_parking":null,"capacity":null,"covered":null,"fee":null,"survey_date":null,"building":null,"operator":null,"motorcycle":null,"lit":null,"opening_hours":null,"smoothness":null,"supervised":null,"surface":null,"indoor":null,"check_date":null,"name":null,"mapillary":null,"source":null,"check_date_capacity":null,"panoramax":null,"description":null,"operator_type":null,"addr_street":null,"addr_city":null,"addr_housenumber":null,"fixme":null,"website":null,"wheelchair":null,"level":null,"backrest":null,"addr_postcode":null,"colour":null,"moped":null,"bike_ride":null,"location":null,"capacity_cargo_bike":null,"addr_floor":null}},{"type":"Feature","id":80,"geometry":{"type":"Point","coordinates":[7.6748939000000291,45.069161100000031]},"properties":{"OBJECTID":80,"F_id":"node/2699753945","access":null,"amenity":"bicycle_parking","bicycle_parking":"stands","capacity":null,"covered":"no","fee":null,"survey_date":null,"building":null,"operator":null,"motorcycle":null,"lit":null,"opening_hours":null,"smoothness":null,"supervised":null,"surface":null,"indoor":null,"check_date":"2025-09-24","name":null,"mapillary":null,"source":null,"check_date_capacity":null,"panoramax":null,"description":null,"operator_type":null,"addr_street":null,"addr_city":null,"addr_housenumber":null,"fixme":null,"website":null,"wheelchair":null,"level":null,"backrest":null,"addr_postcode":null,"colour":null,"moped":null,"bike_ride":null,"location":null,"capacity_cargo_bike":null,"addr_floor":null}},{"type":"Feature","id":81,"geometry":{"type":"Point","coordinates":[7.6763768000000709,45.069165400000031]},"properties":{"OBJECTID":81,"F_id":"node/2699753946","access":null,"amenity":"bicycle_parking","bicycle_parking":null,"capacity":null,"covered":null,"fee":null,"survey_date":null,"building":null,"operator":null,"motorcycle":null,"lit":null,"opening_hours":null,"smoothness":null,"supervised":null,"surface":null,"indoor":null,"check_date":null,"name":null,"mapillary":null,"source":null,"check_date_capacity":null,"panoramax":null,"description":null,"operator_type":null,"addr_street":null,"addr_city":null,"addr_housenumber":null,"fixme":null,"website":null,"wheelchair":null,"level":null,"backrest":null,"addr_postcode":null,"colour":null,"moped":null,"bike_ride":null,"location":null,"capacity_cargo_bike":null,"addr_floor":null}},{"type":"Feature","id":82,"geometry":{"type":"Point","coordinates":[7.6758354000000395,45.069392300000061]},"properties":{"OBJECTID":82,"F_id":"node/2699753947","access":null,"amenity":"bicycle_parking","bicycle_parking":null,"capacity":null,"covered":null,"fee":null,"survey_date":null,"building":null,"operator":null,"motorcycle":null,"lit":null,"opening_hours":null,"smoothness":null,"supervised":null,"surface":null,"indoor":null,"check_date":null,"name":null,"mapillary":null,"source":null,"check_date_capacity":null,"panoramax":null,"description":null,"operator_type":null,"addr_street":null,"addr_city":null,"addr_housenumber":null,"fixme":null,"website":null,"wheelchair":null,"level":null,"backrest":null,"addr_postcode":null,"colour":null,"moped":null,"bike_ride":null,"location":null,"capacity_cargo_bike":null,"addr_floor":null}},{"type":"Feature","id":83,"geometry":{"type":"Point","coordinates":[7.6761633000000415,45.069463300000052]},"properties":{"OBJECTID":83,"F_id":"node/2699753948","access":null,"amenity":"bicycle_parking","bicycle_parking":null,"capacity":null,"covered":null,"fee":null,"survey_date":null,"building":null,"operator":null,"motorcycle":null,"lit":null,"opening_hours":null,"smoothness":null,"supervised":null,"surface":null,"indoor":null,"check_date":null,"name":null,"mapillary":null,"source":null,"check_date_capacity":null,"panoramax":null,"description":null,"operator_type":null,"addr_street":null,"addr_city":null,"addr_housenumber":null,"fixme":null,"website":null,"wheelchair":null,"level":null,"backrest":null,"addr_postcode":null,"colour":null,"moped":null,"bike_ride":null,"location":null,"capacity_cargo_bike":null,"addr_floor":null}},{"type":"Feature","id":84,"geometry":{"type":"Point","coordinates":[7.6769259000000716,45.069584200000065]},"properties":{"OBJECTID":84,"F_id":"node/2699753949","access":null,"amenity":"bicycle_parking","bicycle_parking":"stands","capacity":null,"covered":"no","fee":null,"survey_date":null,"building":null,"operator":null,"motorcycle":null,"lit":null,"opening_hours":null,"smoothness":null,"supervised":null,"surface":null,"indoor":null,"check_date":null,"name":null,"mapillary":null,"source":null,"check_date_capacity":null,"panoramax":null,"description":null,"operator_type":null,"addr_street":null,"addr_city":null,"addr_housenumber":null,"fixme":null,"website":null,"wheelchair":null,"level":null,"backrest":null,"addr_postcode":null,"colour":null,"moped":null,"bike_ride":null,"location":null,"capacity_cargo_bike":null,"addr_floor":null}},{"type":"Feature","id":85,"geometry":{"type":"Point","coordinates":[7.6766187000000627,45.070089900000028]},"properties":{"OBJECTID":85,"F_id":"node/2699753950","access":null,"amenity":"bicycle_parking","bicycle_parking":null,"capacity":null,"covered":null,"fee":null,"survey_date":null,"building":null,"operator":null,"motorcycle":null,"lit":null,"opening_hours":null,"smoothness":null,"supervised":null,"surface":null,"indoor":null,"check_date":null,"name":null,"mapillary":null,"source":null,"check_date_capacity":null,"panoramax":null,"description":null,"operator_type":null,"addr_street":null,"addr_city":null,"addr_housenumber":null,"fixme":null,"website":null,"wheelchair":null,"level":null,"backrest":null,"addr_postcode":null,"colour":null,"moped":null,"bike_ride":null,"location":null,"capacity_cargo_bike":null,"addr_floor":null}},{"type":"Feature","id":86,"geometry":{"type":"Point","coordinates":[7.6755620000000704,45.070231800000045]},"properties":{"OBJECTID":86,"F_id":"node/2699753951","access":null,"amenity":"bicycle_parking","bicycle_parking":null,"capacity":null,"covered":"no","fee":null,"survey_date":null,"building":null,"operator":null,"motorcycle":null,"lit":null,"opening_hours":null,"smoothness":null,"supervised":null,"surface":null,"indoor":null,"check_date":"2025-09-24","name":null,"mapillary":null,"source":null,"check_date_capacity":null,"panoramax":null,"description":null,"operator_type":null,"addr_street":null,"addr_city":null,"addr_housenumber":null,"fixme":null,"website":null,"wheelchair":null,"level":null,"backrest":null,"addr_postcode":null,"colour":null,"moped":null,"bike_ride":null,"location":null,"capacity_cargo_bike":null,"addr_floor":null}},{"type":"Feature","id":87,"geometry":{"type":"Point","coordinates":[7.6697962000000643,45.066818100000035]},"properties":{"OBJECTID":87,"F_id":"node/2699754605","access":null,"amenity":"bicycle_parking","bicycle_parking":"stands","capacity":"2","covered":"no","fee":null,"survey_date":null,"building":null,"operator":null,"motorcycle":null,"lit":null,"opening_hours":null,"smoothness":null,"supervised":null,"surface":null,"indoor":null,"check_date":"2022-02-26","name":null,"mapillary":null,"source":null,"check_date_capacity":null,"panoramax":null,"description":null,"operator_type":null,"addr_street":null,"addr_city":null,"addr_housenumber":null,"fixme":null,"website":null,"wheelchair":null,"level":null,"backrest":null,"addr_postcode":null,"colour":null,"moped":null,"bike_ride":null,"location":null,"capacity_cargo_bike":null,"addr_floor":null}},{"type":"Feature","id":88,"geometry":{"type":"Point","coordinates":[7.6692662000000382,45.068344400000058]},"properties":{"OBJECTID":88,"F_id":"node/2699754607","access":null,"amenity":"bicycle_parking","bicycle_parking":"stands","capacity":"10","covered":"no","fee":null,"survey_date":null,"building":null,"operator":null,"motorcycle":null,"lit":null,"opening_hours":null,"smoothness":null,"supervised":null,"surface":null,"indoor":null,"check_date":"2025-06-10","name":null,"mapillary":null,"source":null,"check_date_capacity":"2025-06-10","panoramax":null,"description":null,"operator_type":null,"addr_street":null,"addr_city":null,"addr_housenumber":null,"fixme":null,"website":null,"wheelchair":null,"level":null,"backrest":null,"addr_postcode":null,"colour":null,"moped":null,"bike_ride":null,"location":null,"capacity_cargo_bike":null,"addr_floor":null}},{"type":"Feature","id":89,"geometry":{"type":"Point","coordinates":[7.6721488000000591,45.068355300000064]},"properties":{"OBJECTID":89,"F_id":"node/2699754609","access":null,"amenity":"bicycle_parking","bicycle_parking":"stands","capacity":"2","covered":"no","fee":null,"survey_date":null,"building":null,"operator":null,"motorcycle":null,"lit":null,"opening_hours":null,"smoothness":null,"supervised":null,"surface":null,"indoor":null,"check_date":null,"name":null,"mapillary":null,"source":null,"check_date_capacity":null,"panoramax":null,"description":null,"operator_type":null,"addr_street":null,"addr_city":null,"addr_housenumber":null,"fixme":null,"website":null,"wheelchair":null,"level":null,"backrest":null,"addr_postcode":null,"colour":null,"moped":null,"bike_ride":null,"location":null,"capacity_cargo_bike":null,"addr_floor":null}},{"type":"Feature","id":90,"geometry":{"type":"Point","coordinates":[7.6719219000000294,45.068578400000035]},"properties":{"OBJECTID":90,"F_id":"node/2699754610","access":null,"amenity":"bicycle_parking","bicycle_parking":"stands","capacity":"8","covered":"no","fee":null,"survey_date":null,"building":null,"operator":null,"motorcycle":null,"lit":null,"opening_hours":null,"smoothness":null,"supervised":null,"surface":null,"indoor":null,"check_date":null,"name":null,"mapillary":null,"source":null,"check_date_capacity":null,"panoramax":null,"description":null,"operator_type":null,"addr_street":null,"addr_city":null,"addr_housenumber":null,"fixme":null,"website":null,"wheelchair":null,"level":null,"backrest":null,"addr_postcode":null,"colour":null,"moped":null,"bike_ride":null,"location":null,"capacity_cargo_bike":null,"addr_floor":null}},{"type":"Feature","id":91,"geometry":{"type":"Point","coordinates":[7.6721401000000355,45.070124400000054]},"properties":{"OBJECTID":91,"F_id":"node/2699754613","access":null,"amenity":"bicycle_parking","bicycle_parking":"stands","capacity":"6","covered":"no","fee":null,"survey_date":null,"building":null,"operator":null,"motorcycle":null,"lit":null,"opening_hours":null,"smoothness":null,"supervised":null,"surface":null,"indoor":null,"check_date":null,"name":null,"mapillary":null,"source":null,"check_date_capacity":null,"panoramax":null,"description":null,"operator_type":null,"addr_street":null,"addr_city":null,"addr_housenumber":null,"fixme":null,"website":null,"wheelchair":null,"level":null,"backrest":null,"addr_postcode":null,"colour":null,"moped":null,"bike_ride":null,"location":null,"capacity_cargo_bike":null,"addr_floor":null}},{"type":"Feature","id":92,"geometry":{"type":"Point","coordinates":[7.6630535000000464,45.059616800000072]},"properties":{"OBJECTID":92,"F_id":"node/2699757972","access":null,"amenity":"bicycle_parking","bicycle_parking":"stands","capacity":"4","covered":"no","fee":null,"survey_date":null,"building":null,"operator":null,"motorcycle":null,"lit":null,"opening_hours":null,"smoothness":null,"supervised":null,"surface":null,"indoor":null,"check_date":null,"name":null,"mapillary":null,"source":null,"check_date_capacity":null,"panoramax":null,"description":null,"operator_type":null,"addr_street":null,"addr_city":null,"addr_housenumber":null,"fixme":null,"website":null,"wheelchair":null,"level":null,"backrest":null,"addr_postcode":null,"colour":null,"moped":null,"bike_ride":null,"location":null,"capacity_cargo_bike":null,"addr_floor":null}},{"type":"Feature","id":93,"geometry":{"type":"Point","coordinates":[7.6634189000000674,45.060329000000081]},"properties":{"OBJECTID":93,"F_id":"node/2699757973","access":null,"amenity":"bicycle_parking","bicycle_parking":"stands","capacity":"4","covered":"no","fee":null,"survey_date":null,"building":null,"operator":null,"motorcycle":null,"lit":null,"opening_hours":null,"smoothness":null,"supervised":null,"surface":null,"indoor":null,"check_date":null,"name":null,"mapillary":null,"source":null,"check_date_capacity":null,"panoramax":null,"description":null,"operator_type":null,"addr_street":null,"addr_city":null,"addr_housenumber":null,"fixme":null,"website":null,"wheelchair":null,"level":null,"backrest":null,"addr_postcode":null,"colour":null,"moped":null,"bike_ride":null,"location":null,"capacity_cargo_bike":null,"addr_floor":null}},{"type":"Feature","id":94,"geometry":{"type":"Point","coordinates":[7.6598900000000754,45.060349700000074]},"properties":{"OBJECTID":94,"F_id":"node/2699757974","access":null,"amenity":"bicycle_parking","bicycle_parking":"stands","capacity":"6","covered":"no","fee":null,"survey_date":null,"building":null,"operator":null,"motorcycle":null,"lit":null,"opening_hours":null,"smoothness":null,"supervised":null,"surface":null,"indoor":null,"check_date":null,"name":null,"mapillary":null,"source":null,"check_date_capacity":null,"panoramax":null,"description":null,"operator_type":null,"addr_street":null,"addr_city":null,"addr_housenumber":null,"fixme":null,"website":null,"wheelchair":null,"level":null,"backrest":null,"addr_postcode":null,"colour":null,"moped":null,"bike_ride":null,"location":null,"capacity_cargo_bike":null,"addr_floor":null}},{"type":"Feature","id":95,"geometry":{"type":"Point","coordinates":[7.6640376000000288,45.060674100000028]},"properties":{"OBJECTID":95,"F_id":"node/2699757975","access":null,"amenity":"bicycle_parking","bicycle_parking":"stands","capacity":"10","covered":"no","fee":null,"survey_date":null,"building":null,"operator":null,"motorcycle":null,"lit":null,"opening_hours":null,"smoothness":null,"supervised":null,"surface":null,"indoor":null,"check_date":null,"name":null,"mapillary":null,"source":null,"check_date_capacity":null,"panoramax":null,"description":null,"operator_type":null,"addr_street":null,"addr_city":null,"addr_housenumber":null,"fixme":null,"website":null,"wheelchair":null,"level":null,"backrest":null,"addr_postcode":null,"colour":null,"moped":null,"bike_ride":null,"location":null,"capacity_cargo_bike":null,"addr_floor":null}},{"type":"Feature","id":96,"geometry":{"type":"Point","coordinates":[7.6639386000000513,45.063859200000081]},"properties":{"OBJECTID":96,"F_id":"node/2699757978","access":null,"amenity":"bicycle_parking","bicycle_parking":"stands","capacity":"12","covered":"no","fee":null,"survey_date":null,"building":null,"operator":null,"motorcycle":null,"lit":null,"opening_hours":null,"smoothness":null,"supervised":null,"surface":null,"indoor":null,"check_date":null,"name":null,"mapillary":null,"source":null,"check_date_capacity":null,"panoramax":null,"description":null,"operator_type":null,"addr_street":null,"addr_city":null,"addr_housenumber":null,"fixme":null,"website":null,"wheelchair":null,"level":null,"backrest":null,"addr_postcode":null,"colour":null,"moped":null,"bike_ride":null,"location":null,"capacity_cargo_bike":null,"addr_floor":null}},{"type":"Feature","id":97,"geometry":{"type":"Point","coordinates":[7.6669186000000309,45.068856800000049]},"properties":{"OBJECTID":97,"F_id":"node/2699757979","access":null,"amenity":"bicycle_parking","bicycle_parking":"stands","capacity":null,"covered":"no","fee":null,"survey_date":"2019-05-29","building":null,"operator":null,"motorcycle":null,"lit":null,"opening_hours":null,"smoothness":null,"supervised":null,"surface":null,"indoor":null,"check_date":null,"name":null,"mapillary":"837705287099328","source":null,"check_date_capacity":null,"panoramax":null,"description":null,"operator_type":null,"addr_street":null,"addr_city":null,"addr_housenumber":null,"fixme":null,"website":null,"wheelchair":null,"level":null,"backrest":null,"addr_postcode":null,"colour":null,"moped":null,"bike_ride":null,"location":null,"capacity_cargo_bike":null,"addr_floor":null}},{"type":"Feature","id":98,"geometry":{"type":"Point","coordinates":[7.6665734000000612,45.068983100000025]},"properties":{"OBJECTID":98,"F_id":"node/2699757980","access":null,"amenity":"bicycle_parking","bicycle_parking":"stands","capacity":"14","covered":"no","fee":null,"survey_date":null,"building":null,"operator":null,"motorcycle":null,"lit":null,"opening_hours":null,"smoothness":null,"supervised":null,"surface":null,"indoor":null,"check_date":null,"name":null,"mapillary":null,"source":null,"check_date_capacity":null,"panoramax":null,"description":null,"operator_type":null,"addr_street":null,"addr_city":null,"addr_housenumber":null,"fixme":null,"website":null,"wheelchair":null,"level":null,"backrest":null,"addr_postcode":null,"colour":null,"moped":null,"bike_ride":null,"location":null,"capacity_cargo_bike":null,"addr_floor":null}},{"type":"Feature","id":99,"geometry":{"type":"Point","coordinates":[7.6681936000000519,45.070666600000038]},"properties":{"OBJECTID":99,"F_id":"node/2699757981","access":null,"amenity":"bicycle_parking","bicycle_parking":"stands","capacity":"6","covered":"no","fee":null,"survey_date":null,"building":null,"operator":null,"motorcycle":null,"lit":null,"opening_hours":null,"smoothness":null,"supervised":null,"surface":null,"indoor":null,"check_date":null,"name":null,"mapillary":null,"source":null,"check_date_capacity":null,"panoramax":null,"description":null,"operator_type":null,"addr_street":null,"addr_city":null,"addr_housenumber":null,"fixme":null,"website":null,"wheelchair":null,"level":null,"backrest":null,"addr_postcode":null,"colour":null,"moped":null,"bike_ride":null,"location":null,"capacity_cargo_bike":null,"addr_floor":null}},{"type":"Feature","id":100,"geometry":{"type":"Point","coordinates":[7.6676673000000619,45.070845800000029]},"properties":{"OBJECTID":100,"F_id":"node/2699757982","access":null,"amenity":"bicycle_parking","bicycle_parking":"stands","capacity":"4","covered":"no","fee":null,"survey_date":null,"building":null,"operator":null,"motorcycle":null,"lit":null,"opening_hours":null,"smoothness":null,"supervised":null,"surface":null,"indoor":null,"check_date":null,"name":null,"mapillary":null,"source":null,"check_date_capacity":null,"panoramax":null,"description":null,"operator_type":null,"addr_street":null,"addr_city":null,"addr_housenumber":null,"fixme":null,"website":null,"wheelchair":null,"level":null,"backrest":null,"addr_postcode":null,"colour":null,"moped":null,"bike_ride":null,"location":null,"capacity_cargo_bike":null,"addr_floor":null}},{"type":"Feature","id":101,"geometry":{"type":"Point","coordinates":[7.6661767000000509,45.071507700000041]},"properties":{"OBJECTID":101,"F_id":"node/2699757983","access":null,"amenity":"bicycle_parking","bicycle_parking":"stands","capacity":"40","covered":"no","fee":null,"survey_date":"2021-02-18","building":null,"operator":null,"motorcycle":null,"lit":null,"opening_hours":null,"smoothness":null,"supervised":null,"surface":null,"indoor":null,"check_date":null,"name":null,"mapillary":"991674118034916","source":null,"check_date_capacity":null,"panoramax":null,"description":null,"operator_type":null,"addr_street":null,"addr_city":null,"addr_housenumber":null,"fixme":null,"website":null,"wheelchair":null,"level":null,"backrest":null,"addr_postcode":null,"colour":null,"moped":null,"bike_ride":null,"location":null,"capacity_cargo_bike":null,"addr_floor":null}},{"type":"Feature","id":102,"geometry":{"type":"Point","coordinates":[7.6676859000000377,45.072295700000041]},"properties":{"OBJECTID":102,"F_id":"node/2699757984","access":null,"amenity":"bicycle_parking","bicycle_parking":null,"capacity":null,"covered":null,"fee":null,"survey_date":null,"building":null,"operator":null,"motorcycle":null,"lit":null,"opening_hours":null,"smoothness":null,"supervised":null,"surface":null,"indoor":null,"check_date":null,"name":null,"mapillary":null,"source":null,"check_date_capacity":null,"panoramax":null,"description":null,"operator_type":null,"addr_street":null,"addr_city":null,"addr_housenumber":null,"fixme":null,"website":null,"wheelchair":null,"level":null,"backrest":null,"addr_postcode":null,"colour":null,"moped":null,"bike_ride":null,"location":null,"capacity_cargo_bike":null,"addr_floor":null}},{"type":"Feature","id":103,"geometry":{"type":"Point","coordinates":[7.6671184000000494,45.072407200000043]},"properties":{"OBJECTID":103,"F_id":"node/2699757985","access":null,"amenity":"bicycle_parking","bicycle_parking":"wall_loops","capacity":"28","covered":"yes","fee":null,"survey_date":null,"building":null,"operator":null,"motorcycle":null,"lit":null,"opening_hours":null,"smoothness":null,"supervised":null,"surface":null,"indoor":null,"check_date":null,"name":null,"mapillary":null,"source":null,"check_date_capacity":null,"panoramax":null,"description":null,"operator_type":null,"addr_street":null,"addr_city":null,"addr_housenumber":null,"fixme":null,"website":null,"wheelchair":null,"level":null,"backrest":null,"addr_postcode":null,"colour":null,"moped":null,"bike_ride":null,"location":null,"capacity_cargo_bike":null,"addr_floor":null}},{"type":"Feature","id":104,"geometry":{"type":"Point","coordinates":[7.667874500000039,45.07256220000005]},"properties":{"OBJECTID":104,"F_id":"node/2699757986","access":null,"amenity":"bicycle_parking","bicycle_parking":null,"capacity":null,"covered":null,"fee":null,"survey_date":null,"building":null,"operator":null,"motorcycle":null,"lit":null,"opening_hours":null,"smoothness":null,"supervised":null,"surface":null,"indoor":null,"check_date":null,"name":null,"mapillary":null,"source":null,"check_date_capacity":null,"panoramax":null,"description":null,"operator_type":null,"addr_street":null,"addr_city":null,"addr_housenumber":null,"fixme":null,"website":null,"wheelchair":null,"level":null,"backrest":null,"addr_postcode":null,"colour":null,"moped":null,"bike_ride":null,"location":null,"capacity_cargo_bike":null,"addr_floor":null}},{"type":"Feature","id":105,"geometry":{"type":"Point","coordinates":[7.6678073000000495,45.072803100000044]},"properties":{"OBJECTID":105,"F_id":"node/2699757987","access":null,"amenity":"bicycle_parking","bicycle_parking":null,"capacity":null,"covered":null,"fee":null,"survey_date":null,"building":null,"operator":null,"motorcycle":null,"lit":null,"opening_hours":null,"smoothness":null,"supervised":null,"surface":null,"indoor":null,"check_date":null,"name":null,"mapillary":null,"source":null,"check_date_capacity":null,"panoramax":null,"description":null,"operator_type":null,"addr_street":null,"addr_city":null,"addr_housenumber":null,"fixme":null,"website":null,"wheelchair":null,"level":null,"backrest":null,"addr_postcode":null,"colour":null,"moped":null,"bike_ride":null,"location":null,"capacity_cargo_bike":null,"addr_floor":null}},{"type":"Feature","id":106,"geometry":{"type":"Point","coordinates":[7.6690089000000512,45.073142800000028]},"properties":{"OBJECTID":106,"F_id":"node/2699757988","access":null,"amenity":"bicycle_parking","bicycle_parking":"stands","capacity":"12","covered":"no","fee":null,"survey_date":null,"building":null,"operator":null,"motorcycle":null,"lit":null,"opening_hours":null,"smoothness":null,"supervised":null,"surface":null,"indoor":null,"check_date":null,"name":null,"mapillary":null,"source":null,"check_date_capacity":null,"panoramax":null,"description":null,"operator_type":null,"addr_street":null,"addr_city":null,"addr_housenumber":null,"fixme":null,"website":null,"wheelchair":null,"level":null,"backrest":null,"addr_postcode":null,"colour":null,"moped":null,"bike_ride":null,"location":null,"capacity_cargo_bike":null,"addr_floor":null}},{"type":"Feature","id":107,"geometry":{"type":"Point","coordinates":[7.6675312000000417,45.07352620000006]},"properties":{"OBJECTID":107,"F_id":"node/2699757989","access":null,"amenity":"bicycle_parking","bicycle_parking":"stands","capacity":"8","covered":"no","fee":null,"survey_date":"2021-02-18","building":null,"operator":null,"motorcycle":null,"lit":null,"opening_hours":null,"smoothness":null,"supervised":null,"surface":null,"indoor":null,"check_date":null,"name":null,"mapillary":"247741710438239","source":null,"check_date_capacity":null,"panoramax":null,"description":null,"operator_type":null,"addr_street":null,"addr_city":null,"addr_housenumber":null,"fixme":null,"website":null,"wheelchair":null,"level":null,"backrest":null,"addr_postcode":null,"colour":null,"moped":null,"bike_ride":null,"location":null,"capacity_cargo_bike":null,"addr_floor":null}},{"type":"Feature","id":108,"geometry":{"type":"Point","coordinates":[7.659974600000055,45.053461000000027]},"properties":{"OBJECTID":108,"F_id":"node/2699759047","access":null,"amenity":"bicycle_parking","bicycle_parking":"stands","capacity":"6","covered":"no","fee":null,"survey_date":null,"building":null,"operator":null,"motorcycle":null,"lit":null,"opening_hours":null,"smoothness":null,"supervised":null,"surface":null,"indoor":null,"check_date":"2026-04-17","name":null,"mapillary":null,"source":null,"check_date_capacity":"2026-04-17","panoramax":null,"description":null,"operator_type":null,"addr_street":null,"addr_city":null,"addr_housenumber":null,"fixme":null,"website":null,"wheelchair":null,"level":null,"backrest":null,"addr_postcode":null,"colour":null,"moped":null,"bike_ride":null,"location":null,"capacity_cargo_bike":null,"addr_floor":null}},{"type":"Feature","id":109,"geometry":{"type":"Point","coordinates":[7.6552093000000241,45.053857300000061]},"properties":{"OBJECTID":109,"F_id":"node/2699759048","access":null,"amenity":"bicycle_parking","bicycle_parking":"stands","capacity":"8","covered":"no","fee":null,"survey_date":null,"building":null,"operator":null,"motorcycle":null,"lit":null,"opening_hours":null,"smoothness":null,"supervised":null,"surface":null,"indoor":null,"check_date":null,"name":null,"mapillary":null,"source":null,"check_date_capacity":"2023-04-26","panoramax":null,"description":null,"operator_type":null,"addr_street":null,"addr_city":null,"addr_housenumber":null,"fixme":null,"website":null,"wheelchair":null,"level":null,"backrest":null,"addr_postcode":null,"colour":null,"moped":null,"bike_ride":null,"location":null,"capacity_cargo_bike":null,"addr_floor":null}},{"type":"Feature","id":110,"geometry":{"type":"Point","coordinates":[7.657977800000026,45.054107400000078]},"properties":{"OBJECTID":110,"F_id":"node/2699759049","access":null,"amenity":"bicycle_parking","bicycle_parking":"stands","capacity":"8","covered":"yes","fee":null,"survey_date":null,"building":null,"operator":null,"motorcycle":null,"lit":null,"opening_hours":null,"smoothness":null,"supervised":null,"surface":null,"indoor":null,"check_date":null,"name":null,"mapillary":null,"source":null,"check_date_capacity":null,"panoramax":null,"description":null,"operator_type":null,"addr_street":null,"addr_city":null,"addr_housenumber":null,"fixme":null,"website":null,"wheelchair":null,"level":null,"backrest":null,"addr_postcode":null,"colour":null,"moped":null,"bike_ride":null,"location":null,"capacity_cargo_bike":null,"addr_floor":null}},{"type":"Feature","id":111,"geometry":{"type":"Point","coordinates":[7.6548775000000546,45.055085500000075]},"properties":{"OBJECTID":111,"F_id":"node/2699759050","access":null,"amenity":"bicycle_parking","bicycle_parking":null,"capacity":null,"covered":"no","fee":null,"survey_date":null,"building":null,"operator":null,"motorcycle":null,"lit":null,"opening_hours":null,"smoothness":null,"supervised":null,"surface":null,"indoor":null,"check_date":"2026-04-15","name":null,"mapillary":null,"source":null,"check_date_capacity":null,"panoramax":null,"description":null,"operator_type":null,"addr_street":null,"addr_city":null,"addr_housenumber":null,"fixme":null,"website":null,"wheelchair":null,"level":null,"backrest":null,"addr_postcode":null,"colour":null,"moped":null,"bike_ride":null,"location":null,"capacity_cargo_bike":null,"addr_floor":null}},{"type":"Feature","id":112,"geometry":{"type":"Point","coordinates":[7.6570238000000472,45.055687100000057]},"properties":{"OBJECTID":112,"F_id":"node/2699759051","access":null,"amenity":"bicycle_parking","bicycle_parking":"stands","capacity":"8","covered":"no","fee":null,"survey_date":null,"building":null,"operator":null,"motorcycle":null,"lit":null,"opening_hours":null,"smoothness":null,"supervised":null,"surface":null,"indoor":null,"check_date":null,"name":null,"mapillary":null,"source":null,"check_date_capacity":null,"panoramax":null,"description":null,"operator_type":null,"addr_street":null,"addr_city":null,"addr_housenumber":null,"fixme":null,"website":null,"wheelchair":null,"level":null,"backrest":null,"addr_postcode":null,"colour":null,"moped":null,"bike_ride":null,"location":null,"capacity_cargo_bike":null,"addr_floor":null}},{"type":"Feature","id":113,"geometry":{"type":"Point","coordinates":[7.6590516000000548,45.056165000000078]},"properties":{"OBJECTID":113,"F_id":"node/2699759052","access":null,"amenity":"bicycle_parking","bicycle_parking":"stands","capacity":"4","covered":"no","fee":null,"survey_date":null,"building":null,"operator":null,"motorcycle":null,"lit":null,"opening_hours":null,"smoothness":null,"supervised":null,"surface":null,"indoor":null,"check_date":null,"name":null,"mapillary":null,"source":null,"check_date_capacity":null,"panoramax":null,"description":null,"operator_type":null,"addr_street":null,"addr_city":null,"addr_housenumber":null,"fixme":null,"website":null,"wheelchair":null,"level":null,"backrest":null,"addr_postcode":null,"colour":null,"moped":null,"bike_ride":null,"location":null,"capacity_cargo_bike":null,"addr_floor":null}},{"type":"Feature","id":114,"geometry":{"type":"Point","coordinates":[7.6575913000000355,45.057244100000048]},"properties":{"OBJECTID":114,"F_id":"node/2699759053","access":null,"amenity":"bicycle_parking","bicycle_parking":"stands","capacity":"2","covered":"no","fee":null,"survey_date":null,"building":null,"operator":null,"motorcycle":null,"lit":null,"opening_hours":null,"smoothness":null,"supervised":null,"surface":null,"indoor":null,"check_date":null,"name":null,"mapillary":null,"source":null,"check_date_capacity":null,"panoramax":null,"description":null,"operator_type":null,"addr_street":null,"addr_city":null,"addr_housenumber":null,"fixme":null,"website":null,"wheelchair":null,"level":null,"backrest":null,"addr_postcode":null,"colour":null,"moped":null,"bike_ride":null,"location":null,"capacity_cargo_bike":null,"addr_floor":null}},{"type":"Feature","id":115,"geometry":{"type":"Point","coordinates":[7.6620501000000445,45.057412800000066]},"properties":{"OBJECTID":115,"F_id":"node/2699759054","access":null,"amenity":"bicycle_parking","bicycle_parking":"stands","capacity":"8","covered":"no","fee":null,"survey_date":null,"building":null,"operator":null,"motorcycle":null,"lit":null,"opening_hours":null,"smoothness":null,"supervised":null,"surface":null,"indoor":null,"check_date":null,"name":null,"mapillary":null,"source":null,"check_date_capacity":null,"panoramax":null,"description":null,"operator_type":null,"addr_street":null,"addr_city":null,"addr_housenumber":null,"fixme":null,"website":null,"wheelchair":null,"level":null,"backrest":null,"addr_postcode":null,"colour":null,"moped":null,"bike_ride":null,"location":null,"capacity_cargo_bike":null,"addr_floor":null}},{"type":"Feature","id":116,"geometry":{"type":"Point","coordinates":[7.6616399000000683,45.057570400000031]},"properties":{"OBJECTID":116,"F_id":"node/2699759055","access":null,"amenity":"bicycle_parking","bicycle_parking":"stands","capacity":"12","covered":"no","fee":null,"survey_date":null,"building":null,"operator":null,"motorcycle":null,"lit":null,"opening_hours":null,"smoothness":null,"supervised":null,"surface":null,"indoor":null,"check_date":null,"name":null,"mapillary":null,"source":null,"check_date_capacity":null,"panoramax":null,"description":null,"operator_type":null,"addr_street":null,"addr_city":null,"addr_housenumber":null,"fixme":null,"website":null,"wheelchair":null,"level":null,"backrest":null,"addr_postcode":null,"colour":null,"moped":null,"bike_ride":null,"location":null,"capacity_cargo_bike":null,"addr_floor":null}},{"type":"Feature","id":117,"geometry":{"type":"Point","coordinates":[7.6583760000000325,45.059650000000033]},"properties":{"OBJECTID":117,"F_id":"node/2699759056","access":null,"amenity":"bicycle_parking","bicycle_parking":"stands","capacity":"6","covered":"no","fee":null,"survey_date":null,"building":null,"operator":null,"motorcycle":null,"lit":null,"opening_hours":null,"smoothness":null,"supervised":null,"surface":null,"indoor":null,"check_date":null,"name":null,"mapillary":null,"source":null,"check_date_capacity":null,"panoramax":null,"description":null,"operator_type":null,"addr_street":null,"addr_city":null,"addr_housenumber":null,"fixme":null,"website":null,"wheelchair":null,"level":null,"backrest":null,"addr_postcode":null,"colour":null,"moped":null,"bike_ride":null,"location":null,"capacity_cargo_bike":null,"addr_floor":null}},{"type":"Feature","id":118,"geometry":{"type":"Point","coordinates":[7.6594202000000564,45.059827300000052]},"properties":{"OBJECTID":118,"F_id":"node/2699759057","access":null,"amenity":"bicycle_parking","bicycle_parking":"stands","capacity":"6","covered":"no","fee":null,"survey_date":null,"building":null,"operator":null,"motorcycle":null,"lit":null,"opening_hours":null,"smoothness":null,"supervised":null,"surface":null,"indoor":null,"check_date":"2025-07-22","name":null,"mapillary":null,"source":null,"check_date_capacity":"2025-07-22","panoramax":null,"description":null,"operator_type":null,"addr_street":null,"addr_city":null,"addr_housenumber":null,"fixme":null,"website":null,"wheelchair":null,"level":null,"backrest":null,"addr_postcode":null,"colour":null,"moped":null,"bike_ride":null,"location":null,"capacity_cargo_bike":null,"addr_floor":null}},{"type":"Feature","id":119,"geometry":{"type":"Point","coordinates":[7.6586120000000619,45.060114300000066]},"properties":{"OBJECTID":119,"F_id":"node/2699759058","access":null,"amenity":"bicycle_parking","bicycle_parking":"stands","capacity":"6","covered":"no","fee":null,"survey_date":null,"building":null,"operator":null,"motorcycle":null,"lit":null,"opening_hours":null,"smoothness":null,"supervised":null,"surface":null,"indoor":null,"check_date":null,"name":null,"mapillary":null,"source":null,"check_date_capacity":null,"panoramax":null,"description":null,"operator_type":null,"addr_street":null,"addr_city":null,"addr_housenumber":null,"fixme":null,"website":null,"wheelchair":null,"level":null,"backrest":null,"addr_postcode":null,"colour":null,"moped":null,"bike_ride":null,"location":null,"capacity_cargo_bike":null,"addr_floor":null}},{"type":"Feature","id":120,"geometry":{"type":"Point","coordinates":[7.6509547000000566,45.055912100000057]},"properties":{"OBJECTID":120,"F_id":"node/2699760634","access":null,"amenity":"bicycle_parking","bicycle_parking":null,"capacity":null,"covered":null,"fee":null,"survey_date":null,"building":null,"operator":null,"motorcycle":null,"lit":null,"opening_hours":null,"smoothness":null,"supervised":null,"surface":null,"indoor":null,"check_date":null,"name":null,"mapillary":null,"source":null,"check_date_capacity":null,"panoramax":null,"description":null,"operator_type":null,"addr_street":null,"addr_city":null,"addr_housenumber":null,"fixme":null,"website":null,"wheelchair":null,"level":null,"backrest":null,"addr_postcode":null,"colour":null,"moped":null,"bike_ride":null,"location":null,"capacity_cargo_bike":null,"addr_floor":null}},{"type":"Feature","id":121,"geometry":{"type":"Point","coordinates":[7.6507343000000674,45.058491200000049]},"properties":{"OBJECTID":121,"F_id":"node/2699760635","access":null,"amenity":"bicycle_parking","bicycle_parking":"stands","capacity":"1","covered":"no","fee":null,"survey_date":null,"building":null,"operator":null,"motorcycle":null,"lit":null,"opening_hours":null,"smoothness":null,"supervised":null,"surface":null,"indoor":null,"check_date":null,"name":null,"mapillary":null,"source":null,"check_date_capacity":null,"panoramax":null,"description":null,"operator_type":null,"addr_street":null,"addr_city":null,"addr_housenumber":null,"fixme":null,"website":null,"wheelchair":null,"level":null,"backrest":null,"addr_postcode":null,"colour":null,"moped":null,"bike_ride":null,"location":null,"capacity_cargo_bike":null,"addr_floor":null}},{"type":"Feature","id":122,"geometry":{"type":"Point","coordinates":[7.6553405000000225,45.058923500000049]},"properties":{"OBJECTID":122,"F_id":"node/2699760636","access":null,"amenity":"bicycle_parking","bicycle_parking":"stands","capacity":"8","covered":"no","fee":null,"survey_date":null,"building":null,"operator":null,"motorcycle":null,"lit":null,"opening_hours":null,"smoothness":null,"supervised":null,"surface":null,"indoor":null,"check_date":null,"name":null,"mapillary":null,"source":null,"check_date_capacity":null,"panoramax":null,"description":null,"operator_type":null,"addr_street":null,"addr_city":null,"addr_housenumber":null,"fixme":null,"website":null,"wheelchair":null,"level":null,"backrest":null,"addr_postcode":null,"colour":null,"moped":null,"bike_ride":null,"location":null,"capacity_cargo_bike":null,"addr_floor":null}},{"type":"Feature","id":123,"geometry":{"type":"Point","coordinates":[7.6557737000000543,45.058983900000044]},"properties":{"OBJECTID":123,"F_id":"node/2699760637","access":null,"amenity":"bicycle_parking","bicycle_parking":"stands","capacity":"20","covered":"no","fee":null,"survey_date":null,"building":null,"operator":null,"motorcycle":null,"lit":null,"opening_hours":null,"smoothness":null,"supervised":null,"surface":null,"indoor":null,"check_date":null,"name":null,"mapillary":null,"source":null,"check_date_capacity":null,"panoramax":null,"description":null,"operator_type":null,"addr_street":null,"addr_city":null,"addr_housenumber":null,"fixme":null,"website":null,"wheelchair":null,"level":null,"backrest":null,"addr_postcode":null,"colour":null,"moped":null,"bike_ride":null,"location":null,"capacity_cargo_bike":null,"addr_floor":null}},{"type":"Feature","id":124,"geometry":{"type":"Point","coordinates":[7.6493126000000302,45.063107900000034]},"properties":{"OBJECTID":124,"F_id":"node/2699760639","access":null,"amenity":"bicycle_parking","bicycle_parking":"stands","capacity":"8","covered":"no","fee":null,"survey_date":null,"building":null,"operator":null,"motorcycle":null,"lit":null,"opening_hours":null,"smoothness":null,"supervised":null,"surface":null,"indoor":null,"check_date":null,"name":null,"mapillary":null,"source":null,"check_date_capacity":null,"panoramax":null,"description":null,"operator_type":null,"addr_street":null,"addr_city":null,"addr_housenumber":null,"fixme":null,"website":null,"wheelchair":null,"level":null,"backrest":null,"addr_postcode":null,"colour":null,"moped":null,"bike_ride":null,"location":null,"capacity_cargo_bike":null,"addr_floor":null}},{"type":"Feature","id":125,"geometry":{"type":"Point","coordinates":[7.6479838000000768,45.063710000000071]},"properties":{"OBJECTID":125,"F_id":"node/2699760640","access":null,"amenity":"bicycle_parking","bicycle_parking":null,"capacity":null,"covered":null,"fee":null,"survey_date":null,"building":null,"operator":null,"motorcycle":null,"lit":null,"opening_hours":null,"smoothness":null,"supervised":null,"surface":null,"indoor":null,"check_date":null,"name":null,"mapillary":null,"source":null,"check_date_capacity":null,"panoramax":null,"description":null,"operator_type":null,"addr_street":null,"addr_city":null,"addr_housenumber":null,"fixme":null,"website":null,"wheelchair":null,"level":null,"backrest":null,"addr_postcode":null,"colour":null,"moped":null,"bike_ride":null,"location":null,"capacity_cargo_bike":null,"addr_floor":null}},{"type":"Feature","id":126,"geometry":{"type":"Point","coordinates":[7.6463469000000259,45.06534970000007]},"properties":{"OBJECTID":126,"F_id":"node/2699760641","access":null,"amenity":"bicycle_parking","bicycle_parking":null,"capacity":null,"covered":"no","fee":null,"survey_date":null,"building":null,"operator":null,"motorcycle":null,"lit":null,"opening_hours":null,"smoothness":null,"supervised":null,"surface":null,"indoor":null,"check_date":null,"name":null,"mapillary":null,"source":null,"check_date_capacity":null,"panoramax":null,"description":null,"operator_type":null,"addr_street":null,"addr_city":null,"addr_housenumber":null,"fixme":null,"website":null,"wheelchair":null,"level":null,"backrest":null,"addr_postcode":null,"colour":null,"moped":null,"bike_ride":null,"location":null,"capacity_cargo_bike":null,"addr_floor":null}},{"type":"Feature","id":127,"geometry":{"type":"Point","coordinates":[7.6508588000000373,45.065007900000069]},"properties":{"OBJECTID":127,"F_id":"node/2699762075","access":null,"amenity":"bicycle_parking","bicycle_parking":null,"capacity":null,"covered":null,"fee":null,"survey_date":null,"building":null,"operator":null,"motorcycle":null,"lit":null,"opening_hours":null,"smoothness":null,"supervised":null,"surface":null,"indoor":null,"check_date":null,"name":null,"mapillary":null,"source":null,"check_date_capacity":null,"panoramax":null,"description":null,"operator_type":null,"addr_street":null,"addr_city":null,"addr_housenumber":null,"fixme":null,"website":null,"wheelchair":null,"level":null,"backrest":null,"addr_postcode":null,"colour":null,"moped":null,"bike_ride":null,"location":null,"capacity_cargo_bike":null,"addr_floor":null}},{"type":"Feature","id":128,"geometry":{"type":"Point","coordinates":[7.6488845000000651,45.066103000000055]},"properties":{"OBJECTID":128,"F_id":"node/2699762076","access":null,"amenity":"bicycle_parking","bicycle_parking":null,"capacity":null,"covered":"no","fee":null,"survey_date":null,"building":null,"operator":null,"motorcycle":null,"lit":null,"opening_hours":null,"smoothness":null,"supervised":null,"surface":null,"indoor":null,"check_date":"2025-11-08","name":null,"mapillary":null,"source":null,"check_date_capacity":null,"panoramax":null,"description":null,"operator_type":null,"addr_street":null,"addr_city":null,"addr_housenumber":null,"fixme":null,"website":null,"wheelchair":null,"level":null,"backrest":null,"addr_postcode":null,"colour":null,"moped":null,"bike_ride":null,"location":null,"capacity_cargo_bike":null,"addr_floor":null}},{"type":"Feature","id":129,"geometry":{"type":"Point","coordinates":[7.6455799000000297,45.068331400000034]},"properties":{"OBJECTID":129,"F_id":"node/2699762077","access":null,"amenity":"bicycle_parking","bicycle_parking":"stands","capacity":"4","covered":"no","fee":null,"survey_date":null,"building":null,"operator":null,"motorcycle":null,"lit":null,"opening_hours":null,"smoothness":null,"supervised":null,"surface":null,"indoor":null,"check_date":null,"name":null,"mapillary":null,"source":null,"check_date_capacity":null,"panoramax":null,"description":null,"operator_type":null,"addr_street":null,"addr_city":null,"addr_housenumber":null,"fixme":null,"website":null,"wheelchair":null,"level":null,"backrest":null,"addr_postcode":null,"colour":null,"moped":null,"bike_ride":null,"location":null,"capacity_cargo_bike":null,"addr_floor":null}},{"type":"Feature","id":130,"geometry":{"type":"Point","coordinates":[7.6530447000000663,45.068793000000028]},"properties":{"OBJECTID":130,"F_id":"node/2699762078","access":null,"amenity":"bicycle_parking","bicycle_parking":null,"capacity":"8","covered":"no","fee":null,"survey_date":null,"building":null,"operator":null,"motorcycle":null,"lit":null,"opening_hours":null,"smoothness":null,"supervised":null,"surface":null,"indoor":null,"check_date":null,"name":null,"mapillary":null,"source":null,"check_date_capacity":null,"panoramax":null,"description":null,"operator_type":null,"addr_street":null,"addr_city":null,"addr_housenumber":null,"fixme":null,"website":null,"wheelchair":null,"level":null,"backrest":null,"addr_postcode":null,"colour":null,"moped":null,"bike_ride":null,"location":null,"capacity_cargo_bike":null,"addr_floor":null}},{"type":"Feature","id":131,"geometry":{"type":"Point","coordinates":[7.649668800000029,45.068991100000062]},"properties":{"OBJECTID":131,"F_id":"node/2699762079","access":null,"amenity":"bicycle_parking","bicycle_parking":"stands","capacity":"12","covered":"no","fee":null,"survey_date":null,"building":null,"operator":null,"motorcycle":null,"lit":null,"opening_hours":null,"smoothness":null,"supervised":null,"surface":null,"indoor":null,"check_date":null,"name":null,"mapillary":null,"source":null,"check_date_capacity":null,"panoramax":null,"description":null,"operator_type":null,"addr_street":null,"addr_city":null,"addr_housenumber":null,"fixme":null,"website":null,"wheelchair":null,"level":null,"backrest":null,"addr_postcode":null,"colour":null,"moped":null,"bike_ride":null,"location":null,"capacity_cargo_bike":null,"addr_floor":null}},{"type":"Feature","id":132,"geometry":{"type":"Point","coordinates":[7.6413101000000552,45.069644600000061]},"properties":{"OBJECTID":132,"F_id":"node/2699762080","access":null,"amenity":"bicycle_parking","bicycle_parking":"stands","capacity":null,"covered":"no","fee":null,"survey_date":null,"building":null,"operator":null,"motorcycle":null,"lit":null,"opening_hours":null,"smoothness":null,"supervised":null,"surface":null,"indoor":null,"check_date":null,"name":null,"mapillary":null,"source":null,"check_date_capacity":null,"panoramax":null,"description":null,"operator_type":null,"addr_street":null,"addr_city":null,"addr_housenumber":null,"fixme":null,"website":null,"wheelchair":null,"level":null,"backrest":null,"addr_postcode":null,"colour":null,"moped":null,"bike_ride":null,"location":null,"capacity_cargo_bike":null,"addr_floor":null}},{"type":"Feature","id":133,"geometry":{"type":"Point","coordinates":[7.6530148000000509,45.070882700000027]},"properties":{"OBJECTID":133,"F_id":"node/2699762081","access":null,"amenity":"bicycle_parking","bicycle_parking":"stands","capacity":null,"covered":"no","fee":null,"survey_date":"2021-03-30","building":null,"operator":null,"motorcycle":null,"lit":null,"opening_hours":null,"smoothness":null,"supervised":null,"surface":null,"indoor":null,"check_date":null,"name":null,"mapillary":"1453754551630808","source":null,"check_date_capacity":null,"panoramax":null,"description":null,"operator_type":null,"addr_street":null,"addr_city":null,"addr_housenumber":null,"fixme":null,"website":null,"wheelchair":null,"level":null,"backrest":null,"addr_postcode":null,"colour":null,"moped":null,"bike_ride":null,"location":null,"capacity_cargo_bike":null,"addr_floor":null}},{"type":"Feature","id":134,"geometry":{"type":"Point","coordinates":[7.6376838000000475,45.06989690000006]},"properties":{"OBJECTID":134,"F_id":"node/2699762528","access":null,"amenity":"bicycle_parking","bicycle_parking":"stands","capacity":"2","covered":"no","fee":null,"survey_date":"2020-08-17","building":null,"operator":null,"motorcycle":null,"lit":null,"opening_hours":null,"smoothness":null,"supervised":null,"surface":null,"indoor":null,"check_date":null,"name":null,"mapillary":"1738920882961903","source":null,"check_date_capacity":null,"panoramax":null,"description":null,"operator_type":null,"addr_street":null,"addr_city":null,"addr_housenumber":null,"fixme":null,"website":null,"wheelchair":null,"level":null,"backrest":null,"addr_postcode":null,"colour":null,"moped":null,"bike_ride":null,"location":null,"capacity_cargo_bike":null,"addr_floor":null}},{"type":"Feature","id":135,"geometry":{"type":"Point","coordinates":[7.6329666000000316,45.072764900000038]},"properties":{"OBJECTID":135,"F_id":"node/2699762531","access":null,"amenity":"bicycle_parking","bicycle_parking":"stands","capacity":"10","covered":"no","fee":null,"survey_date":null,"building":null,"operator":null,"motorcycle":null,"lit":null,"opening_hours":null,"smoothness":null,"supervised":null,"surface":null,"indoor":null,"check_date":null,"name":null,"mapillary":null,"source":null,"check_date_capacity":null,"panoramax":null,"description":null,"operator_type":null,"addr_street":null,"addr_city":null,"addr_housenumber":null,"fixme":null,"website":null,"wheelchair":null,"level":null,"backrest":null,"addr_postcode":null,"colour":null,"moped":null,"bike_ride":null,"location":null,"capacity_cargo_bike":null,"addr_floor":null}},{"type":"Feature","id":136,"geometry":{"type":"Point","coordinates":[7.6261044000000311,45.073901700000079]},"properties":{"OBJECTID":136,"F_id":"node/2699762534","access":null,"amenity":"bicycle_parking","bicycle_parking":"stands","capacity":"1","covered":"no","fee":null,"survey_date":null,"building":null,"operator":null,"motorcycle":null,"lit":null,"opening_hours":null,"smoothness":null,"supervised":null,"surface":null,"indoor":null,"check_date":null,"name":null,"mapillary":null,"source":null,"check_date_capacity":null,"panoramax":null,"description":null,"operator_type":null,"addr_street":null,"addr_city":null,"addr_housenumber":null,"fixme":null,"website":null,"wheelchair":null,"level":null,"backrest":null,"addr_postcode":null,"colour":null,"moped":null,"bike_ride":null,"location":null,"capacity_cargo_bike":null,"addr_floor":null}},{"type":"Feature","id":137,"geometry":{"type":"Point","coordinates":[7.6349509000000353,45.064667000000043]},"properties":{"OBJECTID":137,"F_id":"node/2699763618","access":null,"amenity":"bicycle_parking","bicycle_parking":null,"capacity":null,"covered":null,"fee":null,"survey_date":null,"building":null,"operator":null,"motorcycle":null,"lit":null,"opening_hours":null,"smoothness":null,"supervised":null,"surface":null,"indoor":"yes","check_date":null,"name":null,"mapillary":null,"source":null,"check_date_capacity":null,"panoramax":null,"description":null,"operator_type":null,"addr_street":null,"addr_city":null,"addr_housenumber":null,"fixme":null,"website":null,"wheelchair":null,"level":null,"backrest":null,"addr_postcode":null,"colour":null,"moped":null,"bike_ride":null,"location":null,"capacity_cargo_bike":null,"addr_floor":null}},{"type":"Feature","id":138,"geometry":{"type":"Point","coordinates":[7.6394415000000322,45.065445900000043]},"properties":{"OBJECTID":138,"F_id":"node/2699763619","access":null,"amenity":"bicycle_parking","bicycle_parking":"stands","capacity":"6","covered":"no","fee":null,"survey_date":null,"building":null,"operator":null,"motorcycle":null,"lit":null,"opening_hours":null,"smoothness":null,"supervised":null,"surface":null,"indoor":null,"check_date":null,"name":null,"mapillary":null,"source":null,"check_date_capacity":"2025-08-09","panoramax":null,"description":null,"operator_type":null,"addr_street":null,"addr_city":null,"addr_housenumber":null,"fixme":null,"website":null,"wheelchair":null,"level":null,"backrest":null,"addr_postcode":null,"colour":null,"moped":null,"bike_ride":null,"location":null,"capacity_cargo_bike":null,"addr_floor":null}},{"type":"Feature","id":139,"geometry":{"type":"Point","coordinates":[7.6446393000000512,45.066444300000057]},"properties":{"OBJECTID":139,"F_id":"node/2699763620","access":null,"amenity":"bicycle_parking","bicycle_parking":"stands","capacity":"10","covered":"no","fee":null,"survey_date":"2020-08-07","building":null,"operator":null,"motorcycle":null,"lit":null,"opening_hours":null,"smoothness":null,"supervised":null,"surface":null,"indoor":null,"check_date":null,"name":null,"mapillary":"1227998297614550","source":null,"check_date_capacity":null,"panoramax":null,"description":null,"operator_type":null,"addr_street":null,"addr_city":null,"addr_housenumber":null,"fixme":null,"website":null,"wheelchair":null,"level":null,"backrest":null,"addr_postcode":null,"colour":null,"moped":null,"bike_ride":null,"location":null,"capacity_cargo_bike":null,"addr_floor":null}},{"type":"Feature","id":140,"geometry":{"type":"Point","coordinates":[7.6390405000000214,45.068547100000046]},"properties":{"OBJECTID":140,"F_id":"node/2699763621","access":null,"amenity":"bicycle_parking","bicycle_parking":"stands","capacity":"8","covered":"no","fee":null,"survey_date":null,"building":null,"operator":null,"motorcycle":null,"lit":null,"opening_hours":null,"smoothness":null,"supervised":null,"surface":null,"indoor":null,"check_date":null,"name":null,"mapillary":null,"source":null,"check_date_capacity":null,"panoramax":null,"description":null,"operator_type":null,"addr_street":null,"addr_city":null,"addr_housenumber":null,"fixme":null,"website":null,"wheelchair":null,"level":null,"backrest":null,"addr_postcode":null,"colour":null,"moped":null,"bike_ride":null,"location":null,"capacity_cargo_bike":null,"addr_floor":null}},{"type":"Feature","id":141,"geometry":{"type":"Point","coordinates":[7.6455738000000224,45.055970100000081]},"properties":{"OBJECTID":141,"F_id":"node/2699765012","access":null,"amenity":"bicycle_parking","bicycle_parking":"stands","capacity":"4","covered":"no","fee":null,"survey_date":"2021-05-30","building":null,"operator":null,"motorcycle":null,"lit":null,"opening_hours":null,"smoothness":null,"supervised":null,"surface":null,"indoor":null,"check_date":null,"name":null,"mapillary":"323652909202106","source":null,"check_date_capacity":null,"panoramax":null,"description":null,"operator_type":null,"addr_street":null,"addr_city":null,"addr_housenumber":null,"fixme":null,"website":null,"wheelchair":null,"level":null,"backrest":null,"addr_postcode":null,"colour":null,"moped":null,"bike_ride":null,"location":null,"capacity_cargo_bike":null,"addr_floor":null}},{"type":"Feature","id":142,"geometry":{"type":"Point","coordinates":[7.646180700000059,45.057790800000078]},"properties":{"OBJECTID":142,"F_id":"node/2699765013","access":null,"amenity":"bicycle_parking","bicycle_parking":null,"capacity":null,"covered":null,"fee":null,"survey_date":null,"building":null,"operator":null,"motorcycle":null,"lit":null,"opening_hours":null,"smoothness":null,"supervised":null,"surface":null,"indoor":null,"check_date":null,"name":null,"mapillary":null,"source":null,"check_date_capacity":null,"panoramax":null,"description":null,"operator_type":null,"addr_street":null,"addr_city":null,"addr_housenumber":null,"fixme":null,"website":null,"wheelchair":null,"level":null,"backrest":null,"addr_postcode":null,"colour":null,"moped":null,"bike_ride":null,"location":null,"capacity_cargo_bike":null,"addr_floor":null}},{"type":"Feature","id":143,"geometry":{"type":"Point","coordinates":[7.64179450000006,45.058606200000042]},"properties":{"OBJECTID":143,"F_id":"node/2699765014","access":"yes","amenity":"bicycle_parking","bicycle_parking":"stands","capacity":"6","covered":"no","fee":"no","survey_date":null,"building":null,"operator":null,"motorcycle":null,"lit":null,"opening_hours":null,"smoothness":null,"supervised":null,"surface":null,"indoor":null,"check_date":null,"name":null,"mapillary":null,"source":null,"check_date_capacity":null,"panoramax":null,"description":null,"operator_type":null,"addr_street":null,"addr_city":null,"addr_housenumber":null,"fixme":null,"website":null,"wheelchair":null,"level":null,"backrest":null,"addr_postcode":null,"colour":null,"moped":null,"bike_ride":null,"location":null,"capacity_cargo_bike":null,"addr_floor":null}},{"type":"Feature","id":144,"geometry":{"type":"Point","coordinates":[7.6407749000000535,45.058737700000052]},"properties":{"OBJECTID":144,"F_id":"node/2699765015","access":null,"amenity":"bicycle_parking","bicycle_parking":null,"capacity":null,"covered":null,"fee":null,"survey_date":null,"building":null,"operator":null,"motorcycle":null,"lit":null,"opening_hours":null,"smoothness":null,"supervised":null,"surface":null,"indoor":null,"check_date":null,"name":null,"mapillary":null,"source":null,"check_date_capacity":null,"panoramax":null,"description":null,"operator_type":null,"addr_street":null,"addr_city":null,"addr_housenumber":null,"fixme":null,"website":null,"wheelchair":null,"level":null,"backrest":null,"addr_postcode":null,"colour":null,"moped":null,"bike_ride":null,"location":null,"capacity_cargo_bike":null,"addr_floor":null}},{"type":"Feature","id":145,"geometry":{"type":"Point","coordinates":[7.6447277000000327,45.045129200000076]},"properties":{"OBJECTID":145,"F_id":"node/2699774349","access":null,"amenity":"bicycle_parking","bicycle_parking":"stands","capacity":"4","covered":"no","fee":null,"survey_date":null,"building":null,"operator":null,"motorcycle":null,"lit":null,"opening_hours":null,"smoothness":null,"supervised":null,"surface":null,"indoor":null,"check_date":null,"name":null,"mapillary":null,"source":null,"check_date_capacity":"2023-10-19","panoramax":null,"description":null,"operator_type":null,"addr_street":null,"addr_city":null,"addr_housenumber":null,"fixme":null,"website":null,"wheelchair":null,"level":null,"backrest":null,"addr_postcode":null,"colour":null,"moped":null,"bike_ride":null,"location":null,"capacity_cargo_bike":null,"addr_floor":null}},{"type":"Feature","id":146,"geometry":{"type":"Point","coordinates":[7.6510514000000285,45.049980900000037]},"properties":{"OBJECTID":146,"F_id":"node/2699774350","access":null,"amenity":"bicycle_parking","bicycle_parking":"stands","capacity":"8","covered":"no","fee":null,"survey_date":null,"building":null,"operator":null,"motorcycle":null,"lit":null,"opening_hours":null,"smoothness":null,"supervised":null,"surface":null,"indoor":null,"check_date":null,"name":null,"mapillary":null,"source":null,"check_date_capacity":null,"panoramax":null,"description":null,"operator_type":null,"addr_street":null,"addr_city":null,"addr_housenumber":null,"fixme":null,"website":null,"wheelchair":null,"level":null,"backrest":null,"addr_postcode":null,"colour":null,"moped":null,"bike_ride":null,"location":null,"capacity_cargo_bike":null,"addr_floor":null}},{"type":"Feature","id":147,"geometry":{"type":"Point","coordinates":[7.6399133000000461,45.050409100000081]},"properties":{"OBJECTID":147,"F_id":"node/2699774351","access":null,"amenity":"bicycle_parking","bicycle_parking":"stands","capacity":"6","covered":"no","fee":null,"survey_date":null,"building":null,"operator":null,"motorcycle":null,"lit":null,"opening_hours":null,"smoothness":null,"supervised":null,"surface":null,"indoor":null,"check_date":null,"name":null,"mapillary":null,"source":null,"check_date_capacity":null,"panoramax":null,"description":null,"operator_type":null,"addr_street":null,"addr_city":null,"addr_housenumber":null,"fixme":null,"website":null,"wheelchair":null,"level":null,"backrest":null,"addr_postcode":null,"colour":null,"moped":null,"bike_ride":null,"location":null,"capacity_cargo_bike":null,"addr_floor":null}},{"type":"Feature","id":148,"geometry":{"type":"Point","coordinates":[7.6512196000000472,45.051259300000027]},"properties":{"OBJECTID":148,"F_id":"node/2699774352","access":null,"amenity":"bicycle_parking","bicycle_parking":null,"capacity":null,"covered":null,"fee":null,"survey_date":null,"building":null,"operator":null,"motorcycle":null,"lit":null,"opening_hours":null,"smoothness":null,"supervised":null,"surface":null,"indoor":null,"check_date":null,"name":null,"mapillary":null,"source":null,"check_date_capacity":null,"panoramax":null,"description":null,"operator_type":null,"addr_street":null,"addr_city":null,"addr_housenumber":null,"fixme":null,"website":null,"wheelchair":null,"level":null,"backrest":null,"addr_postcode":null,"colour":null,"moped":null,"bike_ride":null,"location":null,"capacity_cargo_bike":null,"addr_floor":null}},{"type":"Feature","id":149,"geometry":{"type":"Point","coordinates":[7.6517426000000341,45.037711100000081]},"properties":{"OBJECTID":149,"F_id":"node/2699836871","access":null,"amenity":"bicycle_parking","bicycle_parking":"stands","capacity":"18","covered":"no","fee":null,"survey_date":null,"building":null,"operator":null,"motorcycle":null,"lit":null,"opening_hours":null,"smoothness":null,"supervised":null,"surface":null,"indoor":null,"check_date":null,"name":null,"mapillary":null,"source":null,"check_date_capacity":null,"panoramax":null,"description":null,"operator_type":null,"addr_street":null,"addr_city":null,"addr_housenumber":null,"fixme":null,"website":null,"wheelchair":null,"level":null,"backrest":null,"addr_postcode":null,"colour":null,"moped":null,"bike_ride":null,"location":null,"capacity_cargo_bike":null,"addr_floor":null}},{"type":"Feature","id":150,"geometry":{"type":"Point","coordinates":[7.6525040000000217,45.038390700000036]},"properties":{"OBJECTID":150,"F_id":"node/2699836873","access":null,"amenity":"bicycle_parking","bicycle_parking":"stands","capacity":"12","covered":"no","fee":null,"survey_date":null,"building":null,"operator":null,"motorcycle":null,"lit":null,"opening_hours":null,"smoothness":null,"supervised":null,"surface":null,"indoor":null,"check_date":null,"name":null,"mapillary":null,"source":null,"check_date_capacity":null,"panoramax":null,"description":null,"operator_type":null,"addr_street":null,"addr_city":null,"addr_housenumber":null,"fixme":null,"website":null,"wheelchair":null,"level":null,"backrest":null,"addr_postcode":null,"colour":null,"moped":null,"bike_ride":null,"location":null,"capacity_cargo_bike":null,"addr_floor":null}},{"type":"Feature","id":151,"geometry":{"type":"Point","coordinates":[7.6448607000000379,45.039095600000053]},"properties":{"OBJECTID":151,"F_id":"node/2699836875","access":null,"amenity":"bicycle_parking","bicycle_parking":"stands","capacity":"8","covered":"no","fee":null,"survey_date":null,"building":null,"operator":null,"motorcycle":null,"lit":null,"opening_hours":null,"smoothness":null,"supervised":null,"surface":null,"indoor":null,"check_date":null,"name":null,"mapillary":null,"source":null,"check_date_capacity":null,"panoramax":null,"description":null,"operator_type":null,"addr_street":null,"addr_city":null,"addr_housenumber":null,"fixme":null,"website":null,"wheelchair":null,"level":null,"backrest":null,"addr_postcode":null,"colour":null,"moped":null,"bike_ride":null,"location":null,"capacity_cargo_bike":null,"addr_floor":null}},{"type":"Feature","id":152,"geometry":{"type":"Point","coordinates":[7.653427000000022,45.040437600000075]},"properties":{"OBJECTID":152,"F_id":"node/2699836877","access":null,"amenity":"bicycle_parking","bicycle_parking":null,"capacity":null,"covered":"no","fee":null,"survey_date":null,"building":null,"operator":null,"motorcycle":null,"lit":null,"opening_hours":null,"smoothness":null,"supervised":null,"surface":null,"indoor":null,"check_date":null,"name":null,"mapillary":null,"source":null,"check_date_capacity":null,"panoramax":null,"description":null,"operator_type":null,"addr_street":null,"addr_city":null,"addr_housenumber":null,"fixme":null,"website":null,"wheelchair":null,"level":null,"backrest":null,"addr_postcode":null,"colour":null,"moped":null,"bike_ride":null,"location":null,"capacity_cargo_bike":null,"addr_floor":null}},{"type":"Feature","id":153,"geometry":{"type":"Point","coordinates":[7.6534526000000369,45.040475000000072]},"properties":{"OBJECTID":153,"F_id":"node/2699836878","access":null,"amenity":"bicycle_parking","bicycle_parking":null,"capacity":null,"covered":null,"fee":null,"survey_date":null,"building":null,"operator":null,"motorcycle":null,"lit":null,"opening_hours":null,"smoothness":null,"supervised":null,"surface":null,"indoor":null,"check_date":"2025-05-28","name":null,"mapillary":null,"source":null,"check_date_capacity":null,"panoramax":null,"description":null,"operator_type":null,"addr_street":null,"addr_city":null,"addr_housenumber":null,"fixme":null,"website":null,"wheelchair":null,"level":null,"backrest":null,"addr_postcode":null,"colour":null,"moped":null,"bike_ride":null,"location":null,"capacity_cargo_bike":null,"addr_floor":null}},{"type":"Feature","id":154,"geometry":{"type":"Point","coordinates":[7.6543869000000768,45.041183200000035]},"properties":{"OBJECTID":154,"F_id":"node/2699836880","access":null,"amenity":"bicycle_parking","bicycle_parking":"stands","capacity":"6","covered":"no","fee":null,"survey_date":null,"building":null,"operator":null,"motorcycle":null,"lit":null,"opening_hours":null,"smoothness":null,"supervised":null,"surface":null,"indoor":null,"check_date":"2024-03-27","name":null,"mapillary":null,"source":null,"check_date_capacity":null,"panoramax":null,"description":null,"operator_type":null,"addr_street":null,"addr_city":null,"addr_housenumber":null,"fixme":null,"website":null,"wheelchair":null,"level":null,"backrest":null,"addr_postcode":null,"colour":null,"moped":null,"bike_ride":null,"location":null,"capacity_cargo_bike":null,"addr_floor":null}},{"type":"Feature","id":155,"geometry":{"type":"Point","coordinates":[7.6539877000000729,45.041616700000077]},"properties":{"OBJECTID":155,"F_id":"node/2699836883","access":null,"amenity":"bicycle_parking","bicycle_parking":"stands","capacity":"8","covered":"no","fee":null,"survey_date":null,"building":null,"operator":null,"motorcycle":null,"lit":null,"opening_hours":null,"smoothness":null,"supervised":null,"surface":null,"indoor":null,"check_date":null,"name":null,"mapillary":null,"source":null,"check_date_capacity":null,"panoramax":null,"description":null,"operator_type":null,"addr_street":null,"addr_city":null,"addr_housenumber":null,"fixme":null,"website":null,"wheelchair":null,"level":null,"backrest":null,"addr_postcode":null,"colour":null,"moped":null,"bike_ride":null,"location":null,"capacity_cargo_bike":null,"addr_floor":null}},{"type":"Feature","id":156,"geometry":{"type":"Point","coordinates":[7.6508536000000618,45.045227300000079]},"properties":{"OBJECTID":156,"F_id":"node/2699836884","access":null,"amenity":"bicycle_parking","bicycle_parking":null,"capacity":null,"covered":"no","fee":null,"survey_date":null,"building":null,"operator":null,"motorcycle":null,"lit":null,"opening_hours":null,"smoothness":null,"supervised":null,"surface":null,"indoor":null,"check_date":null,"name":null,"mapillary":null,"source":null,"check_date_capacity":null,"panoramax":null,"description":null,"operator_type":null,"addr_street":null,"addr_city":null,"addr_housenumber":null,"fixme":null,"website":null,"wheelchair":null,"level":null,"backrest":null,"addr_postcode":null,"colour":null,"moped":null,"bike_ride":null,"location":null,"capacity_cargo_bike":null,"addr_floor":null}},{"type":"Feature","id":157,"geometry":{"type":"Point","coordinates":[7.6507780000000594,45.045253700000046]},"properties":{"OBJECTID":157,"F_id":"node/2699836885","access":null,"amenity":"bicycle_parking","bicycle_parking":null,"capacity":null,"covered":"no","fee":null,"survey_date":null,"building":null,"operator":null,"motorcycle":null,"lit":null,"opening_hours":null,"smoothness":null,"supervised":null,"surface":null,"indoor":null,"check_date":null,"name":null,"mapillary":null,"source":null,"check_date_capacity":null,"panoramax":null,"description":null,"operator_type":null,"addr_street":null,"addr_city":null,"addr_housenumber":null,"fixme":null,"website":null,"wheelchair":null,"level":null,"backrest":null,"addr_postcode":null,"colour":null,"moped":null,"bike_ride":null,"location":null,"capacity_cargo_bike":null,"addr_floor":null}},{"type":"Feature","id":158,"geometry":{"type":"Point","coordinates":[7.6508823000000348,45.045267400000057]},"properties":{"OBJECTID":158,"F_id":"node/2699836886","access":null,"amenity":"bicycle_parking","bicycle_parking":null,"capacity":null,"covered":"no","fee":null,"survey_date":null,"building":null,"operator":null,"motorcycle":null,"lit":null,"opening_hours":null,"smoothness":null,"supervised":null,"surface":null,"indoor":null,"check_date":null,"name":null,"mapillary":null,"source":null,"check_date_capacity":null,"panoramax":null,"description":null,"operator_type":null,"addr_street":null,"addr_city":null,"addr_housenumber":null,"fixme":null,"website":null,"wheelchair":null,"level":null,"backrest":null,"addr_postcode":null,"colour":null,"moped":null,"bike_ride":null,"location":null,"capacity_cargo_bike":null,"addr_floor":null}},{"type":"Feature","id":159,"geometry":{"type":"Point","coordinates":[7.6508066000000667,45.045293800000081]},"properties":{"OBJECTID":159,"F_id":"node/2699836887","access":null,"amenity":"bicycle_parking","bicycle_parking":null,"capacity":null,"covered":"no","fee":null,"survey_date":null,"building":null,"operator":null,"motorcycle":null,"lit":null,"opening_hours":null,"smoothness":null,"supervised":null,"surface":null,"indoor":null,"check_date":null,"name":null,"mapillary":null,"source":null,"check_date_capacity":null,"panoramax":null,"description":null,"operator_type":null,"addr_street":null,"addr_city":null,"addr_housenumber":null,"fixme":null,"website":null,"wheelchair":null,"level":null,"backrest":null,"addr_postcode":null,"colour":null,"moped":null,"bike_ride":null,"location":null,"capacity_cargo_bike":null,"addr_floor":null}},{"type":"Feature","id":160,"geometry":{"type":"Point","coordinates":[7.6509109000000421,45.045307600000058]},"properties":{"OBJECTID":160,"F_id":"node/2699836888","access":null,"amenity":"bicycle_parking","bicycle_parking":null,"capacity":null,"covered":"no","fee":null,"survey_date":null,"building":null,"operator":null,"motorcycle":null,"lit":null,"opening_hours":null,"smoothness":null,"supervised":null,"surface":null,"indoor":null,"check_date":null,"name":null,"mapillary":null,"source":null,"check_date_capacity":null,"panoramax":null,"description":null,"operator_type":null,"addr_street":null,"addr_city":null,"addr_housenumber":null,"fixme":null,"website":null,"wheelchair":null,"level":null,"backrest":null,"addr_postcode":null,"colour":null,"moped":null,"bike_ride":null,"location":null,"capacity_cargo_bike":null,"addr_floor":null}},{"type":"Feature","id":161,"geometry":{"type":"Point","coordinates":[7.6508353000000398,45.045334000000025]},"properties":{"OBJECTID":161,"F_id":"node/2699836889","access":null,"amenity":"bicycle_parking","bicycle_parking":null,"capacity":null,"covered":"no","fee":null,"survey_date":null,"building":null,"operator":null,"motorcycle":null,"lit":null,"opening_hours":null,"smoothness":null,"supervised":null,"surface":null,"indoor":null,"check_date":null,"name":null,"mapillary":null,"source":null,"check_date_capacity":null,"panoramax":null,"description":null,"operator_type":null,"addr_street":null,"addr_city":null,"addr_housenumber":null,"fixme":null,"website":null,"wheelchair":null,"level":null,"backrest":null,"addr_postcode":null,"colour":null,"moped":null,"bike_ride":null,"location":null,"capacity_cargo_bike":null,"addr_floor":null}},{"type":"Feature","id":162,"geometry":{"type":"Point","coordinates":[7.6371549000000414,45.036599600000045]},"properties":{"OBJECTID":162,"F_id":"node/2699838358","access":null,"amenity":"bicycle_parking","bicycle_parking":"stands","capacity":"8","covered":"no","fee":null,"survey_date":null,"building":null,"operator":null,"motorcycle":null,"lit":null,"opening_hours":null,"smoothness":null,"supervised":null,"surface":null,"indoor":null,"check_date":null,"name":null,"mapillary":null,"source":null,"check_date_capacity":"2025-09-15","panoramax":null,"description":null,"operator_type":null,"addr_street":null,"addr_city":null,"addr_housenumber":null,"fixme":null,"website":null,"wheelchair":null,"level":null,"backrest":null,"addr_postcode":null,"colour":null,"moped":null,"bike_ride":null,"location":null,"capacity_cargo_bike":null,"addr_floor":null}},{"type":"Feature","id":181,"geometry":{"type":"Point","coordinates":[7.6152440000000752,45.072215200000073]},"properties":{"OBJECTID":181,"F_id":"node/3431361722","access":null,"amenity":"bicycle_parking","bicycle_parking":"stands","capacity":null,"covered":"no","fee":null,"survey_date":null,"building":null,"operator":null,"motorcycle":null,"lit":null,"opening_hours":null,"smoothness":null,"supervised":null,"surface":null,"indoor":null,"check_date":null,"name":null,"mapillary":null,"source":null,"check_date_capacity":null,"panoramax":null,"description":null,"operator_type":null,"addr_street":null,"addr_city":null,"addr_housenumber":null,"fixme":null,"website":null,"wheelchair":null,"level":null,"backrest":null,"addr_postcode":null,"colour":null,"moped":null,"bike_ride":null,"location":null,"capacity_cargo_bike":null,"addr_floor":null}},{"type":"Feature","id":189,"geometry":{"type":"Point","coordinates":[7.6477121000000352,45.061429100000055]},"properties":{"OBJECTID":189,"F_id":"node/3799076904","access":null,"amenity":"bicycle_parking","bicycle_parking":"stands","capacity":"8","covered":"no","fee":null,"survey_date":null,"building":null,"operator":null,"motorcycle":null,"lit":null,"opening_hours":null,"smoothness":null,"supervised":null,"surface":null,"indoor":null,"check_date":null,"name":null,"mapillary":null,"source":null,"check_date_capacity":null,"panoramax":null,"description":null,"operator_type":null,"addr_street":null,"addr_city":null,"addr_housenumber":null,"fixme":null,"website":null,"wheelchair":null,"level":null,"backrest":null,"addr_postcode":null,"colour":null,"moped":null,"bike_ride":null,"location":null,"capacity_cargo_bike":null,"addr_floor":null}},{"type":"Feature","id":195,"geometry":{"type":"Point","coordinates":[7.711716000000024,45.074965700000064]},"properties":{"OBJECTID":195,"F_id":"node/3953590159","access":null,"amenity":"bicycle_parking","bicycle_parking":"stands","capacity":"10","covered":"no","fee":null,"survey_date":null,"building":null,"operator":null,"motorcycle":null,"lit":null,"opening_hours":null,"smoothness":null,"supervised":null,"surface":null,"indoor":null,"check_date":null,"name":null,"mapillary":null,"source":null,"check_date_capacity":null,"panoramax":null,"description":null,"operator_type":null,"addr_street":null,"addr_city":null,"addr_housenumber":null,"fixme":null,"website":null,"wheelchair":null,"level":null,"backrest":null,"addr_postcode":null,"colour":null,"moped":null,"bike_ride":null,"location":null,"capacity_cargo_bike":null,"addr_floor":null}},{"type":"Feature","id":196,"geometry":{"type":"Point","coordinates":[7.6792918000000441,45.061433600000043]},"properties":{"OBJECTID":196,"F_id":"node/4063688590","access":"yes","amenity":"bicycle_parking","bicycle_parking":"stands","capacity":"20","covered":"no","fee":"no","survey_date":null,"building":null,"operator":null,"motorcycle":null,"lit":null,"opening_hours":null,"smoothness":null,"supervised":null,"surface":null,"indoor":null,"check_date":null,"name":null,"mapillary":null,"source":null,"check_date_capacity":null,"panoramax":null,"description":null,"operator_type":null,"addr_street":null,"addr_city":null,"addr_housenumber":null,"fixme":null,"website":null,"wheelchair":null,"level":null,"backrest":null,"addr_postcode":null,"colour":null,"moped":null,"bike_ride":null,"location":null,"capacity_cargo_bike":null,"addr_floor":null}},{"type":"Feature","id":197,"geometry":{"type":"Point","coordinates":[7.6384956000000557,45.042592900000045]},"properties":{"OBJECTID":197,"F_id":"node/4226491672","access":null,"amenity":"bicycle_parking","bicycle_parking":"stands","capacity":"6","covered":"no","fee":null,"survey_date":null,"building":null,"operator":null,"motorcycle":null,"lit":null,"opening_hours":null,"smoothness":null,"supervised":null,"surface":null,"indoor":null,"check_date":null,"name":null,"mapillary":null,"source":null,"check_date_capacity":"2021-03-07","panoramax":null,"description":null,"operator_type":null,"addr_street":null,"addr_city":null,"addr_housenumber":null,"fixme":null,"website":null,"wheelchair":null,"level":null,"backrest":null,"addr_postcode":null,"colour":null,"moped":null,"bike_ride":null,"location":null,"capacity_cargo_bike":null,"addr_floor":null}},{"type":"Feature","id":198,"geometry":{"type":"Point","coordinates":[7.6377352000000656,45.044538300000056]},"properties":{"OBJECTID":198,"F_id":"node/4226491673","access":null,"amenity":"bicycle_parking","bicycle_parking":"stands","capacity":"6","covered":"no","fee":null,"survey_date":null,"building":null,"operator":null,"motorcycle":null,"lit":null,"opening_hours":null,"smoothness":null,"supervised":null,"surface":null,"indoor":null,"check_date":null,"name":null,"mapillary":null,"source":null,"check_date_capacity":"2021-05-13","panoramax":null,"description":null,"operator_type":null,"addr_street":null,"addr_city":null,"addr_housenumber":null,"fixme":null,"website":null,"wheelchair":null,"level":null,"backrest":null,"addr_postcode":null,"colour":null,"moped":null,"bike_ride":null,"location":null,"capacity_cargo_bike":null,"addr_floor":null}},{"type":"Feature","id":199,"geometry":{"type":"Point","coordinates":[7.6372457000000509,45.044706900000051]},"properties":{"OBJECTID":199,"F_id":"node/4226491674","access":null,"amenity":"bicycle_parking","bicycle_parking":"stands","capacity":"4","covered":"no","fee":null,"survey_date":null,"building":null,"operator":null,"motorcycle":null,"lit":null,"opening_hours":null,"smoothness":null,"supervised":null,"surface":null,"indoor":null,"check_date":null,"name":null,"mapillary":null,"source":null,"check_date_capacity":"2021-05-13","panoramax":null,"description":null,"operator_type":null,"addr_street":null,"addr_city":null,"addr_housenumber":null,"fixme":null,"website":null,"wheelchair":null,"level":null,"backrest":null,"addr_postcode":null,"colour":null,"moped":null,"bike_ride":null,"location":null,"capacity_cargo_bike":null,"addr_floor":null}},{"type":"Feature","id":200,"geometry":{"type":"Point","coordinates":[7.6364088000000265,45.045009700000037]},"properties":{"OBJECTID":200,"F_id":"node/4226491676","access":null,"amenity":"bicycle_parking","bicycle_parking":"stands","capacity":"2","covered":"no","fee":null,"survey_date":null,"building":null,"operator":null,"motorcycle":null,"lit":null,"opening_hours":null,"smoothness":null,"supervised":null,"surface":null,"indoor":null,"check_date":null,"name":null,"mapillary":null,"source":null,"check_date_capacity":null,"panoramax":null,"description":null,"operator_type":null,"addr_street":null,"addr_city":null,"addr_housenumber":null,"fixme":null,"website":null,"wheelchair":null,"level":null,"backrest":null,"addr_postcode":null,"colour":null,"moped":null,"bike_ride":null,"location":null,"capacity_cargo_bike":null,"addr_floor":null}},{"type":"Feature","id":204,"geometry":{"type":"Point","coordinates":[7.6777191000000471,45.062901700000054]},"properties":{"OBJECTID":204,"F_id":"node/5113659453","access":null,"amenity":"bicycle_parking","bicycle_parking":"wall_loops","capacity":"66","covered":"no","fee":null,"survey_date":null,"building":null,"operator":null,"motorcycle":null,"lit":null,"opening_hours":null,"smoothness":null,"supervised":null,"surface":null,"indoor":null,"check_date":null,"name":null,"mapillary":null,"source":null,"check_date_capacity":null,"panoramax":null,"description":null,"operator_type":null,"addr_street":null,"addr_city":null,"addr_housenumber":null,"fixme":null,"website":null,"wheelchair":null,"level":null,"backrest":null,"addr_postcode":null,"colour":null,"moped":null,"bike_ride":null,"location":null,"capacity_cargo_bike":null,"addr_floor":null}},{"type":"Feature","id":205,"geometry":{"type":"Point","coordinates":[7.6815195000000358,45.065860500000042]},"properties":{"OBJECTID":205,"F_id":"node/5113659515","access":null,"amenity":"bicycle_parking","bicycle_parking":"stands","capacity":"26","covered":"no","fee":null,"survey_date":null,"building":null,"operator":null,"motorcycle":null,"lit":null,"opening_hours":null,"smoothness":null,"supervised":null,"surface":null,"indoor":null,"check_date":null,"name":null,"mapillary":null,"source":null,"check_date_capacity":null,"panoramax":null,"description":null,"operator_type":null,"addr_street":null,"addr_city":null,"addr_housenumber":null,"fixme":null,"website":null,"wheelchair":null,"level":null,"backrest":null,"addr_postcode":null,"colour":null,"moped":null,"bike_ride":null,"location":null,"capacity_cargo_bike":null,"addr_floor":null}},{"type":"Feature","id":206,"geometry":{"type":"Point","coordinates":[7.6897748000000661,45.06373160000004]},"properties":{"OBJECTID":206,"F_id":"node/5117627124","access":null,"amenity":"bicycle_parking","bicycle_parking":"stands","capacity":"14","covered":"no","fee":null,"survey_date":null,"building":null,"operator":null,"motorcycle":null,"lit":null,"opening_hours":null,"smoothness":null,"supervised":null,"surface":null,"indoor":null,"check_date":null,"name":null,"mapillary":null,"source":null,"check_date_capacity":null,"panoramax":null,"description":null,"operator_type":null,"addr_street":null,"addr_city":null,"addr_housenumber":null,"fixme":null,"website":null,"wheelchair":null,"level":null,"backrest":null,"addr_postcode":null,"colour":null,"moped":null,"bike_ride":null,"location":null,"capacity_cargo_bike":null,"addr_floor":null}},{"type":"Feature","id":207,"geometry":{"type":"Point","coordinates":[7.6798174000000472,45.065125400000056]},"properties":{"OBJECTID":207,"F_id":"node/5117627158","access":null,"amenity":"bicycle_parking","bicycle_parking":"wall_loops","capacity":"3","covered":"no","fee":null,"survey_date":null,"building":null,"operator":null,"motorcycle":null,"lit":null,"opening_hours":null,"smoothness":null,"supervised":null,"surface":null,"indoor":null,"check_date":null,"name":null,"mapillary":null,"source":null,"check_date_capacity":null,"panoramax":null,"description":null,"operator_type":null,"addr_street":null,"addr_city":null,"addr_housenumber":null,"fixme":null,"website":null,"wheelchair":null,"level":null,"backrest":null,"addr_postcode":null,"colour":null,"moped":null,"bike_ride":null,"location":null,"capacity_cargo_bike":null,"addr_floor":null}},{"type":"Feature","id":209,"geometry":{"type":"Point","coordinates":[7.6852315000000431,45.090189600000031]},"properties":{"OBJECTID":209,"F_id":"node/5167110789","access":"yes","amenity":"bicycle_parking","bicycle_parking":"stands","capacity":"5","covered":"no","fee":null,"survey_date":null,"building":null,"operator":null,"motorcycle":null,"lit":null,"opening_hours":null,"smoothness":null,"supervised":null,"surface":null,"indoor":null,"check_date":null,"name":null,"mapillary":null,"source":null,"check_date_capacity":null,"panoramax":null,"description":null,"operator_type":null,"addr_street":null,"addr_city":null,"addr_housenumber":null,"fixme":null,"website":null,"wheelchair":null,"level":null,"backrest":null,"addr_postcode":null,"colour":null,"moped":null,"bike_ride":null,"location":null,"capacity_cargo_bike":null,"addr_floor":null}},{"type":"Feature","id":210,"geometry":{"type":"Point","coordinates":[7.685964800000022,45.090118600000039]},"properties":{"OBJECTID":210,"F_id":"node/5167119931","access":"yes","amenity":"bicycle_parking","bicycle_parking":"stands","capacity":"5","covered":null,"fee":null,"survey_date":null,"building":null,"operator":null,"motorcycle":null,"lit":null,"opening_hours":null,"smoothness":null,"supervised":null,"surface":null,"indoor":null,"check_date":null,"name":null,"mapillary":null,"source":null,"check_date_capacity":null,"panoramax":null,"description":"Open Incet","operator_type":null,"addr_street":null,"addr_city":null,"addr_housenumber":null,"fixme":null,"website":null,"wheelchair":null,"level":null,"backrest":null,"addr_postcode":null,"colour":null,"moped":null,"bike_ride":null,"location":null,"capacity_cargo_bike":null,"addr_floor":null}},{"type":"Feature","id":211,"geometry":{"type":"Point","coordinates":[7.6838657000000694,45.090113500000029]},"properties":{"OBJECTID":211,"F_id":"node/5167135825","access":"yes","amenity":"bicycle_parking","bicycle_parking":"stands","capacity":"5","covered":"no","fee":null,"survey_date":null,"building":null,"operator":null,"motorcycle":null,"lit":null,"opening_hours":null,"smoothness":null,"supervised":null,"surface":null,"indoor":null,"check_date":null,"name":null,"mapillary":null,"source":null,"check_date_capacity":null,"panoramax":null,"description":null,"operator_type":null,"addr_street":null,"addr_city":null,"addr_housenumber":null,"fixme":null,"website":null,"wheelchair":null,"level":null,"backrest":null,"addr_postcode":null,"colour":null,"moped":null,"bike_ride":null,"location":null,"capacity_cargo_bike":null,"addr_floor":null}},{"type":"Feature","id":212,"geometry":{"type":"Point","coordinates":[7.6849427000000219,45.090307400000029]},"properties":{"OBJECTID":212,"F_id":"node/5167148032","access":"yes","amenity":"bicycle_parking","bicycle_parking":"stands","capacity":"5","covered":"no","fee":null,"survey_date":null,"building":null,"operator":null,"motorcycle":null,"lit":null,"opening_hours":null,"smoothness":null,"supervised":null,"surface":null,"indoor":null,"check_date":null,"name":null,"mapillary":null,"source":null,"check_date_capacity":null,"panoramax":null,"description":null,"operator_type":null,"addr_street":null,"addr_city":null,"addr_housenumber":null,"fixme":null,"website":null,"wheelchair":null,"level":null,"backrest":null,"addr_postcode":null,"colour":null,"moped":null,"bike_ride":null,"location":null,"capacity_cargo_bike":null,"addr_floor":null}},{"type":"Feature","id":213,"geometry":{"type":"Point","coordinates":[7.6869321000000355,45.092534500000056]},"properties":{"OBJECTID":213,"F_id":"node/5167151736","access":null,"amenity":"bicycle_parking","bicycle_parking":null,"capacity":"1","covered":null,"fee":null,"survey_date":null,"building":null,"operator":null,"motorcycle":null,"lit":null,"opening_hours":null,"smoothness":null,"supervised":null,"surface":null,"indoor":null,"check_date":null,"name":null,"mapillary":null,"source":null,"check_date_capacity":null,"panoramax":null,"description":null,"operator_type":null,"addr_street":null,"addr_city":null,"addr_housenumber":null,"fixme":null,"website":null,"wheelchair":null,"level":null,"backrest":null,"addr_postcode":null,"colour":null,"moped":null,"bike_ride":null,"location":null,"capacity_cargo_bike":null,"addr_floor":null}},{"type":"Feature","id":214,"geometry":{"type":"Point","coordinates":[7.6869877000000315,45.092534900000032]},"properties":{"OBJECTID":214,"F_id":"node/5167151737","access":null,"amenity":"bicycle_parking","bicycle_parking":null,"capacity":"1","covered":null,"fee":null,"survey_date":null,"building":null,"operator":null,"motorcycle":null,"lit":null,"opening_hours":null,"smoothness":null,"supervised":null,"surface":null,"indoor":null,"check_date":null,"name":null,"mapillary":null,"source":null,"check_date_capacity":null,"panoramax":null,"description":null,"operator_type":null,"addr_street":null,"addr_city":null,"addr_housenumber":null,"fixme":null,"website":null,"wheelchair":null,"level":null,"backrest":null,"addr_postcode":null,"colour":null,"moped":null,"bike_ride":null,"location":null,"capacity_cargo_bike":null,"addr_floor":null}},{"type":"Feature","id":215,"geometry":{"type":"Point","coordinates":[7.6871856000000207,45.092223500000046]},"properties":{"OBJECTID":215,"F_id":"node/5167151738","access":null,"amenity":"bicycle_parking","bicycle_parking":null,"capacity":"1","covered":null,"fee":null,"survey_date":null,"building":null,"operator":null,"motorcycle":null,"lit":null,"opening_hours":null,"smoothness":null,"supervised":null,"surface":null,"indoor":null,"check_date":null,"name":null,"mapillary":null,"source":null,"check_date_capacity":null,"panoramax":null,"description":null,"operator_type":null,"addr_street":null,"addr_city":null,"addr_housenumber":null,"fixme":null,"website":null,"wheelchair":null,"level":null,"backrest":null,"addr_postcode":null,"colour":null,"moped":null,"bike_ride":null,"location":null,"capacity_cargo_bike":null,"addr_floor":null}},{"type":"Feature","id":216,"geometry":{"type":"Point","coordinates":[7.6871923000000493,45.091907200000037]},"properties":{"OBJECTID":216,"F_id":"node/5167151739","access":null,"amenity":"bicycle_parking","bicycle_parking":null,"capacity":"2","covered":null,"fee":null,"survey_date":null,"building":null,"operator":null,"motorcycle":null,"lit":null,"opening_hours":null,"smoothness":null,"supervised":null,"surface":null,"indoor":null,"check_date":null,"name":null,"mapillary":null,"source":null,"check_date_capacity":null,"panoramax":null,"description":null,"operator_type":null,"addr_street":null,"addr_city":null,"addr_housenumber":null,"fixme":null,"website":null,"wheelchair":null,"level":null,"backrest":null,"addr_postcode":null,"colour":null,"moped":null,"bike_ride":null,"location":null,"capacity_cargo_bike":null,"addr_floor":null}},{"type":"Feature","id":217,"geometry":{"type":"Point","coordinates":[7.6871882000000369,45.09180310000005]},"properties":{"OBJECTID":217,"F_id":"node/5167151740","access":null,"amenity":"bicycle_parking","bicycle_parking":null,"capacity":"2","covered":null,"fee":null,"survey_date":null,"building":null,"operator":null,"motorcycle":null,"lit":null,"opening_hours":null,"smoothness":null,"supervised":null,"surface":null,"indoor":null,"check_date":null,"name":null,"mapillary":null,"source":null,"check_date_capacity":null,"panoramax":null,"description":null,"operator_type":null,"addr_street":null,"addr_city":null,"addr_housenumber":null,"fixme":null,"website":null,"wheelchair":null,"level":null,"backrest":null,"addr_postcode":null,"colour":null,"moped":null,"bike_ride":null,"location":null,"capacity_cargo_bike":null,"addr_floor":null}},{"type":"Feature","id":218,"geometry":{"type":"Point","coordinates":[7.6871373000000744,45.091612800000064]},"properties":{"OBJECTID":218,"F_id":"node/5167151741","access":null,"amenity":"bicycle_parking","bicycle_parking":null,"capacity":"2","covered":null,"fee":null,"survey_date":null,"building":null,"operator":null,"motorcycle":null,"lit":null,"opening_hours":null,"smoothness":null,"supervised":null,"surface":null,"indoor":null,"check_date":null,"name":null,"mapillary":null,"source":null,"check_date_capacity":null,"panoramax":null,"description":null,"operator_type":null,"addr_street":null,"addr_city":null,"addr_housenumber":null,"fixme":null,"website":null,"wheelchair":null,"level":null,"backrest":null,"addr_postcode":null,"colour":null,"moped":null,"bike_ride":null,"location":null,"capacity_cargo_bike":null,"addr_floor":null}},{"type":"Feature","id":219,"geometry":{"type":"Point","coordinates":[7.6871105000000739,45.091475500000058]},"properties":{"OBJECTID":219,"F_id":"node/5167151742","access":null,"amenity":"bicycle_parking","bicycle_parking":null,"capacity":"2","covered":null,"fee":null,"survey_date":null,"building":null,"operator":null,"motorcycle":null,"lit":null,"opening_hours":null,"smoothness":null,"supervised":null,"surface":null,"indoor":null,"check_date":null,"name":null,"mapillary":null,"source":null,"check_date_capacity":null,"panoramax":null,"description":null,"operator_type":null,"addr_street":null,"addr_city":null,"addr_housenumber":null,"fixme":null,"website":null,"wheelchair":null,"level":null,"backrest":null,"addr_postcode":null,"colour":null,"moped":null,"bike_ride":null,"location":null,"capacity_cargo_bike":null,"addr_floor":null}},{"type":"Feature","id":220,"geometry":{"type":"Point","coordinates":[7.6870769000000223,45.091338200000052]},"properties":{"OBJECTID":220,"F_id":"node/5167151743","access":null,"amenity":"bicycle_parking","bicycle_parking":null,"capacity":"1","covered":null,"fee":null,"survey_date":null,"building":null,"operator":null,"motorcycle":null,"lit":null,"opening_hours":null,"smoothness":null,"supervised":null,"surface":null,"indoor":null,"check_date":null,"name":null,"mapillary":null,"source":null,"check_date_capacity":null,"panoramax":null,"description":null,"operator_type":null,"addr_street":null,"addr_city":null,"addr_housenumber":null,"fixme":null,"website":null,"wheelchair":null,"level":null,"backrest":null,"addr_postcode":null,"colour":null,"moped":null,"bike_ride":null,"location":null,"capacity_cargo_bike":null,"addr_floor":null}},{"type":"Feature","id":221,"geometry":{"type":"Point","coordinates":[7.687079600000061,45.091276700000037]},"properties":{"OBJECTID":221,"F_id":"node/5167151744","access":null,"amenity":"bicycle_parking","bicycle_parking":null,"capacity":"1","covered":null,"fee":null,"survey_date":null,"building":null,"operator":null,"motorcycle":null,"lit":null,"opening_hours":null,"smoothness":null,"supervised":null,"surface":null,"indoor":null,"check_date":null,"name":null,"mapillary":null,"source":null,"check_date_capacity":null,"panoramax":null,"description":null,"operator_type":null,"addr_street":null,"addr_city":null,"addr_housenumber":null,"fixme":null,"website":null,"wheelchair":null,"level":null,"backrest":null,"addr_postcode":null,"colour":null,"moped":null,"bike_ride":null,"location":null,"capacity_cargo_bike":null,"addr_floor":null}},{"type":"Feature","id":222,"geometry":{"type":"Point","coordinates":[7.6869763000000262,45.091288000000077]},"properties":{"OBJECTID":222,"F_id":"node/5167151745","access":null,"amenity":"bicycle_parking","bicycle_parking":null,"capacity":"1","covered":null,"fee":null,"survey_date":null,"building":null,"operator":null,"motorcycle":null,"lit":null,"opening_hours":null,"smoothness":null,"supervised":null,"surface":null,"indoor":null,"check_date":null,"name":null,"mapillary":null,"source":null,"check_date_capacity":null,"panoramax":null,"description":null,"operator_type":null,"addr_street":null,"addr_city":null,"addr_housenumber":null,"fixme":null,"website":null,"wheelchair":null,"level":null,"backrest":null,"addr_postcode":null,"colour":null,"moped":null,"bike_ride":null,"location":null,"capacity_cargo_bike":null,"addr_floor":null}},{"type":"Feature","id":223,"geometry":{"type":"Point","coordinates":[7.6869777000000568,45.091341000000057]},"properties":{"OBJECTID":223,"F_id":"node/5167151746","access":null,"amenity":"bicycle_parking","bicycle_parking":null,"capacity":"1","covered":null,"fee":null,"survey_date":null,"building":null,"operator":null,"motorcycle":null,"lit":null,"opening_hours":null,"smoothness":null,"supervised":null,"surface":null,"indoor":null,"check_date":null,"name":null,"mapillary":null,"source":null,"check_date_capacity":null,"panoramax":null,"description":null,"operator_type":null,"addr_street":null,"addr_city":null,"addr_housenumber":null,"fixme":null,"website":null,"wheelchair":null,"level":null,"backrest":null,"addr_postcode":null,"colour":null,"moped":null,"bike_ride":null,"location":null,"capacity_cargo_bike":null,"addr_floor":null}},{"type":"Feature","id":224,"geometry":{"type":"Point","coordinates":[7.6897447000000625,45.091969500000062]},"properties":{"OBJECTID":224,"F_id":"node/5167157198","access":null,"amenity":"bicycle_parking","bicycle_parking":null,"capacity":"1","covered":null,"fee":null,"survey_date":null,"building":null,"operator":null,"motorcycle":null,"lit":null,"opening_hours":null,"smoothness":null,"supervised":null,"surface":null,"indoor":null,"check_date":null,"name":null,"mapillary":null,"source":null,"check_date_capacity":null,"panoramax":null,"description":null,"operator_type":null,"addr_street":null,"addr_city":null,"addr_housenumber":null,"fixme":null,"website":null,"wheelchair":null,"level":null,"backrest":null,"addr_postcode":null,"colour":null,"moped":null,"bike_ride":null,"location":null,"capacity_cargo_bike":null,"addr_floor":null}},{"type":"Feature","id":225,"geometry":{"type":"Point","coordinates":[7.6897166000000539,45.091906800000061]},"properties":{"OBJECTID":225,"F_id":"node/5167157199","access":null,"amenity":"bicycle_parking","bicycle_parking":null,"capacity":"1","covered":null,"fee":null,"survey_date":null,"building":null,"operator":null,"motorcycle":null,"lit":null,"opening_hours":null,"smoothness":null,"supervised":null,"surface":null,"indoor":null,"check_date":null,"name":null,"mapillary":null,"source":null,"check_date_capacity":null,"panoramax":null,"description":null,"operator_type":null,"addr_street":null,"addr_city":null,"addr_housenumber":null,"fixme":null,"website":null,"wheelchair":null,"level":null,"backrest":null,"addr_postcode":null,"colour":null,"moped":null,"bike_ride":null,"location":null,"capacity_cargo_bike":null,"addr_floor":null}},{"type":"Feature","id":226,"geometry":{"type":"Point","coordinates":[7.6852275000000532,45.091449900000043]},"properties":{"OBJECTID":226,"F_id":"node/5167157221","access":null,"amenity":"bicycle_parking","bicycle_parking":"stands","capacity":null,"covered":"no","fee":null,"survey_date":null,"building":null,"operator":null,"motorcycle":null,"lit":null,"opening_hours":null,"smoothness":null,"supervised":null,"surface":null,"indoor":null,"check_date":null,"name":null,"mapillary":null,"source":null,"check_date_capacity":null,"panoramax":null,"description":null,"operator_type":null,"addr_street":null,"addr_city":null,"addr_housenumber":null,"fixme":null,"website":null,"wheelchair":null,"level":null,"backrest":null,"addr_postcode":null,"colour":null,"moped":null,"bike_ride":null,"location":null,"capacity_cargo_bike":null,"addr_floor":null}},{"type":"Feature","id":227,"geometry":{"type":"Point","coordinates":[7.6852490000000557,45.09149160000004]},"properties":{"OBJECTID":227,"F_id":"node/5167157222","access":null,"amenity":"bicycle_parking","bicycle_parking":"stands","capacity":null,"covered":"no","fee":null,"survey_date":null,"building":null,"operator":null,"motorcycle":null,"lit":null,"opening_hours":null,"smoothness":null,"supervised":null,"surface":null,"indoor":null,"check_date":null,"name":null,"mapillary":null,"source":null,"check_date_capacity":null,"panoramax":null,"description":null,"operator_type":null,"addr_street":null,"addr_city":null,"addr_housenumber":null,"fixme":null,"website":null,"wheelchair":null,"level":null,"backrest":null,"addr_postcode":null,"colour":null,"moped":null,"bike_ride":null,"location":null,"capacity_cargo_bike":null,"addr_floor":null}},{"type":"Feature","id":228,"geometry":{"type":"Point","coordinates":[7.6854971000000205,45.091966900000045]},"properties":{"OBJECTID":228,"F_id":"node/5167157223","access":null,"amenity":"bicycle_parking","bicycle_parking":"stands","capacity":null,"covered":null,"fee":null,"survey_date":null,"building":null,"operator":null,"motorcycle":null,"lit":null,"opening_hours":null,"smoothness":null,"supervised":null,"surface":null,"indoor":null,"check_date":null,"name":null,"mapillary":null,"source":null,"check_date_capacity":null,"panoramax":null,"description":null,"operator_type":null,"addr_street":null,"addr_city":null,"addr_housenumber":null,"fixme":null,"website":null,"wheelchair":null,"level":null,"backrest":null,"addr_postcode":null,"colour":null,"moped":null,"bike_ride":null,"location":null,"capacity_cargo_bike":null,"addr_floor":null}},{"type":"Feature","id":229,"geometry":{"type":"Point","coordinates":[7.6853127000000541,45.092432700000074]},"properties":{"OBJECTID":229,"F_id":"node/5167157224","access":null,"amenity":"bicycle_parking","bicycle_parking":"stands","capacity":null,"covered":"no","fee":null,"survey_date":null,"building":null,"operator":null,"motorcycle":null,"lit":null,"opening_hours":null,"smoothness":null,"supervised":null,"surface":null,"indoor":null,"check_date":null,"name":null,"mapillary":null,"source":null,"check_date_capacity":null,"panoramax":null,"description":null,"operator_type":null,"addr_street":null,"addr_city":null,"addr_housenumber":null,"fixme":null,"website":null,"wheelchair":null,"level":null,"backrest":null,"addr_postcode":null,"colour":null,"moped":null,"bike_ride":null,"location":null,"capacity_cargo_bike":null,"addr_floor":null}},{"type":"Feature","id":230,"geometry":{"type":"Point","coordinates":[7.6769429000000287,45.05686890000004]},"properties":{"OBJECTID":230,"F_id":"node/5226211759","access":"yes","amenity":"bicycle_parking","bicycle_parking":"stands","capacity":"4","covered":"no","fee":null,"survey_date":null,"building":null,"operator":null,"motorcycle":null,"lit":null,"opening_hours":null,"smoothness":null,"supervised":null,"surface":null,"indoor":null,"check_date":null,"name":null,"mapillary":null,"source":null,"check_date_capacity":null,"panoramax":null,"description":null,"operator_type":null,"addr_street":null,"addr_city":null,"addr_housenumber":null,"fixme":null,"website":null,"wheelchair":null,"level":null,"backrest":null,"addr_postcode":null,"colour":null,"moped":null,"bike_ride":null,"location":null,"capacity_cargo_bike":null,"addr_floor":null}},{"type":"Feature","id":232,"geometry":{"type":"Point","coordinates":[7.6651654000000349,45.049841300000026]},"properties":{"OBJECTID":232,"F_id":"node/5347703556","access":"yes","amenity":"bicycle_parking","bicycle_parking":"stands","capacity":"6","covered":"no","fee":null,"survey_date":null,"building":null,"operator":null,"motorcycle":null,"lit":null,"opening_hours":null,"smoothness":null,"supervised":null,"surface":null,"indoor":null,"check_date":null,"name":null,"mapillary":null,"source":null,"check_date_capacity":"2023-03-30","panoramax":null,"description":null,"operator_type":null,"addr_street":null,"addr_city":null,"addr_housenumber":null,"fixme":null,"website":null,"wheelchair":null,"level":null,"backrest":null,"addr_postcode":null,"colour":null,"moped":null,"bike_ride":null,"location":null,"capacity_cargo_bike":null,"addr_floor":null}},{"type":"Feature","id":239,"geometry":{"type":"Point","coordinates":[7.6947591000000557,45.074335400000052]},"properties":{"OBJECTID":239,"F_id":"node/5534040230","access":null,"amenity":"bicycle_parking","bicycle_parking":"stands","capacity":"4","covered":"no","fee":null,"survey_date":null,"building":null,"operator":null,"motorcycle":null,"lit":null,"opening_hours":null,"smoothness":null,"supervised":null,"surface":null,"indoor":null,"check_date":null,"name":null,"mapillary":null,"source":null,"check_date_capacity":null,"panoramax":null,"description":null,"operator_type":null,"addr_street":null,"addr_city":null,"addr_housenumber":null,"fixme":null,"website":null,"wheelchair":null,"level":null,"backrest":null,"addr_postcode":null,"colour":null,"moped":null,"bike_ride":null,"location":null,"capacity_cargo_bike":null,"addr_floor":null}},{"type":"Feature","id":240,"geometry":{"type":"Point","coordinates":[7.694499300000075,45.074393000000043]},"properties":{"OBJECTID":240,"F_id":"node/5534052431","access":null,"amenity":"bicycle_parking","bicycle_parking":"stands","capacity":"4","covered":"no","fee":null,"survey_date":null,"building":null,"operator":null,"motorcycle":null,"lit":null,"opening_hours":null,"smoothness":null,"supervised":null,"surface":null,"indoor":null,"check_date":null,"name":null,"mapillary":null,"source":null,"check_date_capacity":null,"panoramax":null,"description":null,"operator_type":null,"addr_street":null,"addr_city":null,"addr_housenumber":null,"fixme":null,"website":null,"wheelchair":null,"level":null,"backrest":null,"addr_postcode":null,"colour":null,"moped":null,"bike_ride":null,"location":null,"capacity_cargo_bike":null,"addr_floor":null}},{"type":"Feature","id":241,"geometry":{"type":"Point","coordinates":[7.6973505000000273,45.07298650000007]},"properties":{"OBJECTID":241,"F_id":"node/5542175056","access":null,"amenity":"bicycle_parking","bicycle_parking":null,"capacity":null,"covered":null,"fee":null,"survey_date":null,"building":null,"operator":null,"motorcycle":null,"lit":null,"opening_hours":null,"smoothness":null,"supervised":null,"surface":null,"indoor":null,"check_date":null,"name":null,"mapillary":null,"source":null,"check_date_capacity":null,"panoramax":null,"description":null,"operator_type":null,"addr_street":null,"addr_city":null,"addr_housenumber":null,"fixme":null,"website":null,"wheelchair":null,"level":null,"backrest":null,"addr_postcode":null,"colour":null,"moped":null,"bike_ride":null,"location":null,"capacity_cargo_bike":null,"addr_floor":null}},{"type":"Feature","id":242,"geometry":{"type":"Point","coordinates":[7.6948240000000396,45.07412880000004]},"properties":{"OBJECTID":242,"F_id":"node/5542175057","access":null,"amenity":"bicycle_parking","bicycle_parking":"stands","capacity":null,"covered":"no","fee":null,"survey_date":null,"building":null,"operator":null,"motorcycle":null,"lit":null,"opening_hours":null,"smoothness":null,"supervised":null,"surface":null,"indoor":null,"check_date":null,"name":null,"mapillary":null,"source":null,"check_date_capacity":null,"panoramax":null,"description":null,"operator_type":null,"addr_street":null,"addr_city":null,"addr_housenumber":null,"fixme":null,"website":null,"wheelchair":null,"level":null,"backrest":null,"addr_postcode":null,"colour":null,"moped":null,"bike_ride":null,"location":null,"capacity_cargo_bike":null,"addr_floor":null}},{"type":"Feature","id":243,"geometry":{"type":"Point","coordinates":[7.7000642000000425,45.074441600000057]},"properties":{"OBJECTID":243,"F_id":"node/5542175058","access":null,"amenity":"bicycle_parking","bicycle_parking":"stands","capacity":"10","covered":"no","fee":null,"survey_date":"2020-10-10","building":null,"operator":null,"motorcycle":null,"lit":null,"opening_hours":null,"smoothness":null,"supervised":null,"surface":null,"indoor":null,"check_date":null,"name":null,"mapillary":"956490611752629","source":null,"check_date_capacity":null,"panoramax":null,"description":null,"operator_type":null,"addr_street":null,"addr_city":null,"addr_housenumber":null,"fixme":null,"website":null,"wheelchair":null,"level":null,"backrest":null,"addr_postcode":null,"colour":null,"moped":null,"bike_ride":null,"location":null,"capacity_cargo_bike":null,"addr_floor":null}},{"type":"Feature","id":244,"geometry":{"type":"Point","coordinates":[7.7001952000000529,45.074481800000058]},"properties":{"OBJECTID":244,"F_id":"node/5542175059","access":null,"amenity":"bicycle_parking","bicycle_parking":"stands","capacity":"4","covered":"no","fee":null,"survey_date":"2020-10-10","building":null,"operator":null,"motorcycle":null,"lit":null,"opening_hours":null,"smoothness":null,"supervised":null,"surface":null,"indoor":null,"check_date":null,"name":null,"mapillary":"775845506628950","source":null,"check_date_capacity":null,"panoramax":null,"description":null,"operator_type":null,"addr_street":null,"addr_city":null,"addr_housenumber":null,"fixme":null,"website":null,"wheelchair":null,"level":null,"backrest":null,"addr_postcode":null,"colour":null,"moped":null,"bike_ride":null,"location":null,"capacity_cargo_bike":null,"addr_floor":null}},{"type":"Feature","id":245,"geometry":{"type":"Point","coordinates":[7.7000449000000231,45.075234600000044]},"properties":{"OBJECTID":245,"F_id":"node/5542175061","access":null,"amenity":"bicycle_parking","bicycle_parking":"stands","capacity":"6","covered":"no","fee":"no","survey_date":"2019-10-22","building":null,"operator":null,"motorcycle":null,"lit":null,"opening_hours":null,"smoothness":null,"supervised":null,"surface":null,"indoor":null,"check_date":null,"name":null,"mapillary":"980347046037008","source":null,"check_date_capacity":null,"panoramax":null,"description":null,"operator_type":null,"addr_street":null,"addr_city":null,"addr_housenumber":null,"fixme":null,"website":null,"wheelchair":null,"level":null,"backrest":null,"addr_postcode":null,"colour":null,"moped":null,"bike_ride":null,"location":null,"capacity_cargo_bike":null,"addr_floor":null}},{"type":"Feature","id":246,"geometry":{"type":"Point","coordinates":[7.7010694000000512,45.07591780000007]},"properties":{"OBJECTID":246,"F_id":"node/5542175062","access":null,"amenity":"bicycle_parking","bicycle_parking":null,"capacity":null,"covered":null,"fee":null,"survey_date":null,"building":null,"operator":null,"motorcycle":null,"lit":null,"opening_hours":null,"smoothness":null,"supervised":null,"surface":null,"indoor":null,"check_date":null,"name":null,"mapillary":null,"source":null,"check_date_capacity":null,"panoramax":null,"description":null,"operator_type":null,"addr_street":null,"addr_city":null,"addr_housenumber":null,"fixme":null,"website":null,"wheelchair":null,"level":null,"backrest":null,"addr_postcode":null,"colour":null,"moped":null,"bike_ride":null,"location":null,"capacity_cargo_bike":null,"addr_floor":null}},{"type":"Feature","id":247,"geometry":{"type":"Point","coordinates":[7.7013792000000763,45.072965900000042]},"properties":{"OBJECTID":247,"F_id":"node/5542175063","access":null,"amenity":"bicycle_parking","bicycle_parking":"stands","capacity":"6","covered":"no","fee":null,"survey_date":null,"building":null,"operator":null,"motorcycle":null,"lit":null,"opening_hours":null,"smoothness":null,"supervised":null,"surface":null,"indoor":null,"check_date":null,"name":null,"mapillary":null,"source":null,"check_date_capacity":null,"panoramax":null,"description":null,"operator_type":null,"addr_street":null,"addr_city":null,"addr_housenumber":null,"fixme":null,"website":null,"wheelchair":null,"level":null,"backrest":null,"addr_postcode":null,"colour":null,"moped":null,"bike_ride":null,"location":null,"capacity_cargo_bike":null,"addr_floor":null}},{"type":"Feature","id":248,"geometry":{"type":"Point","coordinates":[7.7022313000000509,45.072633000000053]},"properties":{"OBJECTID":248,"F_id":"node/5542175064","access":null,"amenity":"bicycle_parking","bicycle_parking":null,"capacity":null,"covered":"no","fee":null,"survey_date":null,"building":null,"operator":null,"motorcycle":null,"lit":null,"opening_hours":null,"smoothness":null,"supervised":null,"surface":null,"indoor":null,"check_date":null,"name":null,"mapillary":null,"source":null,"check_date_capacity":null,"panoramax":null,"description":null,"operator_type":null,"addr_street":null,"addr_city":null,"addr_housenumber":null,"fixme":null,"website":null,"wheelchair":null,"level":null,"backrest":null,"addr_postcode":null,"colour":null,"moped":null,"bike_ride":null,"location":null,"capacity_cargo_bike":null,"addr_floor":null}},{"type":"Feature","id":250,"geometry":{"type":"Point","coordinates":[7.6857829000000493,45.054935300000068]},"properties":{"OBJECTID":250,"F_id":"node/5594891026","access":"yes","amenity":"bicycle_parking","bicycle_parking":"stands","capacity":"10","covered":"no","fee":"no","survey_date":null,"building":null,"operator":null,"motorcycle":null,"lit":null,"opening_hours":null,"smoothness":null,"supervised":null,"surface":null,"indoor":null,"check_date":null,"name":null,"mapillary":null,"source":null,"check_date_capacity":null,"panoramax":null,"description":null,"operator_type":null,"addr_street":null,"addr_city":null,"addr_housenumber":null,"fixme":null,"website":null,"wheelchair":null,"level":null,"backrest":null,"addr_postcode":null,"colour":null,"moped":null,"bike_ride":null,"location":null,"capacity_cargo_bike":null,"addr_floor":null}},{"type":"Feature","id":252,"geometry":{"type":"Point","coordinates":[7.6644847000000595,45.07000110000007]},"properties":{"OBJECTID":252,"F_id":"node/5628622143","access":null,"amenity":"bicycle_parking","bicycle_parking":"stands","capacity":"5","covered":"no","fee":"no","survey_date":null,"building":null,"operator":null,"motorcycle":null,"lit":null,"opening_hours":null,"smoothness":null,"supervised":"no","surface":null,"indoor":null,"check_date":null,"name":null,"mapillary":null,"source":null,"check_date_capacity":null,"panoramax":null,"description":null,"operator_type":null,"addr_street":null,"addr_city":null,"addr_housenumber":null,"fixme":null,"website":null,"wheelchair":null,"level":null,"backrest":null,"addr_postcode":null,"colour":null,"moped":null,"bike_ride":null,"location":null,"capacity_cargo_bike":null,"addr_floor":null}},{"type":"Feature","id":253,"geometry":{"type":"Point","coordinates":[7.6645839000000251,45.069970800000078]},"properties":{"OBJECTID":253,"F_id":"node/5628622144","access":null,"amenity":"bicycle_parking","bicycle_parking":"stands","capacity":"5","covered":"no","fee":"no","survey_date":null,"building":null,"operator":null,"motorcycle":null,"lit":null,"opening_hours":null,"smoothness":null,"supervised":"no","surface":null,"indoor":null,"check_date":null,"name":null,"mapillary":null,"source":null,"check_date_capacity":null,"panoramax":null,"description":null,"operator_type":null,"addr_street":null,"addr_city":null,"addr_housenumber":null,"fixme":null,"website":null,"wheelchair":null,"level":null,"backrest":null,"addr_postcode":null,"colour":null,"moped":null,"bike_ride":null,"location":null,"capacity_cargo_bike":null,"addr_floor":null}},{"type":"Feature","id":254,"geometry":{"type":"Point","coordinates":[7.6648334000000204,45.069913800000052]},"properties":{"OBJECTID":254,"F_id":"node/5628622145","access":null,"amenity":"bicycle_parking","bicycle_parking":"stands","capacity":"5","covered":"no","fee":"no","survey_date":null,"building":null,"operator":null,"motorcycle":null,"lit":null,"opening_hours":null,"smoothness":null,"supervised":"no","surface":null,"indoor":null,"check_date":null,"name":null,"mapillary":null,"source":null,"check_date_capacity":null,"panoramax":null,"description":null,"operator_type":null,"addr_street":null,"addr_city":null,"addr_housenumber":null,"fixme":null,"website":null,"wheelchair":null,"level":null,"backrest":null,"addr_postcode":null,"colour":null,"moped":null,"bike_ride":null,"location":null,"capacity_cargo_bike":null,"addr_floor":null}},{"type":"Feature","id":282,"geometry":{"type":"Point","coordinates":[7.6921407000000386,45.064018000000033]},"properties":{"OBJECTID":282,"F_id":"node/5941324672","access":null,"amenity":"bicycle_parking","bicycle_parking":null,"capacity":"20","covered":null,"fee":null,"survey_date":null,"building":null,"operator":null,"motorcycle":null,"lit":null,"opening_hours":null,"smoothness":null,"supervised":null,"surface":null,"indoor":null,"check_date":null,"name":null,"mapillary":null,"source":null,"check_date_capacity":null,"panoramax":null,"description":null,"operator_type":null,"addr_street":null,"addr_city":null,"addr_housenumber":null,"fixme":null,"website":null,"wheelchair":null,"level":null,"backrest":null,"addr_postcode":null,"colour":null,"moped":null,"bike_ride":null,"location":null,"capacity_cargo_bike":null,"addr_floor":null}},{"type":"Feature","id":283,"geometry":{"type":"Point","coordinates":[7.6908248000000299,45.064147300000059]},"properties":{"OBJECTID":283,"F_id":"node/5941324676","access":null,"amenity":"bicycle_parking","bicycle_parking":"stands","capacity":"6","covered":"no","fee":null,"survey_date":null,"building":null,"operator":null,"motorcycle":null,"lit":null,"opening_hours":null,"smoothness":null,"supervised":null,"surface":null,"indoor":null,"check_date":"2025-10-12","name":null,"mapillary":"1953653441439414","source":null,"check_date_capacity":"2025-10-12","panoramax":null,"description":null,"operator_type":null,"addr_street":null,"addr_city":null,"addr_housenumber":null,"fixme":null,"website":null,"wheelchair":null,"level":null,"backrest":null,"addr_postcode":null,"colour":null,"moped":null,"bike_ride":null,"location":null,"capacity_cargo_bike":null,"addr_floor":null}},{"type":"Feature","id":284,"geometry":{"type":"Point","coordinates":[7.6902270000000499,45.064190800000063]},"properties":{"OBJECTID":284,"F_id":"node/5941324684","access":null,"amenity":"bicycle_parking","bicycle_parking":"stands","capacity":null,"covered":null,"fee":null,"survey_date":"2019-09-17","building":null,"operator":null,"motorcycle":null,"lit":null,"opening_hours":null,"smoothness":null,"supervised":null,"surface":null,"indoor":null,"check_date":null,"name":null,"mapillary":"569757620679421","source":null,"check_date_capacity":null,"panoramax":null,"description":null,"operator_type":null,"addr_street":null,"addr_city":null,"addr_housenumber":null,"fixme":null,"website":null,"wheelchair":null,"level":null,"backrest":null,"addr_postcode":null,"colour":null,"moped":null,"bike_ride":null,"location":null,"capacity_cargo_bike":null,"addr_floor":null}},{"type":"Feature","id":285,"geometry":{"type":"Point","coordinates":[7.6934552000000735,45.063872700000047]},"properties":{"OBJECTID":285,"F_id":"node/5941325190","access":null,"amenity":"bicycle_parking","bicycle_parking":"stands","capacity":"4","covered":"no","fee":null,"survey_date":null,"building":null,"operator":null,"motorcycle":null,"lit":null,"opening_hours":null,"smoothness":null,"supervised":null,"surface":null,"indoor":null,"check_date":null,"name":null,"mapillary":null,"source":null,"check_date_capacity":null,"panoramax":null,"description":null,"operator_type":null,"addr_street":null,"addr_city":null,"addr_housenumber":null,"fixme":null,"website":null,"wheelchair":null,"level":null,"backrest":null,"addr_postcode":null,"colour":null,"moped":null,"bike_ride":null,"location":null,"capacity_cargo_bike":null,"addr_floor":null}},{"type":"Feature","id":286,"geometry":{"type":"Point","coordinates":[7.6937551000000326,45.064208000000065]},"properties":{"OBJECTID":286,"F_id":"node/5941325219","access":null,"amenity":"bicycle_parking","bicycle_parking":"stands","capacity":"4","covered":"no","fee":null,"survey_date":null,"building":null,"operator":null,"motorcycle":null,"lit":null,"opening_hours":null,"smoothness":null,"supervised":null,"surface":null,"indoor":null,"check_date":null,"name":null,"mapillary":null,"source":null,"check_date_capacity":null,"panoramax":null,"description":null,"operator_type":null,"addr_street":null,"addr_city":null,"addr_housenumber":null,"fixme":null,"website":null,"wheelchair":null,"level":null,"backrest":null,"addr_postcode":null,"colour":null,"moped":null,"bike_ride":null,"location":null,"capacity_cargo_bike":null,"addr_floor":null}},{"type":"Feature","id":287,"geometry":{"type":"Point","coordinates":[7.6927623000000267,45.06343650000008]},"properties":{"OBJECTID":287,"F_id":"node/5941325227","access":null,"amenity":"bicycle_parking","bicycle_parking":"stands","capacity":"8","covered":"no","fee":null,"survey_date":null,"building":null,"operator":null,"motorcycle":null,"lit":null,"opening_hours":null,"smoothness":null,"supervised":null,"surface":null,"indoor":null,"check_date":null,"name":null,"mapillary":null,"source":null,"check_date_capacity":null,"panoramax":null,"description":null,"operator_type":null,"addr_street":null,"addr_city":null,"addr_housenumber":null,"fixme":null,"website":null,"wheelchair":null,"level":null,"backrest":null,"addr_postcode":null,"colour":null,"moped":null,"bike_ride":null,"location":null,"capacity_cargo_bike":null,"addr_floor":null}},{"type":"Feature","id":288,"geometry":{"type":"Point","coordinates":[7.6894615000000499,45.064363800000081]},"properties":{"OBJECTID":288,"F_id":"node/5941325233","access":null,"amenity":"bicycle_parking","bicycle_parking":"stands","capacity":"6","covered":"no","fee":null,"survey_date":null,"building":null,"operator":null,"motorcycle":null,"lit":null,"opening_hours":null,"smoothness":null,"supervised":null,"surface":null,"indoor":null,"check_date":null,"name":null,"mapillary":null,"source":null,"check_date_capacity":null,"panoramax":null,"description":null,"operator_type":null,"addr_street":null,"addr_city":null,"addr_housenumber":null,"fixme":null,"website":null,"wheelchair":null,"level":null,"backrest":null,"addr_postcode":null,"colour":null,"moped":null,"bike_ride":null,"location":null,"capacity_cargo_bike":null,"addr_floor":null}},{"type":"Feature","id":289,"geometry":{"type":"Point","coordinates":[7.6869135000000597,45.067956400000071]},"properties":{"OBJECTID":289,"F_id":"node/5941325235","access":null,"amenity":"bicycle_parking","bicycle_parking":null,"capacity":null,"covered":"no","fee":null,"survey_date":null,"building":null,"operator":null,"motorcycle":null,"lit":null,"opening_hours":null,"smoothness":null,"supervised":null,"surface":null,"indoor":null,"check_date":null,"name":null,"mapillary":null,"source":null,"check_date_capacity":null,"panoramax":null,"description":null,"operator_type":null,"addr_street":null,"addr_city":null,"addr_housenumber":null,"fixme":null,"website":null,"wheelchair":null,"level":null,"backrest":null,"addr_postcode":null,"colour":null,"moped":null,"bike_ride":null,"location":null,"capacity_cargo_bike":null,"addr_floor":null}},{"type":"Feature","id":290,"geometry":{"type":"Point","coordinates":[7.682745700000055,45.066055100000028]},"properties":{"OBJECTID":290,"F_id":"node/5968581908","access":null,"amenity":"bicycle_parking","bicycle_parking":"stands","capacity":"8","covered":"no","fee":null,"survey_date":null,"building":null,"operator":null,"motorcycle":null,"lit":null,"opening_hours":null,"smoothness":null,"supervised":null,"surface":null,"indoor":null,"check_date":null,"name":null,"mapillary":null,"source":null,"check_date_capacity":null,"panoramax":null,"description":null,"operator_type":null,"addr_street":"Via Teofilo Rossi","addr_city":null,"addr_housenumber":null,"fixme":null,"website":null,"wheelchair":null,"level":null,"backrest":null,"addr_postcode":null,"colour":null,"moped":null,"bike_ride":null,"location":null,"capacity_cargo_bike":null,"addr_floor":null}},{"type":"Feature","id":291,"geometry":{"type":"Point","coordinates":[7.6823622000000569,45.066183500000079]},"properties":{"OBJECTID":291,"F_id":"node/5968582882","access":null,"amenity":"bicycle_parking","bicycle_parking":"stands","capacity":"6","covered":"no","fee":null,"survey_date":null,"building":null,"operator":null,"motorcycle":null,"lit":null,"opening_hours":null,"smoothness":null,"supervised":null,"surface":null,"indoor":null,"check_date":null,"name":null,"mapillary":null,"source":null,"check_date_capacity":null,"panoramax":null,"description":null,"operator_type":null,"addr_street":"Via Teofilo Rossi","addr_city":null,"addr_housenumber":null,"fixme":null,"website":null,"wheelchair":null,"level":null,"backrest":null,"addr_postcode":null,"colour":null,"moped":null,"bike_ride":null,"location":null,"capacity_cargo_bike":null,"addr_floor":null}},{"type":"Feature","id":292,"geometry":{"type":"Point","coordinates":[7.6856728000000203,45.073640900000044]},"properties":{"OBJECTID":292,"F_id":"node/5998289584","access":null,"amenity":"bicycle_parking","bicycle_parking":"wall_loops","capacity":"5","covered":null,"fee":null,"survey_date":null,"building":null,"operator":null,"motorcycle":null,"lit":null,"opening_hours":null,"smoothness":null,"supervised":null,"surface":null,"indoor":null,"check_date":null,"name":null,"mapillary":null,"source":null,"check_date_capacity":null,"panoramax":null,"description":null,"operator_type":null,"addr_street":null,"addr_city":null,"addr_housenumber":null,"fixme":null,"website":null,"wheelchair":null,"level":null,"backrest":null,"addr_postcode":null,"colour":null,"moped":null,"bike_ride":null,"location":null,"capacity_cargo_bike":null,"addr_floor":null}},{"type":"Feature","id":293,"geometry":{"type":"Point","coordinates":[7.6851142000000436,45.07384170000006]},"properties":{"OBJECTID":293,"F_id":"node/5998291995","access":null,"amenity":"bicycle_parking","bicycle_parking":"wall_loops","capacity":"5","covered":"no","fee":null,"survey_date":null,"building":null,"operator":null,"motorcycle":null,"lit":null,"opening_hours":null,"smoothness":null,"supervised":null,"surface":null,"indoor":null,"check_date":null,"name":null,"mapillary":null,"source":null,"check_date_capacity":null,"panoramax":null,"description":null,"operator_type":null,"addr_street":null,"addr_city":null,"addr_housenumber":null,"fixme":null,"website":null,"wheelchair":null,"level":null,"backrest":null,"addr_postcode":null,"colour":null,"moped":null,"bike_ride":null,"location":null,"capacity_cargo_bike":null,"addr_floor":null}},{"type":"Feature","id":295,"geometry":{"type":"Point","coordinates":[7.6466026000000511,45.056944100000067]},"properties":{"OBJECTID":295,"F_id":"node/6104249055","access":"yes","amenity":"bicycle_parking","bicycle_parking":"anchors","capacity":"6","covered":"no","fee":null,"survey_date":null,"building":null,"operator":null,"motorcycle":null,"lit":null,"opening_hours":null,"smoothness":null,"supervised":null,"surface":null,"indoor":null,"check_date":null,"name":null,"mapillary":null,"source":null,"check_date_capacity":null,"panoramax":null,"description":null,"operator_type":null,"addr_street":"Via Malta","addr_city":"Torino","addr_housenumber":"36","fixme":null,"website":null,"wheelchair":null,"level":null,"backrest":null,"addr_postcode":null,"colour":null,"moped":null,"bike_ride":null,"location":null,"capacity_cargo_bike":null,"addr_floor":null}},{"type":"Feature","id":298,"geometry":{"type":"Point","coordinates":[7.6754516000000308,45.066027700000063]},"properties":{"OBJECTID":298,"F_id":"node/6149852920","access":null,"amenity":"bicycle_parking","bicycle_parking":"stands","capacity":"10","covered":"no","fee":null,"survey_date":null,"building":null,"operator":null,"motorcycle":null,"lit":null,"opening_hours":null,"smoothness":null,"supervised":null,"surface":null,"indoor":null,"check_date":null,"name":null,"mapillary":null,"source":null,"check_date_capacity":null,"panoramax":null,"description":null,"operator_type":null,"addr_street":null,"addr_city":null,"addr_housenumber":null,"fixme":null,"website":null,"wheelchair":null,"level":null,"backrest":null,"addr_postcode":null,"colour":null,"moped":null,"bike_ride":null,"location":null,"capacity_cargo_bike":null,"addr_floor":null}},{"type":"Feature","id":302,"geometry":{"type":"Point","coordinates":[7.6421453000000383,45.05207340000004]},"properties":{"OBJECTID":302,"F_id":"node/6284273900","access":null,"amenity":"bicycle_parking","bicycle_parking":"stands","capacity":"6","covered":"no","fee":"no","survey_date":null,"building":null,"operator":null,"motorcycle":null,"lit":null,"opening_hours":null,"smoothness":null,"supervised":null,"surface":null,"indoor":null,"check_date":null,"name":null,"mapillary":null,"source":null,"check_date_capacity":null,"panoramax":null,"description":null,"operator_type":null,"addr_street":null,"addr_city":null,"addr_housenumber":null,"fixme":null,"website":null,"wheelchair":null,"level":null,"backrest":null,"addr_postcode":null,"colour":null,"moped":null,"bike_ride":null,"location":null,"capacity_cargo_bike":null,"addr_floor":null}},{"type":"Feature","id":321,"geometry":{"type":"Point","coordinates":[7.6843529000000217,45.068066400000077]},"properties":{"OBJECTID":321,"F_id":"node/6827178603","access":null,"amenity":"bicycle_parking","bicycle_parking":"stands","capacity":"4","covered":"no","fee":null,"survey_date":null,"building":null,"operator":null,"motorcycle":null,"lit":null,"opening_hours":null,"smoothness":null,"supervised":null,"surface":null,"indoor":null,"check_date":null,"name":null,"mapillary":null,"source":null,"check_date_capacity":null,"panoramax":null,"description":null,"operator_type":null,"addr_street":null,"addr_city":null,"addr_housenumber":null,"fixme":null,"website":null,"wheelchair":null,"level":null,"backrest":null,"addr_postcode":null,"colour":null,"moped":null,"bike_ride":null,"location":null,"capacity_cargo_bike":null,"addr_floor":null}},{"type":"Feature","id":322,"geometry":{"type":"Point","coordinates":[7.6862558000000263,45.072726500000044]},"properties":{"OBJECTID":322,"F_id":"node/6851396187","access":null,"amenity":"bicycle_parking","bicycle_parking":"wall_loops","capacity":"6","covered":"yes","fee":null,"survey_date":null,"building":null,"operator":null,"motorcycle":null,"lit":null,"opening_hours":null,"smoothness":null,"supervised":null,"surface":null,"indoor":null,"check_date":null,"name":null,"mapillary":null,"source":null,"check_date_capacity":null,"panoramax":null,"description":null,"operator_type":null,"addr_street":null,"addr_city":null,"addr_housenumber":null,"fixme":null,"website":null,"wheelchair":null,"level":null,"backrest":null,"addr_postcode":null,"colour":null,"moped":null,"bike_ride":null,"location":null,"capacity_cargo_bike":null,"addr_floor":null}},{"type":"Feature","id":323,"geometry":{"type":"Point","coordinates":[7.6855867000000444,45.053990300000066]},"properties":{"OBJECTID":323,"F_id":"node/6909804800","access":null,"amenity":"bicycle_parking","bicycle_parking":"stands","capacity":"26","covered":"no","fee":"no","survey_date":"2018-11-22","building":null,"operator":null,"motorcycle":null,"lit":null,"opening_hours":null,"smoothness":null,"supervised":null,"surface":null,"indoor":null,"check_date":null,"name":null,"mapillary":"475155003753036","source":null,"check_date_capacity":null,"panoramax":null,"description":null,"operator_type":null,"addr_street":null,"addr_city":null,"addr_housenumber":null,"fixme":null,"website":null,"wheelchair":null,"level":null,"backrest":null,"addr_postcode":null,"colour":null,"moped":null,"bike_ride":null,"location":null,"capacity_cargo_bike":null,"addr_floor":null}},{"type":"Feature","id":324,"geometry":{"type":"Point","coordinates":[7.6584876000000577,45.062932900000078]},"properties":{"OBJECTID":324,"F_id":"node/6912162938","access":null,"amenity":"bicycle_parking","bicycle_parking":"stands","capacity":"15","covered":"no","fee":"no","survey_date":null,"building":null,"operator":null,"motorcycle":null,"lit":null,"opening_hours":null,"smoothness":null,"supervised":null,"surface":null,"indoor":null,"check_date":null,"name":null,"mapillary":null,"source":null,"check_date_capacity":null,"panoramax":null,"description":null,"operator_type":null,"addr_street":null,"addr_city":null,"addr_housenumber":null,"fixme":null,"website":null,"wheelchair":null,"level":null,"backrest":null,"addr_postcode":null,"colour":null,"moped":null,"bike_ride":null,"location":null,"capacity_cargo_bike":null,"addr_floor":null}},{"type":"Feature","id":325,"geometry":{"type":"Point","coordinates":[7.6602401000000668,45.061727200000064]},"properties":{"OBJECTID":325,"F_id":"node/6954549387","access":null,"amenity":"bicycle_parking","bicycle_parking":null,"capacity":null,"covered":null,"fee":null,"survey_date":null,"building":null,"operator":null,"motorcycle":null,"lit":null,"opening_hours":null,"smoothness":null,"supervised":null,"surface":null,"indoor":null,"check_date":null,"name":null,"mapillary":null,"source":null,"check_date_capacity":null,"panoramax":null,"description":null,"operator_type":null,"addr_street":null,"addr_city":null,"addr_housenumber":null,"fixme":null,"website":null,"wheelchair":null,"level":null,"backrest":null,"addr_postcode":null,"colour":null,"moped":null,"bike_ride":null,"location":null,"capacity_cargo_bike":null,"addr_floor":null}},{"type":"Feature","id":326,"geometry":{"type":"Point","coordinates":[7.6624259000000734,45.062241300000039]},"properties":{"OBJECTID":326,"F_id":"node/6954549388","access":null,"amenity":"bicycle_parking","bicycle_parking":"stands","capacity":"14","covered":"no","fee":null,"survey_date":null,"building":null,"operator":null,"motorcycle":null,"lit":null,"opening_hours":null,"smoothness":null,"supervised":null,"surface":null,"indoor":null,"check_date":null,"name":null,"mapillary":null,"source":null,"check_date_capacity":null,"panoramax":null,"description":null,"operator_type":null,"addr_street":null,"addr_city":null,"addr_housenumber":null,"fixme":null,"website":null,"wheelchair":null,"level":null,"backrest":null,"addr_postcode":null,"colour":null,"moped":null,"bike_ride":null,"location":null,"capacity_cargo_bike":null,"addr_floor":null}},{"type":"Feature","id":327,"geometry":{"type":"Point","coordinates":[7.6642413000000715,45.068444000000056]},"properties":{"OBJECTID":327,"F_id":"node/7025739876","access":null,"amenity":"bicycle_parking","bicycle_parking":"stands","capacity":"6","covered":"no","fee":null,"survey_date":null,"building":null,"operator":null,"motorcycle":null,"lit":null,"opening_hours":null,"smoothness":null,"supervised":null,"surface":null,"indoor":null,"check_date":null,"name":null,"mapillary":null,"source":null,"check_date_capacity":null,"panoramax":null,"description":null,"operator_type":null,"addr_street":null,"addr_city":null,"addr_housenumber":null,"fixme":null,"website":null,"wheelchair":null,"level":null,"backrest":null,"addr_postcode":null,"colour":null,"moped":null,"bike_ride":null,"location":null,"capacity_cargo_bike":null,"addr_floor":null}},{"type":"Feature","id":328,"geometry":{"type":"Point","coordinates":[7.6686582000000385,45.056796200000065]},"properties":{"OBJECTID":328,"F_id":"node/7054259454","access":null,"amenity":"bicycle_parking","bicycle_parking":"stands","capacity":"6","covered":"no","fee":"no","survey_date":"2021-02-25","building":null,"operator":null,"motorcycle":null,"lit":null,"opening_hours":null,"smoothness":null,"supervised":null,"surface":null,"indoor":null,"check_date":null,"name":null,"mapillary":"305587857638235","source":null,"check_date_capacity":null,"panoramax":null,"description":null,"operator_type":null,"addr_street":null,"addr_city":null,"addr_housenumber":null,"fixme":null,"website":null,"wheelchair":null,"level":null,"backrest":null,"addr_postcode":null,"colour":null,"moped":null,"bike_ride":null,"location":null,"capacity_cargo_bike":null,"addr_floor":null}},{"type":"Feature","id":329,"geometry":{"type":"Point","coordinates":[7.6488407000000507,45.055155500000069]},"properties":{"OBJECTID":329,"F_id":"node/7063812962","access":null,"amenity":"bicycle_parking","bicycle_parking":"stands","capacity":"6","covered":"no","fee":"no","survey_date":null,"building":null,"operator":null,"motorcycle":null,"lit":null,"opening_hours":null,"smoothness":null,"supervised":null,"surface":null,"indoor":null,"check_date":null,"name":null,"mapillary":null,"source":null,"check_date_capacity":null,"panoramax":null,"description":null,"operator_type":null,"addr_street":null,"addr_city":null,"addr_housenumber":null,"fixme":null,"website":null,"wheelchair":null,"level":null,"backrest":null,"addr_postcode":null,"colour":null,"moped":null,"bike_ride":null,"location":null,"capacity_cargo_bike":null,"addr_floor":null}},{"type":"Feature","id":330,"geometry":{"type":"Point","coordinates":[7.6461810000000696,45.068871100000081]},"properties":{"OBJECTID":330,"F_id":"node/7076001858","access":null,"amenity":"bicycle_parking","bicycle_parking":null,"capacity":null,"covered":null,"fee":null,"survey_date":null,"building":null,"operator":null,"motorcycle":null,"lit":null,"opening_hours":null,"smoothness":null,"supervised":null,"surface":null,"indoor":null,"check_date":null,"name":null,"mapillary":null,"source":null,"check_date_capacity":null,"panoramax":null,"description":null,"operator_type":null,"addr_street":null,"addr_city":null,"addr_housenumber":null,"fixme":null,"website":null,"wheelchair":null,"level":null,"backrest":null,"addr_postcode":null,"colour":null,"moped":null,"bike_ride":null,"location":null,"capacity_cargo_bike":null,"addr_floor":null}},{"type":"Feature","id":331,"geometry":{"type":"Point","coordinates":[7.6476485000000594,45.068281400000046]},"properties":{"OBJECTID":331,"F_id":"node/7076001859","access":null,"amenity":"bicycle_parking","bicycle_parking":"stands","capacity":"4","covered":"no","fee":null,"survey_date":null,"building":null,"operator":null,"motorcycle":null,"lit":null,"opening_hours":null,"smoothness":null,"supervised":null,"surface":null,"indoor":null,"check_date":null,"name":null,"mapillary":null,"source":null,"check_date_capacity":null,"panoramax":null,"description":null,"operator_type":null,"addr_street":null,"addr_city":null,"addr_housenumber":null,"fixme":null,"website":null,"wheelchair":null,"level":null,"backrest":null,"addr_postcode":null,"colour":null,"moped":null,"bike_ride":null,"location":null,"capacity_cargo_bike":null,"addr_floor":null}},{"type":"Feature","id":332,"geometry":{"type":"Point","coordinates":[7.6462220000000229,45.064579800000047]},"properties":{"OBJECTID":332,"F_id":"node/7076001860","access":null,"amenity":"bicycle_parking","bicycle_parking":"stands","capacity":"6","covered":"no","fee":null,"survey_date":null,"building":null,"operator":null,"motorcycle":null,"lit":null,"opening_hours":null,"smoothness":null,"supervised":null,"surface":null,"indoor":null,"check_date":null,"name":null,"mapillary":null,"source":null,"check_date_capacity":null,"panoramax":null,"description":null,"operator_type":null,"addr_street":null,"addr_city":null,"addr_housenumber":null,"fixme":"does it still exist?","website":null,"wheelchair":null,"level":null,"backrest":null,"addr_postcode":null,"colour":null,"moped":null,"bike_ride":null,"location":null,"capacity_cargo_bike":null,"addr_floor":null}},{"type":"Feature","id":333,"geometry":{"type":"Point","coordinates":[7.6809000000000651,45.059210800000074]},"properties":{"OBJECTID":333,"F_id":"node/7076001861","access":null,"amenity":"bicycle_parking","bicycle_parking":null,"capacity":null,"covered":"no","fee":null,"survey_date":null,"building":null,"operator":null,"motorcycle":null,"lit":null,"opening_hours":null,"smoothness":null,"supervised":null,"surface":null,"indoor":null,"check_date":null,"name":null,"mapillary":null,"source":null,"check_date_capacity":null,"panoramax":null,"description":null,"operator_type":null,"addr_street":null,"addr_city":null,"addr_housenumber":null,"fixme":null,"website":null,"wheelchair":null,"level":null,"backrest":null,"addr_postcode":null,"colour":null,"moped":null,"bike_ride":null,"location":null,"capacity_cargo_bike":null,"addr_floor":null}},{"type":"Feature","id":334,"geometry":{"type":"Point","coordinates":[7.6801744000000554,45.05985910000004]},"properties":{"OBJECTID":334,"F_id":"node/7076001862","access":null,"amenity":"bicycle_parking","bicycle_parking":"stands","capacity":"2","covered":"no","fee":null,"survey_date":null,"building":null,"operator":null,"motorcycle":null,"lit":null,"opening_hours":null,"smoothness":null,"supervised":null,"surface":null,"indoor":null,"check_date":null,"name":null,"mapillary":null,"source":null,"check_date_capacity":null,"panoramax":null,"description":null,"operator_type":null,"addr_street":null,"addr_city":null,"addr_housenumber":null,"fixme":null,"website":null,"wheelchair":null,"level":null,"backrest":null,"addr_postcode":null,"colour":null,"moped":null,"bike_ride":null,"location":null,"capacity_cargo_bike":null,"addr_floor":null}},{"type":"Feature","id":335,"geometry":{"type":"Point","coordinates":[7.6826281000000449,45.05632380000003]},"properties":{"OBJECTID":335,"F_id":"node/7076001863","access":null,"amenity":"bicycle_parking","bicycle_parking":null,"capacity":null,"covered":"no","fee":null,"survey_date":null,"building":null,"operator":null,"motorcycle":null,"lit":null,"opening_hours":null,"smoothness":null,"supervised":null,"surface":null,"indoor":null,"check_date":null,"name":null,"mapillary":null,"source":null,"check_date_capacity":null,"panoramax":null,"description":null,"operator_type":null,"addr_street":null,"addr_city":null,"addr_housenumber":null,"fixme":null,"website":null,"wheelchair":null,"level":null,"backrest":null,"addr_postcode":null,"colour":null,"moped":null,"bike_ride":null,"location":null,"capacity_cargo_bike":null,"addr_floor":null}},{"type":"Feature","id":336,"geometry":{"type":"Point","coordinates":[7.6819200000000478,45.055404000000067]},"properties":{"OBJECTID":336,"F_id":"node/7076001864","access":null,"amenity":"bicycle_parking","bicycle_parking":"stands","capacity":"20","covered":"no","fee":null,"survey_date":null,"building":null,"operator":null,"motorcycle":null,"lit":null,"opening_hours":null,"smoothness":null,"supervised":null,"surface":null,"indoor":null,"check_date":null,"name":null,"mapillary":null,"source":null,"check_date_capacity":null,"panoramax":null,"description":null,"operator_type":null,"addr_street":null,"addr_city":null,"addr_housenumber":null,"fixme":null,"website":null,"wheelchair":null,"level":null,"backrest":null,"addr_postcode":null,"colour":null,"moped":null,"bike_ride":null,"location":null,"capacity_cargo_bike":null,"addr_floor":null}},{"type":"Feature","id":337,"geometry":{"type":"Point","coordinates":[7.6834735000000478,45.055907800000057]},"properties":{"OBJECTID":337,"F_id":"node/7076001865","access":null,"amenity":"bicycle_parking","bicycle_parking":null,"capacity":null,"covered":null,"fee":null,"survey_date":null,"building":null,"operator":null,"motorcycle":null,"lit":null,"opening_hours":null,"smoothness":null,"supervised":null,"surface":null,"indoor":null,"check_date":null,"name":null,"mapillary":null,"source":null,"check_date_capacity":null,"panoramax":null,"description":null,"operator_type":null,"addr_street":null,"addr_city":null,"addr_housenumber":null,"fixme":null,"website":null,"wheelchair":null,"level":null,"backrest":null,"addr_postcode":null,"colour":null,"moped":null,"bike_ride":null,"location":null,"capacity_cargo_bike":null,"addr_floor":null}},{"type":"Feature","id":338,"geometry":{"type":"Point","coordinates":[7.6819520000000239,45.058028800000045]},"properties":{"OBJECTID":338,"F_id":"node/7076001866","access":null,"amenity":"bicycle_parking","bicycle_parking":"stands","capacity":"8","covered":"no","fee":null,"survey_date":null,"building":null,"operator":null,"motorcycle":null,"lit":null,"opening_hours":null,"smoothness":null,"supervised":null,"surface":null,"indoor":null,"check_date":null,"name":null,"mapillary":null,"source":null,"check_date_capacity":"2024-06-15","panoramax":null,"description":null,"operator_type":null,"addr_street":null,"addr_city":null,"addr_housenumber":null,"fixme":null,"website":null,"wheelchair":null,"level":null,"backrest":null,"addr_postcode":null,"colour":null,"moped":null,"bike_ride":null,"location":null,"capacity_cargo_bike":null,"addr_floor":null}},{"type":"Feature","id":339,"geometry":{"type":"Point","coordinates":[7.6784748000000604,45.055917000000079]},"properties":{"OBJECTID":339,"F_id":"node/7076001867","access":null,"amenity":"bicycle_parking","bicycle_parking":"stands","capacity":"10","covered":"no","fee":null,"survey_date":null,"building":null,"operator":null,"motorcycle":null,"lit":null,"opening_hours":null,"smoothness":null,"supervised":null,"surface":null,"indoor":null,"check_date":null,"name":null,"mapillary":null,"source":null,"check_date_capacity":null,"panoramax":null,"description":null,"operator_type":null,"addr_street":null,"addr_city":null,"addr_housenumber":null,"fixme":null,"website":null,"wheelchair":null,"level":null,"backrest":null,"addr_postcode":null,"colour":null,"moped":null,"bike_ride":null,"location":null,"capacity_cargo_bike":null,"addr_floor":null}},{"type":"Feature","id":340,"geometry":{"type":"Point","coordinates":[7.6780617000000575,45.055994600000076]},"properties":{"OBJECTID":340,"F_id":"node/7076001868","access":null,"amenity":"bicycle_parking","bicycle_parking":"stands","capacity":"12","covered":"no","fee":null,"survey_date":null,"building":null,"operator":null,"motorcycle":null,"lit":null,"opening_hours":null,"smoothness":null,"supervised":null,"surface":null,"indoor":null,"check_date":null,"name":null,"mapillary":null,"source":null,"check_date_capacity":null,"panoramax":null,"description":null,"operator_type":null,"addr_street":null,"addr_city":null,"addr_housenumber":null,"fixme":null,"website":null,"wheelchair":null,"level":null,"backrest":null,"addr_postcode":null,"colour":null,"moped":null,"bike_ride":null,"location":null,"capacity_cargo_bike":null,"addr_floor":null}},{"type":"Feature","id":346,"geometry":{"type":"Point","coordinates":[7.6362997000000519,45.03590070000007]},"properties":{"OBJECTID":346,"F_id":"node/7076001875","access":null,"amenity":"bicycle_parking","bicycle_parking":"wall_loops","capacity":"30","covered":"no","fee":null,"survey_date":null,"building":null,"operator":null,"motorcycle":null,"lit":null,"opening_hours":null,"smoothness":null,"supervised":null,"surface":null,"indoor":null,"check_date":null,"name":null,"mapillary":null,"source":null,"check_date_capacity":null,"panoramax":null,"description":null,"operator_type":null,"addr_street":null,"addr_city":null,"addr_housenumber":null,"fixme":null,"website":null,"wheelchair":null,"level":null,"backrest":null,"addr_postcode":null,"colour":null,"moped":null,"bike_ride":null,"location":null,"capacity_cargo_bike":null,"addr_floor":null}},{"type":"Feature","id":347,"geometry":{"type":"Point","coordinates":[7.6339741000000458,45.045375500000034]},"properties":{"OBJECTID":347,"F_id":"node/7076001876","access":null,"amenity":"bicycle_parking","bicycle_parking":"stands","capacity":"4","covered":"no","fee":null,"survey_date":null,"building":null,"operator":null,"motorcycle":null,"lit":null,"opening_hours":null,"smoothness":null,"supervised":null,"surface":null,"indoor":null,"check_date":null,"name":null,"mapillary":null,"source":null,"check_date_capacity":null,"panoramax":null,"description":null,"operator_type":null,"addr_street":null,"addr_city":null,"addr_housenumber":null,"fixme":null,"website":null,"wheelchair":null,"level":null,"backrest":null,"addr_postcode":null,"colour":null,"moped":null,"bike_ride":null,"location":null,"capacity_cargo_bike":null,"addr_floor":null}},{"type":"Feature","id":348,"geometry":{"type":"Point","coordinates":[7.632961000000023,45.044885600000043]},"properties":{"OBJECTID":348,"F_id":"node/7076001877","access":null,"amenity":"bicycle_parking","bicycle_parking":"stands","capacity":"4","covered":"no","fee":null,"survey_date":null,"building":null,"operator":null,"motorcycle":null,"lit":null,"opening_hours":null,"smoothness":null,"supervised":null,"surface":null,"indoor":null,"check_date":null,"name":null,"mapillary":null,"source":null,"check_date_capacity":"2024-05-11","panoramax":null,"description":null,"operator_type":null,"addr_street":null,"addr_city":null,"addr_housenumber":null,"fixme":null,"website":null,"wheelchair":null,"level":null,"backrest":null,"addr_postcode":null,"colour":null,"moped":null,"bike_ride":null,"location":null,"capacity_cargo_bike":null,"addr_floor":null}},{"type":"Feature","id":349,"geometry":{"type":"Point","coordinates":[7.6717301000000475,45.044881200000077]},"properties":{"OBJECTID":349,"F_id":"node/7076001878","access":null,"amenity":"bicycle_parking","bicycle_parking":null,"capacity":null,"covered":null,"fee":null,"survey_date":null,"building":null,"operator":null,"motorcycle":null,"lit":null,"opening_hours":null,"smoothness":null,"supervised":null,"surface":null,"indoor":null,"check_date":null,"name":null,"mapillary":null,"source":null,"check_date_capacity":null,"panoramax":null,"description":null,"operator_type":null,"addr_street":null,"addr_city":null,"addr_housenumber":null,"fixme":null,"website":null,"wheelchair":null,"level":null,"backrest":null,"addr_postcode":null,"colour":null,"moped":null,"bike_ride":null,"location":null,"capacity_cargo_bike":null,"addr_floor":null}},{"type":"Feature","id":350,"geometry":{"type":"Point","coordinates":[7.6796968000000447,45.043630600000029]},"properties":{"OBJECTID":350,"F_id":"node/7076001879","access":null,"amenity":"bicycle_parking","bicycle_parking":"stands","capacity":null,"covered":null,"fee":null,"survey_date":"2020-10-08","building":null,"operator":null,"motorcycle":null,"lit":null,"opening_hours":null,"smoothness":null,"supervised":null,"surface":null,"indoor":null,"check_date":null,"name":null,"mapillary":"2548642135444886","source":null,"check_date_capacity":null,"panoramax":null,"description":null,"operator_type":null,"addr_street":null,"addr_city":null,"addr_housenumber":null,"fixme":null,"website":null,"wheelchair":null,"level":null,"backrest":null,"addr_postcode":null,"colour":null,"moped":null,"bike_ride":null,"location":null,"capacity_cargo_bike":null,"addr_floor":null}},{"type":"Feature","id":351,"geometry":{"type":"Point","coordinates":[7.6768310000000497,45.04390200000006]},"properties":{"OBJECTID":351,"F_id":"node/7076001880","access":null,"amenity":"bicycle_parking","bicycle_parking":"stands","capacity":"4","covered":"no","fee":null,"survey_date":null,"building":null,"operator":null,"motorcycle":null,"lit":null,"opening_hours":null,"smoothness":null,"supervised":null,"surface":null,"indoor":null,"check_date":null,"name":null,"mapillary":null,"source":null,"check_date_capacity":null,"panoramax":null,"description":null,"operator_type":null,"addr_street":null,"addr_city":null,"addr_housenumber":null,"fixme":null,"website":null,"wheelchair":null,"level":null,"backrest":null,"addr_postcode":null,"colour":null,"moped":null,"bike_ride":null,"location":null,"capacity_cargo_bike":null,"addr_floor":null}},{"type":"Feature","id":352,"geometry":{"type":"Point","coordinates":[7.677000400000054,45.045539700000063]},"properties":{"OBJECTID":352,"F_id":"node/7076001881","access":null,"amenity":"bicycle_parking","bicycle_parking":null,"capacity":null,"covered":null,"fee":null,"survey_date":null,"building":null,"operator":null,"motorcycle":null,"lit":null,"opening_hours":null,"smoothness":null,"supervised":null,"surface":null,"indoor":null,"check_date":null,"name":null,"mapillary":null,"source":null,"check_date_capacity":null,"panoramax":null,"description":null,"operator_type":null,"addr_street":null,"addr_city":null,"addr_housenumber":null,"fixme":null,"website":null,"wheelchair":null,"level":null,"backrest":null,"addr_postcode":null,"colour":null,"moped":null,"bike_ride":null,"location":null,"capacity_cargo_bike":null,"addr_floor":null}},{"type":"Feature","id":353,"geometry":{"type":"Point","coordinates":[7.672992200000067,45.042255200000056]},"properties":{"OBJECTID":353,"F_id":"node/7076001882","access":null,"amenity":"bicycle_parking","bicycle_parking":"handlebar_holder","capacity":"15","covered":"no","fee":null,"survey_date":null,"building":null,"operator":null,"motorcycle":null,"lit":null,"opening_hours":null,"smoothness":null,"supervised":null,"surface":null,"indoor":null,"check_date":null,"name":null,"mapillary":null,"source":null,"check_date_capacity":null,"panoramax":null,"description":null,"operator_type":null,"addr_street":null,"addr_city":null,"addr_housenumber":null,"fixme":null,"website":null,"wheelchair":null,"level":null,"backrest":null,"addr_postcode":null,"colour":null,"moped":null,"bike_ride":null,"location":null,"capacity_cargo_bike":null,"addr_floor":null}},{"type":"Feature","id":354,"geometry":{"type":"Point","coordinates":[7.6708127000000559,45.042485400000032]},"properties":{"OBJECTID":354,"F_id":"node/7076001884","access":"yes","amenity":"bicycle_parking","bicycle_parking":"stands","capacity":"10","covered":"no","fee":null,"survey_date":null,"building":null,"operator":null,"motorcycle":null,"lit":null,"opening_hours":null,"smoothness":null,"supervised":null,"surface":null,"indoor":null,"check_date":null,"name":null,"mapillary":null,"source":null,"check_date_capacity":null,"panoramax":null,"description":null,"operator_type":null,"addr_street":null,"addr_city":null,"addr_housenumber":null,"fixme":null,"website":null,"wheelchair":null,"level":null,"backrest":null,"addr_postcode":null,"colour":null,"moped":null,"bike_ride":null,"location":null,"capacity_cargo_bike":null,"addr_floor":null}},{"type":"Feature","id":355,"geometry":{"type":"Point","coordinates":[7.659470600000077,45.051609700000029]},"properties":{"OBJECTID":355,"F_id":"node/7076063185","access":null,"amenity":"bicycle_parking","bicycle_parking":null,"capacity":null,"covered":null,"fee":null,"survey_date":null,"building":null,"operator":null,"motorcycle":null,"lit":null,"opening_hours":null,"smoothness":null,"supervised":null,"surface":null,"indoor":null,"check_date":null,"name":null,"mapillary":null,"source":null,"check_date_capacity":null,"panoramax":null,"description":null,"operator_type":null,"addr_street":null,"addr_city":null,"addr_housenumber":null,"fixme":null,"website":null,"wheelchair":null,"level":null,"backrest":null,"addr_postcode":null,"colour":null,"moped":null,"bike_ride":null,"location":null,"capacity_cargo_bike":null,"addr_floor":null}},{"type":"Feature","id":356,"geometry":{"type":"Point","coordinates":[7.6614996000000701,45.048935400000062]},"properties":{"OBJECTID":356,"F_id":"node/7076063186","access":null,"amenity":"bicycle_parking","bicycle_parking":"stands","capacity":"4","covered":"no","fee":null,"survey_date":null,"building":null,"operator":null,"motorcycle":null,"lit":null,"opening_hours":null,"smoothness":null,"supervised":null,"surface":null,"indoor":null,"check_date":null,"name":null,"mapillary":null,"source":null,"check_date_capacity":null,"panoramax":null,"description":null,"operator_type":null,"addr_street":null,"addr_city":null,"addr_housenumber":null,"fixme":null,"website":null,"wheelchair":null,"level":null,"backrest":null,"addr_postcode":null,"colour":null,"moped":null,"bike_ride":null,"location":null,"capacity_cargo_bike":null,"addr_floor":null}},{"type":"Feature","id":357,"geometry":{"type":"Point","coordinates":[7.6610407000000578,45.049139400000058]},"properties":{"OBJECTID":357,"F_id":"node/7076063187","access":null,"amenity":"bicycle_parking","bicycle_parking":"stands","capacity":"8","covered":"no","fee":null,"survey_date":"2018-08-21","building":null,"operator":null,"motorcycle":null,"lit":null,"opening_hours":null,"smoothness":null,"supervised":null,"surface":null,"indoor":null,"check_date":null,"name":null,"mapillary":"488504509004791","source":null,"check_date_capacity":null,"panoramax":null,"description":null,"operator_type":null,"addr_street":null,"addr_city":null,"addr_housenumber":null,"fixme":null,"website":null,"wheelchair":null,"level":null,"backrest":null,"addr_postcode":null,"colour":null,"moped":null,"bike_ride":null,"location":null,"capacity_cargo_bike":null,"addr_floor":null}},{"type":"Feature","id":358,"geometry":{"type":"Point","coordinates":[7.661062300000026,45.049891500000058]},"properties":{"OBJECTID":358,"F_id":"node/7076063188","access":null,"amenity":"bicycle_parking","bicycle_parking":"stands","capacity":"10","covered":"no","fee":null,"survey_date":null,"building":null,"operator":null,"motorcycle":null,"lit":null,"opening_hours":null,"smoothness":null,"supervised":null,"surface":null,"indoor":null,"check_date":null,"name":null,"mapillary":null,"source":null,"check_date_capacity":null,"panoramax":null,"description":null,"operator_type":null,"addr_street":null,"addr_city":null,"addr_housenumber":null,"fixme":null,"website":null,"wheelchair":null,"level":null,"backrest":null,"addr_postcode":null,"colour":null,"moped":null,"bike_ride":null,"location":null,"capacity_cargo_bike":null,"addr_floor":null}},{"type":"Feature","id":359,"geometry":{"type":"Point","coordinates":[7.6613466000000585,45.050666400000068]},"properties":{"OBJECTID":359,"F_id":"node/7076063189","access":null,"amenity":"bicycle_parking","bicycle_parking":"stands","capacity":"4","covered":"no","fee":null,"survey_date":null,"building":null,"operator":null,"motorcycle":null,"lit":null,"opening_hours":null,"smoothness":null,"supervised":null,"surface":null,"indoor":null,"check_date":null,"name":null,"mapillary":null,"source":null,"check_date_capacity":null,"panoramax":null,"description":null,"operator_type":null,"addr_street":null,"addr_city":null,"addr_housenumber":null,"fixme":null,"website":null,"wheelchair":null,"level":null,"backrest":null,"addr_postcode":null,"colour":null,"moped":null,"bike_ride":null,"location":null,"capacity_cargo_bike":null,"addr_floor":null}},{"type":"Feature","id":360,"geometry":{"type":"Point","coordinates":[7.6752669000000537,45.05173990000003]},"properties":{"OBJECTID":360,"F_id":"node/7076063190","access":null,"amenity":"bicycle_parking","bicycle_parking":"stands","capacity":"4","covered":"no","fee":null,"survey_date":null,"building":null,"operator":null,"motorcycle":null,"lit":null,"opening_hours":null,"smoothness":null,"supervised":null,"surface":null,"indoor":null,"check_date":null,"name":null,"mapillary":null,"source":null,"check_date_capacity":null,"panoramax":null,"description":null,"operator_type":null,"addr_street":null,"addr_city":null,"addr_housenumber":null,"fixme":null,"website":null,"wheelchair":null,"level":null,"backrest":null,"addr_postcode":null,"colour":null,"moped":null,"bike_ride":null,"location":null,"capacity_cargo_bike":null,"addr_floor":null}},{"type":"Feature","id":361,"geometry":{"type":"Point","coordinates":[7.6741819000000646,45.050770800000066]},"properties":{"OBJECTID":361,"F_id":"node/7076063194","access":"yes","amenity":"bicycle_parking","bicycle_parking":"stands","capacity":"6","covered":"no","fee":null,"survey_date":null,"building":null,"operator":null,"motorcycle":null,"lit":null,"opening_hours":null,"smoothness":null,"supervised":null,"surface":null,"indoor":null,"check_date":null,"name":null,"mapillary":null,"source":null,"check_date_capacity":null,"panoramax":null,"description":null,"operator_type":null,"addr_street":null,"addr_city":null,"addr_housenumber":null,"fixme":null,"website":null,"wheelchair":null,"level":null,"backrest":null,"addr_postcode":null,"colour":null,"moped":null,"bike_ride":null,"location":null,"capacity_cargo_bike":null,"addr_floor":null}},{"type":"Feature","id":362,"geometry":{"type":"Point","coordinates":[7.6740204000000745,45.051036400000044]},"properties":{"OBJECTID":362,"F_id":"node/7076063195","access":null,"amenity":"bicycle_parking","bicycle_parking":null,"capacity":null,"covered":null,"fee":null,"survey_date":null,"building":null,"operator":null,"motorcycle":null,"lit":null,"opening_hours":null,"smoothness":null,"supervised":null,"surface":null,"indoor":null,"check_date":null,"name":null,"mapillary":null,"source":null,"check_date_capacity":null,"panoramax":null,"description":null,"operator_type":null,"addr_street":null,"addr_city":null,"addr_housenumber":null,"fixme":null,"website":null,"wheelchair":null,"level":null,"backrest":null,"addr_postcode":null,"colour":null,"moped":null,"bike_ride":null,"location":null,"capacity_cargo_bike":null,"addr_floor":null}},{"type":"Feature","id":363,"geometry":{"type":"Point","coordinates":[7.6906913000000259,45.053534100000036]},"properties":{"OBJECTID":363,"F_id":"node/7076063196","access":null,"amenity":"bicycle_parking","bicycle_parking":null,"capacity":null,"covered":null,"fee":null,"survey_date":null,"building":null,"operator":null,"motorcycle":null,"lit":null,"opening_hours":null,"smoothness":null,"supervised":null,"surface":null,"indoor":null,"check_date":null,"name":null,"mapillary":null,"source":null,"check_date_capacity":null,"panoramax":null,"description":null,"operator_type":null,"addr_street":null,"addr_city":null,"addr_housenumber":null,"fixme":null,"website":null,"wheelchair":null,"level":null,"backrest":null,"addr_postcode":null,"colour":null,"moped":null,"bike_ride":null,"location":null,"capacity_cargo_bike":null,"addr_floor":null}},{"type":"Feature","id":364,"geometry":{"type":"Point","coordinates":[7.6931284000000346,45.056937400000038]},"properties":{"OBJECTID":364,"F_id":"node/7076063197","access":null,"amenity":"bicycle_parking","bicycle_parking":null,"capacity":null,"covered":null,"fee":null,"survey_date":null,"building":null,"operator":null,"motorcycle":null,"lit":null,"opening_hours":null,"smoothness":null,"supervised":null,"surface":null,"indoor":null,"check_date":null,"name":null,"mapillary":null,"source":null,"check_date_capacity":null,"panoramax":null,"description":null,"operator_type":null,"addr_street":null,"addr_city":null,"addr_housenumber":null,"fixme":null,"website":null,"wheelchair":null,"level":null,"backrest":null,"addr_postcode":null,"colour":null,"moped":null,"bike_ride":null,"location":null,"capacity_cargo_bike":null,"addr_floor":null}},{"type":"Feature","id":365,"geometry":{"type":"Point","coordinates":[7.6938061000000744,45.057251000000065]},"properties":{"OBJECTID":365,"F_id":"node/7076063198","access":null,"amenity":"bicycle_parking","bicycle_parking":null,"capacity":null,"covered":null,"fee":null,"survey_date":null,"building":null,"operator":null,"motorcycle":null,"lit":null,"opening_hours":null,"smoothness":null,"supervised":null,"surface":null,"indoor":null,"check_date":null,"name":null,"mapillary":null,"source":null,"check_date_capacity":null,"panoramax":null,"description":null,"operator_type":null,"addr_street":null,"addr_city":null,"addr_housenumber":null,"fixme":null,"website":null,"wheelchair":null,"level":null,"backrest":null,"addr_postcode":null,"colour":null,"moped":null,"bike_ride":null,"location":null,"capacity_cargo_bike":null,"addr_floor":null}},{"type":"Feature","id":366,"geometry":{"type":"Point","coordinates":[7.6856163000000493,45.063513300000068]},"properties":{"OBJECTID":366,"F_id":"node/7076063199","access":null,"amenity":"bicycle_parking","bicycle_parking":"stands","capacity":"12","covered":"no","fee":null,"survey_date":null,"building":null,"operator":null,"motorcycle":null,"lit":null,"opening_hours":null,"smoothness":null,"supervised":null,"surface":null,"indoor":null,"check_date":null,"name":null,"mapillary":null,"source":null,"check_date_capacity":null,"panoramax":null,"description":null,"operator_type":null,"addr_street":null,"addr_city":null,"addr_housenumber":null,"fixme":null,"website":null,"wheelchair":null,"level":null,"backrest":null,"addr_postcode":null,"colour":null,"moped":null,"bike_ride":null,"location":null,"capacity_cargo_bike":null,"addr_floor":null}},{"type":"Feature","id":367,"geometry":{"type":"Point","coordinates":[7.6853657000000339,45.063193500000068]},"properties":{"OBJECTID":367,"F_id":"node/7076063200","access":null,"amenity":"bicycle_parking","bicycle_parking":"stands","capacity":"2","covered":"no","fee":null,"survey_date":null,"building":null,"operator":null,"motorcycle":null,"lit":null,"opening_hours":null,"smoothness":null,"supervised":null,"surface":null,"indoor":null,"check_date":null,"name":null,"mapillary":null,"source":null,"check_date_capacity":null,"panoramax":null,"description":null,"operator_type":null,"addr_street":null,"addr_city":null,"addr_housenumber":null,"fixme":null,"website":null,"wheelchair":null,"level":null,"backrest":null,"addr_postcode":null,"colour":null,"moped":null,"bike_ride":null,"location":null,"capacity_cargo_bike":null,"addr_floor":null}},{"type":"Feature","id":368,"geometry":{"type":"Point","coordinates":[7.6843949000000293,45.061740300000054]},"properties":{"OBJECTID":368,"F_id":"node/7076063201","access":null,"amenity":"bicycle_parking","bicycle_parking":"stands","capacity":"1","covered":"no","fee":null,"survey_date":null,"building":null,"operator":null,"motorcycle":null,"lit":null,"opening_hours":null,"smoothness":null,"supervised":null,"surface":null,"indoor":null,"check_date":null,"name":null,"mapillary":null,"source":null,"check_date_capacity":null,"panoramax":null,"description":null,"operator_type":null,"addr_street":null,"addr_city":null,"addr_housenumber":null,"fixme":null,"website":null,"wheelchair":null,"level":null,"backrest":null,"addr_postcode":null,"colour":null,"moped":null,"bike_ride":null,"location":null,"capacity_cargo_bike":null,"addr_floor":null}},{"type":"Feature","id":369,"geometry":{"type":"Point","coordinates":[7.6869385000000534,45.060895200000061]},"properties":{"OBJECTID":369,"F_id":"node/7076063202","access":null,"amenity":"bicycle_parking","bicycle_parking":"stands","capacity":null,"covered":"no","fee":null,"survey_date":null,"building":null,"operator":null,"motorcycle":null,"lit":null,"opening_hours":null,"smoothness":null,"supervised":null,"surface":null,"indoor":null,"check_date":null,"name":null,"mapillary":null,"source":null,"check_date_capacity":null,"panoramax":null,"description":null,"operator_type":null,"addr_street":null,"addr_city":null,"addr_housenumber":null,"fixme":null,"website":null,"wheelchair":null,"level":null,"backrest":null,"addr_postcode":null,"colour":null,"moped":null,"bike_ride":null,"location":null,"capacity_cargo_bike":null,"addr_floor":null}},{"type":"Feature","id":370,"geometry":{"type":"Point","coordinates":[7.6868550000000369,45.060925400000031]},"properties":{"OBJECTID":370,"F_id":"node/7076063203","access":null,"amenity":"bicycle_parking","bicycle_parking":"stands","capacity":null,"covered":"no","fee":null,"survey_date":null,"building":null,"operator":null,"motorcycle":null,"lit":null,"opening_hours":null,"smoothness":null,"supervised":null,"surface":null,"indoor":null,"check_date":null,"name":null,"mapillary":null,"source":null,"check_date_capacity":null,"panoramax":null,"description":null,"operator_type":null,"addr_street":null,"addr_city":null,"addr_housenumber":null,"fixme":null,"website":null,"wheelchair":null,"level":null,"backrest":null,"addr_postcode":null,"colour":null,"moped":null,"bike_ride":null,"location":null,"capacity_cargo_bike":null,"addr_floor":null}},{"type":"Feature","id":371,"geometry":{"type":"Point","coordinates":[7.6871686000000636,45.061214000000064]},"properties":{"OBJECTID":371,"F_id":"node/7076063204","access":null,"amenity":"bicycle_parking","bicycle_parking":"stands","capacity":"4","covered":"no","fee":null,"survey_date":null,"building":null,"operator":null,"motorcycle":null,"lit":null,"opening_hours":null,"smoothness":null,"supervised":null,"surface":null,"indoor":null,"check_date":null,"name":null,"mapillary":null,"source":null,"check_date_capacity":null,"panoramax":null,"description":null,"operator_type":null,"addr_street":null,"addr_city":null,"addr_housenumber":null,"fixme":null,"website":null,"wheelchair":null,"level":null,"backrest":null,"addr_postcode":null,"colour":null,"moped":null,"bike_ride":null,"location":null,"capacity_cargo_bike":null,"addr_floor":null}},{"type":"Feature","id":372,"geometry":{"type":"Point","coordinates":[7.6879754000000275,45.061687400000039]},"properties":{"OBJECTID":372,"F_id":"node/7076063205","access":null,"amenity":"bicycle_parking","bicycle_parking":"stands","capacity":"4","covered":"no","fee":null,"survey_date":null,"building":null,"operator":null,"motorcycle":null,"lit":null,"opening_hours":null,"smoothness":null,"supervised":null,"surface":null,"indoor":null,"check_date":null,"name":null,"mapillary":null,"source":null,"check_date_capacity":null,"panoramax":null,"description":null,"operator_type":null,"addr_street":null,"addr_city":null,"addr_housenumber":null,"fixme":null,"website":null,"wheelchair":null,"level":null,"backrest":null,"addr_postcode":null,"colour":null,"moped":null,"bike_ride":null,"location":null,"capacity_cargo_bike":null,"addr_floor":null}},{"type":"Feature","id":373,"geometry":{"type":"Point","coordinates":[7.6876976000000354,45.06154980000008]},"properties":{"OBJECTID":373,"F_id":"node/7076063206","access":null,"amenity":"bicycle_parking","bicycle_parking":"stands","capacity":"22","covered":"no","fee":null,"survey_date":null,"building":null,"operator":null,"motorcycle":null,"lit":null,"opening_hours":null,"smoothness":null,"supervised":null,"surface":null,"indoor":null,"check_date":null,"name":null,"mapillary":null,"source":null,"check_date_capacity":null,"panoramax":null,"description":null,"operator_type":null,"addr_street":null,"addr_city":null,"addr_housenumber":null,"fixme":null,"website":null,"wheelchair":null,"level":null,"backrest":null,"addr_postcode":null,"colour":null,"moped":null,"bike_ride":null,"location":null,"capacity_cargo_bike":null,"addr_floor":null}},{"type":"Feature","id":374,"geometry":{"type":"Point","coordinates":[7.6887464000000705,45.061183500000027]},"properties":{"OBJECTID":374,"F_id":"node/7076063207","access":null,"amenity":"bicycle_parking","bicycle_parking":"stands","capacity":"4","covered":"no","fee":null,"survey_date":null,"building":null,"operator":null,"motorcycle":null,"lit":null,"opening_hours":null,"smoothness":null,"supervised":null,"surface":null,"indoor":null,"check_date":null,"name":null,"mapillary":null,"source":null,"check_date_capacity":null,"panoramax":null,"description":null,"operator_type":null,"addr_street":null,"addr_city":null,"addr_housenumber":null,"fixme":null,"website":null,"wheelchair":null,"level":null,"backrest":null,"addr_postcode":null,"colour":null,"moped":null,"bike_ride":null,"location":null,"capacity_cargo_bike":null,"addr_floor":null}},{"type":"Feature","id":375,"geometry":{"type":"Point","coordinates":[7.6894492000000696,45.060924000000057]},"properties":{"OBJECTID":375,"F_id":"node/7076063208","access":null,"amenity":"bicycle_parking","bicycle_parking":null,"capacity":null,"covered":null,"fee":null,"survey_date":null,"building":null,"operator":null,"motorcycle":null,"lit":null,"opening_hours":null,"smoothness":null,"supervised":null,"surface":null,"indoor":null,"check_date":null,"name":null,"mapillary":null,"source":null,"check_date_capacity":null,"panoramax":null,"description":null,"operator_type":null,"addr_street":null,"addr_city":null,"addr_housenumber":null,"fixme":null,"website":null,"wheelchair":null,"level":null,"backrest":null,"addr_postcode":null,"colour":null,"moped":null,"bike_ride":null,"location":null,"capacity_cargo_bike":null,"addr_floor":null}},{"type":"Feature","id":376,"geometry":{"type":"Point","coordinates":[7.6898281000000566,45.060799100000054]},"properties":{"OBJECTID":376,"F_id":"node/7076063209","access":null,"amenity":"bicycle_parking","bicycle_parking":null,"capacity":null,"covered":null,"fee":null,"survey_date":null,"building":null,"operator":null,"motorcycle":null,"lit":null,"opening_hours":null,"smoothness":null,"supervised":null,"surface":null,"indoor":null,"check_date":null,"name":null,"mapillary":null,"source":null,"check_date_capacity":null,"panoramax":null,"description":null,"operator_type":null,"addr_street":null,"addr_city":null,"addr_housenumber":null,"fixme":null,"website":null,"wheelchair":null,"level":null,"backrest":null,"addr_postcode":null,"colour":null,"moped":null,"bike_ride":null,"location":null,"capacity_cargo_bike":null,"addr_floor":null}},{"type":"Feature","id":377,"geometry":{"type":"Point","coordinates":[7.6903714000000605,45.060467600000038]},"properties":{"OBJECTID":377,"F_id":"node/7076063210","access":null,"amenity":"bicycle_parking","bicycle_parking":null,"capacity":null,"covered":null,"fee":null,"survey_date":null,"building":null,"operator":null,"motorcycle":null,"lit":null,"opening_hours":null,"smoothness":null,"supervised":null,"surface":null,"indoor":null,"check_date":null,"name":null,"mapillary":null,"source":null,"check_date_capacity":null,"panoramax":null,"description":null,"operator_type":null,"addr_street":null,"addr_city":null,"addr_housenumber":null,"fixme":null,"website":null,"wheelchair":null,"level":null,"backrest":null,"addr_postcode":null,"colour":null,"moped":null,"bike_ride":null,"location":null,"capacity_cargo_bike":null,"addr_floor":null}},{"type":"Feature","id":378,"geometry":{"type":"Point","coordinates":[7.6909657000000493,45.060465900000054]},"properties":{"OBJECTID":378,"F_id":"node/7076063211","access":null,"amenity":"bicycle_parking","bicycle_parking":null,"capacity":null,"covered":null,"fee":null,"survey_date":null,"building":null,"operator":null,"motorcycle":null,"lit":null,"opening_hours":null,"smoothness":null,"supervised":null,"surface":null,"indoor":null,"check_date":null,"name":null,"mapillary":null,"source":null,"check_date_capacity":null,"panoramax":null,"description":null,"operator_type":null,"addr_street":null,"addr_city":null,"addr_housenumber":null,"fixme":null,"website":null,"wheelchair":null,"level":null,"backrest":null,"addr_postcode":null,"colour":null,"moped":null,"bike_ride":null,"location":null,"capacity_cargo_bike":null,"addr_floor":null}},{"type":"Feature","id":379,"geometry":{"type":"Point","coordinates":[7.6912369000000353,45.060375300000032]},"properties":{"OBJECTID":379,"F_id":"node/7076063212","access":null,"amenity":"bicycle_parking","bicycle_parking":null,"capacity":null,"covered":null,"fee":null,"survey_date":null,"building":null,"operator":null,"motorcycle":null,"lit":null,"opening_hours":null,"smoothness":null,"supervised":null,"surface":null,"indoor":null,"check_date":null,"name":null,"mapillary":null,"source":null,"check_date_capacity":null,"panoramax":null,"description":null,"operator_type":null,"addr_street":null,"addr_city":null,"addr_housenumber":null,"fixme":null,"website":null,"wheelchair":null,"level":null,"backrest":null,"addr_postcode":null,"colour":null,"moped":null,"bike_ride":null,"location":null,"capacity_cargo_bike":null,"addr_floor":null}},{"type":"Feature","id":380,"geometry":{"type":"Point","coordinates":[7.6913898000000245,45.060319500000048]},"properties":{"OBJECTID":380,"F_id":"node/7076063213","access":null,"amenity":"bicycle_parking","bicycle_parking":null,"capacity":null,"covered":null,"fee":null,"survey_date":null,"building":null,"operator":null,"motorcycle":null,"lit":null,"opening_hours":null,"smoothness":null,"supervised":null,"surface":null,"indoor":null,"check_date":null,"name":null,"mapillary":null,"source":null,"check_date_capacity":null,"panoramax":null,"description":null,"operator_type":null,"addr_street":null,"addr_city":null,"addr_housenumber":null,"fixme":null,"website":null,"wheelchair":null,"level":null,"backrest":null,"addr_postcode":null,"colour":null,"moped":null,"bike_ride":null,"location":null,"capacity_cargo_bike":null,"addr_floor":null}},{"type":"Feature","id":381,"geometry":{"type":"Point","coordinates":[7.6558849000000464,45.07241410000006]},"properties":{"OBJECTID":381,"F_id":"node/7076063214","access":null,"amenity":"bicycle_parking","bicycle_parking":"stands","capacity":null,"covered":"no","fee":null,"survey_date":"2021-03-30","building":null,"operator":null,"motorcycle":null,"lit":null,"opening_hours":null,"smoothness":null,"supervised":null,"surface":null,"indoor":null,"check_date":null,"name":null,"mapillary":"1719641298235577","source":null,"check_date_capacity":null,"panoramax":null,"description":null,"operator_type":null,"addr_street":null,"addr_city":null,"addr_housenumber":null,"fixme":null,"website":null,"wheelchair":null,"level":null,"backrest":null,"addr_postcode":null,"colour":null,"moped":null,"bike_ride":null,"location":null,"capacity_cargo_bike":null,"addr_floor":null}},{"type":"Feature","id":382,"geometry":{"type":"Point","coordinates":[7.6558684000000312,45.072338700000046]},"properties":{"OBJECTID":382,"F_id":"node/7076063215","access":null,"amenity":"bicycle_parking","bicycle_parking":"stands","capacity":null,"covered":null,"fee":null,"survey_date":"2020-02-19","building":null,"operator":null,"motorcycle":null,"lit":null,"opening_hours":null,"smoothness":null,"supervised":null,"surface":null,"indoor":null,"check_date":null,"name":null,"mapillary":"517796379390582","source":null,"check_date_capacity":null,"panoramax":null,"description":null,"operator_type":null,"addr_street":null,"addr_city":null,"addr_housenumber":null,"fixme":null,"website":null,"wheelchair":null,"level":null,"backrest":null,"addr_postcode":null,"colour":null,"moped":null,"bike_ride":null,"location":null,"capacity_cargo_bike":null,"addr_floor":null}},{"type":"Feature","id":383,"geometry":{"type":"Point","coordinates":[7.6558606000000395,45.072278200000028]},"properties":{"OBJECTID":383,"F_id":"node/7076063216","access":null,"amenity":"bicycle_parking","bicycle_parking":"stands","capacity":null,"covered":null,"fee":null,"survey_date":"2021-03-30","building":null,"operator":null,"motorcycle":null,"lit":null,"opening_hours":null,"smoothness":null,"supervised":null,"surface":null,"indoor":null,"check_date":null,"name":null,"mapillary":"535234144133982","source":null,"check_date_capacity":null,"panoramax":null,"description":null,"operator_type":null,"addr_street":null,"addr_city":null,"addr_housenumber":null,"fixme":null,"website":null,"wheelchair":null,"level":null,"backrest":null,"addr_postcode":null,"colour":null,"moped":null,"bike_ride":null,"location":null,"capacity_cargo_bike":null,"addr_floor":null}},{"type":"Feature","id":384,"geometry":{"type":"Point","coordinates":[7.6558527000000254,45.072211100000061]},"properties":{"OBJECTID":384,"F_id":"node/7076063217","access":null,"amenity":"bicycle_parking","bicycle_parking":"stands","capacity":null,"covered":"no","fee":null,"survey_date":"2020-02-19","building":null,"operator":null,"motorcycle":null,"lit":null,"opening_hours":null,"smoothness":null,"supervised":null,"surface":null,"indoor":null,"check_date":null,"name":null,"mapillary":"1648655061984284","source":null,"check_date_capacity":null,"panoramax":null,"description":null,"operator_type":null,"addr_street":null,"addr_city":null,"addr_housenumber":null,"fixme":null,"website":null,"wheelchair":null,"level":null,"backrest":null,"addr_postcode":null,"colour":null,"moped":null,"bike_ride":null,"location":null,"capacity_cargo_bike":null,"addr_floor":null}},{"type":"Feature","id":385,"geometry":{"type":"Point","coordinates":[7.6558425000000625,45.072140000000047]},"properties":{"OBJECTID":385,"F_id":"node/7076063218","access":null,"amenity":"bicycle_parking","bicycle_parking":"stands","capacity":null,"covered":"no","fee":null,"survey_date":"2021-03-30","building":null,"operator":null,"motorcycle":null,"lit":null,"opening_hours":null,"smoothness":null,"supervised":null,"surface":null,"indoor":null,"check_date":null,"name":null,"mapillary":"1167015350395799","source":null,"check_date_capacity":null,"panoramax":null,"description":null,"operator_type":null,"addr_street":null,"addr_city":null,"addr_housenumber":null,"fixme":null,"website":null,"wheelchair":null,"level":null,"backrest":null,"addr_postcode":null,"colour":null,"moped":null,"bike_ride":null,"location":null,"capacity_cargo_bike":null,"addr_floor":null}},{"type":"Feature","id":386,"geometry":{"type":"Point","coordinates":[7.6558268000000567,45.072093400000028]},"properties":{"OBJECTID":386,"F_id":"node/7076063219","access":null,"amenity":"bicycle_parking","bicycle_parking":"stands","capacity":null,"covered":null,"fee":null,"survey_date":"2020-02-19","building":null,"operator":null,"motorcycle":null,"lit":null,"opening_hours":null,"smoothness":null,"supervised":null,"surface":null,"indoor":null,"check_date":null,"name":null,"mapillary":"379582473370261","source":null,"check_date_capacity":null,"panoramax":null,"description":null,"operator_type":null,"addr_street":null,"addr_city":null,"addr_housenumber":null,"fixme":null,"website":null,"wheelchair":null,"level":null,"backrest":null,"addr_postcode":null,"colour":null,"moped":null,"bike_ride":null,"location":null,"capacity_cargo_bike":null,"addr_floor":null}},{"type":"Feature","id":387,"geometry":{"type":"Point","coordinates":[7.6558142000000657,45.072022400000037]},"properties":{"OBJECTID":387,"F_id":"node/7076063220","access":null,"amenity":"bicycle_parking","bicycle_parking":"stands","capacity":null,"covered":null,"fee":null,"survey_date":"2021-03-30","building":null,"operator":null,"motorcycle":null,"lit":null,"opening_hours":null,"smoothness":null,"supervised":null,"surface":null,"indoor":null,"check_date":null,"name":null,"mapillary":"198293008803239","source":null,"check_date_capacity":null,"panoramax":null,"description":null,"operator_type":null,"addr_street":null,"addr_city":null,"addr_housenumber":null,"fixme":null,"website":null,"wheelchair":null,"level":null,"backrest":null,"addr_postcode":null,"colour":null,"moped":null,"bike_ride":null,"location":null,"capacity_cargo_bike":null,"addr_floor":null}},{"type":"Feature","id":388,"geometry":{"type":"Point","coordinates":[7.6558142000000657,45.071953600000029]},"properties":{"OBJECTID":388,"F_id":"node/7076063221","access":null,"amenity":"bicycle_parking","bicycle_parking":null,"capacity":null,"covered":null,"fee":null,"survey_date":null,"building":null,"operator":null,"motorcycle":null,"lit":null,"opening_hours":null,"smoothness":null,"supervised":null,"surface":null,"indoor":null,"check_date":null,"name":null,"mapillary":null,"source":null,"check_date_capacity":null,"panoramax":null,"description":null,"operator_type":null,"addr_street":null,"addr_city":null,"addr_housenumber":null,"fixme":null,"website":null,"wheelchair":null,"level":null,"backrest":null,"addr_postcode":null,"colour":null,"moped":null,"bike_ride":null,"location":null,"capacity_cargo_bike":null,"addr_floor":null}},{"type":"Feature","id":389,"geometry":{"type":"Point","coordinates":[7.6557922000000644,45.071898100000055]},"properties":{"OBJECTID":389,"F_id":"node/7076063222","access":null,"amenity":"bicycle_parking","bicycle_parking":"stands","capacity":null,"covered":"no","fee":null,"survey_date":"2021-03-30","building":null,"operator":null,"motorcycle":null,"lit":null,"opening_hours":null,"smoothness":null,"supervised":null,"surface":null,"indoor":null,"check_date":null,"name":null,"mapillary":"454685195693854","source":null,"check_date_capacity":null,"panoramax":null,"description":null,"operator_type":null,"addr_street":null,"addr_city":null,"addr_housenumber":null,"fixme":null,"website":null,"wheelchair":null,"level":null,"backrest":null,"addr_postcode":null,"colour":null,"moped":null,"bike_ride":null,"location":null,"capacity_cargo_bike":null,"addr_floor":null}},{"type":"Feature","id":390,"geometry":{"type":"Point","coordinates":[7.6557828000000541,45.071836000000076]},"properties":{"OBJECTID":390,"F_id":"node/7076063223","access":null,"amenity":"bicycle_parking","bicycle_parking":"stands","capacity":null,"covered":"no","fee":null,"survey_date":"2021-03-30","building":null,"operator":null,"motorcycle":null,"lit":null,"opening_hours":null,"smoothness":null,"supervised":null,"surface":null,"indoor":null,"check_date":null,"name":null,"mapillary":"298979415050265","source":null,"check_date_capacity":null,"panoramax":null,"description":null,"operator_type":null,"addr_street":null,"addr_city":null,"addr_housenumber":null,"fixme":null,"website":null,"wheelchair":null,"level":null,"backrest":null,"addr_postcode":null,"colour":null,"moped":null,"bike_ride":null,"location":null,"capacity_cargo_bike":null,"addr_floor":null}},{"type":"Feature","id":391,"geometry":{"type":"Point","coordinates":[7.6557828000000541,45.071762800000045]},"properties":{"OBJECTID":391,"F_id":"node/7076063224","access":null,"amenity":"bicycle_parking","bicycle_parking":"stands","capacity":null,"covered":"no","fee":null,"survey_date":"2021-03-30","building":null,"operator":null,"motorcycle":null,"lit":null,"opening_hours":null,"smoothness":null,"supervised":null,"surface":null,"indoor":null,"check_date":null,"name":null,"mapillary":"2804783933095808","source":null,"check_date_capacity":null,"panoramax":null,"description":null,"operator_type":null,"addr_street":null,"addr_city":null,"addr_housenumber":null,"fixme":null,"website":null,"wheelchair":null,"level":null,"backrest":null,"addr_postcode":null,"colour":null,"moped":null,"bike_ride":null,"location":null,"capacity_cargo_bike":null,"addr_floor":null}},{"type":"Feature","id":392,"geometry":{"type":"Point","coordinates":[7.6557639000000677,45.071696200000076]},"properties":{"OBJECTID":392,"F_id":"node/7076063225","access":null,"amenity":"bicycle_parking","bicycle_parking":"stands","capacity":null,"covered":"no","fee":null,"survey_date":"2020-02-19","building":null,"operator":null,"motorcycle":null,"lit":null,"opening_hours":null,"smoothness":null,"supervised":null,"surface":null,"indoor":null,"check_date":null,"name":null,"mapillary":"1217614715326102","source":null,"check_date_capacity":null,"panoramax":null,"description":null,"operator_type":null,"addr_street":null,"addr_city":null,"addr_housenumber":null,"fixme":null,"website":null,"wheelchair":null,"level":null,"backrest":null,"addr_postcode":null,"colour":null,"moped":null,"bike_ride":null,"location":null,"capacity_cargo_bike":null,"addr_floor":null}},{"type":"Feature","id":393,"geometry":{"type":"Point","coordinates":[7.6557482000000618,45.071571900000038]},"properties":{"OBJECTID":393,"F_id":"node/7076063226","access":null,"amenity":"bicycle_parking","bicycle_parking":"stands","capacity":null,"covered":"no","fee":null,"survey_date":"2021-03-30","building":null,"operator":null,"motorcycle":null,"lit":null,"opening_hours":null,"smoothness":null,"supervised":null,"surface":null,"indoor":null,"check_date":null,"name":null,"mapillary":"489162138867545","source":null,"check_date_capacity":null,"panoramax":null,"description":null,"operator_type":null,"addr_street":null,"addr_city":null,"addr_housenumber":null,"fixme":null,"website":null,"wheelchair":null,"level":null,"backrest":null,"addr_postcode":null,"colour":null,"moped":null,"bike_ride":null,"location":null,"capacity_cargo_bike":null,"addr_floor":null}},{"type":"Feature","id":394,"geometry":{"type":"Point","coordinates":[7.6557357000000366,45.071505300000069]},"properties":{"OBJECTID":394,"F_id":"node/7076063227","access":null,"amenity":"bicycle_parking","bicycle_parking":"stands","capacity":null,"covered":null,"fee":null,"survey_date":"2020-02-19","building":null,"operator":null,"motorcycle":null,"lit":null,"opening_hours":null,"smoothness":null,"supervised":null,"surface":null,"indoor":null,"check_date":null,"name":null,"mapillary":"482202816225127","source":null,"check_date_capacity":null,"panoramax":null,"description":null,"operator_type":null,"addr_street":null,"addr_city":null,"addr_housenumber":null,"fixme":null,"website":null,"wheelchair":null,"level":null,"backrest":null,"addr_postcode":null,"colour":null,"moped":null,"bike_ride":null,"location":null,"capacity_cargo_bike":null,"addr_floor":null}},{"type":"Feature","id":395,"geometry":{"type":"Point","coordinates":[7.6589800000000423,45.073977200000058]},"properties":{"OBJECTID":395,"F_id":"node/7076063228","access":null,"amenity":"bicycle_parking","bicycle_parking":"stands","capacity":"2","covered":"no","fee":null,"survey_date":null,"building":null,"operator":null,"motorcycle":null,"lit":null,"opening_hours":null,"smoothness":null,"supervised":null,"surface":null,"indoor":null,"check_date":null,"name":null,"mapillary":null,"source":null,"check_date_capacity":null,"panoramax":null,"description":null,"operator_type":null,"addr_street":null,"addr_city":null,"addr_housenumber":null,"fixme":null,"website":null,"wheelchair":null,"level":null,"backrest":null,"addr_postcode":null,"colour":null,"moped":null,"bike_ride":null,"location":null,"capacity_cargo_bike":null,"addr_floor":null}},{"type":"Feature","id":396,"geometry":{"type":"Point","coordinates":[7.6569755000000441,45.075773500000025]},"properties":{"OBJECTID":396,"F_id":"node/7076063229","access":null,"amenity":"bicycle_parking","bicycle_parking":"stands","capacity":"6","covered":"no","fee":null,"survey_date":null,"building":null,"operator":null,"motorcycle":null,"lit":null,"opening_hours":null,"smoothness":null,"supervised":null,"surface":null,"indoor":null,"check_date":null,"name":null,"mapillary":null,"source":null,"check_date_capacity":null,"panoramax":null,"description":null,"operator_type":null,"addr_street":null,"addr_city":null,"addr_housenumber":null,"fixme":null,"website":null,"wheelchair":null,"level":null,"backrest":null,"addr_postcode":null,"colour":null,"moped":null,"bike_ride":null,"location":null,"capacity_cargo_bike":null,"addr_floor":null}},{"type":"Feature","id":397,"geometry":{"type":"Point","coordinates":[7.6577451000000565,45.076309400000071]},"properties":{"OBJECTID":397,"F_id":"node/7076063230","access":null,"amenity":"bicycle_parking","bicycle_parking":"stands","capacity":"2","covered":"no","fee":null,"survey_date":null,"building":null,"operator":null,"motorcycle":null,"lit":null,"opening_hours":null,"smoothness":null,"supervised":null,"surface":null,"indoor":null,"check_date":null,"name":null,"mapillary":null,"source":null,"check_date_capacity":null,"panoramax":null,"description":null,"operator_type":null,"addr_street":null,"addr_city":null,"addr_housenumber":null,"fixme":null,"website":null,"wheelchair":null,"level":null,"backrest":null,"addr_postcode":null,"colour":null,"moped":null,"bike_ride":null,"location":null,"capacity_cargo_bike":null,"addr_floor":null}},{"type":"Feature","id":398,"geometry":{"type":"Point","coordinates":[7.6576621000000387,45.076308300000051]},"properties":{"OBJECTID":398,"F_id":"node/7076063231","access":null,"amenity":"bicycle_parking","bicycle_parking":"stands","capacity":"6","covered":"no","fee":null,"survey_date":null,"building":null,"operator":null,"motorcycle":null,"lit":null,"opening_hours":null,"smoothness":null,"supervised":null,"surface":null,"indoor":null,"check_date":null,"name":null,"mapillary":null,"source":null,"check_date_capacity":null,"panoramax":null,"description":null,"operator_type":null,"addr_street":null,"addr_city":null,"addr_housenumber":null,"fixme":null,"website":null,"wheelchair":null,"level":null,"backrest":null,"addr_postcode":null,"colour":null,"moped":null,"bike_ride":null,"location":null,"capacity_cargo_bike":null,"addr_floor":null}},{"type":"Feature","id":399,"geometry":{"type":"Point","coordinates":[7.6570024000000672,45.075944900000081]},"properties":{"OBJECTID":399,"F_id":"node/7076063232","access":null,"amenity":"bicycle_parking","bicycle_parking":"stands","capacity":"10","covered":"no","fee":null,"survey_date":"2019-02-27","building":null,"operator":null,"motorcycle":null,"lit":null,"opening_hours":null,"smoothness":null,"supervised":null,"surface":null,"indoor":null,"check_date":null,"name":null,"mapillary":"304619144487505","source":null,"check_date_capacity":null,"panoramax":null,"description":null,"operator_type":null,"addr_street":null,"addr_city":null,"addr_housenumber":null,"fixme":null,"website":null,"wheelchair":null,"level":null,"backrest":null,"addr_postcode":null,"colour":null,"moped":null,"bike_ride":null,"location":null,"capacity_cargo_bike":null,"addr_floor":null}},{"type":"Feature","id":400,"geometry":{"type":"Point","coordinates":[7.6581798000000276,45.076242100000059]},"properties":{"OBJECTID":400,"F_id":"node/7076063234","access":null,"amenity":"bicycle_parking","bicycle_parking":"stands","capacity":"6","covered":"no","fee":null,"survey_date":null,"building":null,"operator":null,"motorcycle":null,"lit":null,"opening_hours":null,"smoothness":null,"supervised":null,"surface":null,"indoor":null,"check_date":null,"name":null,"mapillary":null,"source":null,"check_date_capacity":null,"panoramax":null,"description":null,"operator_type":null,"addr_street":null,"addr_city":null,"addr_housenumber":null,"fixme":null,"website":null,"wheelchair":null,"level":null,"backrest":null,"addr_postcode":null,"colour":null,"moped":null,"bike_ride":null,"location":null,"capacity_cargo_bike":null,"addr_floor":null}},{"type":"Feature","id":401,"geometry":{"type":"Point","coordinates":[7.6582013000000302,45.075997000000029]},"properties":{"OBJECTID":401,"F_id":"node/7076063235","access":null,"amenity":"bicycle_parking","bicycle_parking":"stands","capacity":"8","covered":"no","fee":null,"survey_date":null,"building":null,"operator":null,"motorcycle":null,"lit":null,"opening_hours":null,"smoothness":null,"supervised":null,"surface":null,"indoor":null,"check_date":null,"name":null,"mapillary":null,"source":null,"check_date_capacity":"2025-08-17","panoramax":null,"description":null,"operator_type":null,"addr_street":null,"addr_city":null,"addr_housenumber":null,"fixme":null,"website":null,"wheelchair":null,"level":null,"backrest":null,"addr_postcode":null,"colour":null,"moped":null,"bike_ride":null,"location":null,"capacity_cargo_bike":null,"addr_floor":null}},{"type":"Feature","id":402,"geometry":{"type":"Point","coordinates":[7.6587158000000386,45.07591670000005]},"properties":{"OBJECTID":402,"F_id":"node/7076063236","access":null,"amenity":"bicycle_parking","bicycle_parking":"stands","capacity":"6","covered":"no","fee":null,"survey_date":null,"building":null,"operator":null,"motorcycle":null,"lit":null,"opening_hours":null,"smoothness":null,"supervised":null,"surface":null,"indoor":null,"check_date":null,"name":null,"mapillary":null,"source":null,"check_date_capacity":"2025-08-17","panoramax":null,"description":null,"operator_type":null,"addr_street":null,"addr_city":null,"addr_housenumber":null,"fixme":null,"website":null,"wheelchair":null,"level":null,"backrest":null,"addr_postcode":null,"colour":null,"moped":null,"bike_ride":null,"location":null,"capacity_cargo_bike":null,"addr_floor":null}},{"type":"Feature","id":403,"geometry":{"type":"Point","coordinates":[7.6586160000000518,45.07591240000005]},"properties":{"OBJECTID":403,"F_id":"node/7076063237","access":null,"amenity":"bicycle_parking","bicycle_parking":"stands","capacity":"4","covered":"no","fee":null,"survey_date":null,"building":null,"operator":null,"motorcycle":null,"lit":null,"opening_hours":null,"smoothness":null,"supervised":null,"surface":null,"indoor":null,"check_date":null,"name":null,"mapillary":null,"source":null,"check_date_capacity":null,"panoramax":null,"description":null,"operator_type":null,"addr_street":null,"addr_city":null,"addr_housenumber":null,"fixme":null,"website":null,"wheelchair":null,"level":null,"backrest":null,"addr_postcode":null,"colour":null,"moped":null,"bike_ride":null,"location":null,"capacity_cargo_bike":null,"addr_floor":null}},{"type":"Feature","id":404,"geometry":{"type":"Point","coordinates":[7.6585699000000318,45.076336500000025]},"properties":{"OBJECTID":404,"F_id":"node/7076063238","access":null,"amenity":"bicycle_parking","bicycle_parking":"stands","capacity":"6","covered":"no","fee":null,"survey_date":null,"building":null,"operator":null,"motorcycle":null,"lit":null,"opening_hours":null,"smoothness":null,"supervised":null,"surface":null,"indoor":null,"check_date":null,"name":null,"mapillary":null,"source":null,"check_date_capacity":null,"panoramax":null,"description":null,"operator_type":null,"addr_street":null,"addr_city":null,"addr_housenumber":null,"fixme":null,"website":null,"wheelchair":null,"level":null,"backrest":null,"addr_postcode":null,"colour":null,"moped":null,"bike_ride":null,"location":null,"capacity_cargo_bike":null,"addr_floor":null}},{"type":"Feature","id":405,"geometry":{"type":"Point","coordinates":[7.6586575000000607,45.076334300000042]},"properties":{"OBJECTID":405,"F_id":"node/7076063239","access":null,"amenity":"bicycle_parking","bicycle_parking":"stands","capacity":"4","covered":"no","fee":null,"survey_date":null,"building":null,"operator":null,"motorcycle":null,"lit":null,"opening_hours":null,"smoothness":null,"supervised":null,"surface":null,"indoor":null,"check_date":null,"name":null,"mapillary":null,"source":null,"check_date_capacity":null,"panoramax":null,"description":null,"operator_type":null,"addr_street":null,"addr_city":null,"addr_housenumber":null,"fixme":null,"website":null,"wheelchair":null,"level":null,"backrest":null,"addr_postcode":null,"colour":null,"moped":null,"bike_ride":null,"location":null,"capacity_cargo_bike":null,"addr_floor":null}},{"type":"Feature","id":406,"geometry":{"type":"Point","coordinates":[7.6599892000000409,45.076384200000064]},"properties":{"OBJECTID":406,"F_id":"node/7076063240","access":null,"amenity":"bicycle_parking","bicycle_parking":"stands","capacity":"6","covered":"no","fee":null,"survey_date":null,"building":null,"operator":null,"motorcycle":null,"lit":null,"opening_hours":null,"smoothness":null,"supervised":null,"surface":null,"indoor":null,"check_date":null,"name":null,"mapillary":null,"source":null,"check_date_capacity":null,"panoramax":null,"description":null,"operator_type":null,"addr_street":null,"addr_city":null,"addr_housenumber":null,"fixme":null,"website":null,"wheelchair":null,"level":null,"backrest":null,"addr_postcode":null,"colour":null,"moped":null,"bike_ride":null,"location":null,"capacity_cargo_bike":null,"addr_floor":null}},{"type":"Feature","id":407,"geometry":{"type":"Point","coordinates":[7.6599001000000726,45.076381000000026]},"properties":{"OBJECTID":407,"F_id":"node/7076063241","access":null,"amenity":"bicycle_parking","bicycle_parking":"stands","capacity":"6","covered":"no","fee":null,"survey_date":null,"building":null,"operator":null,"motorcycle":null,"lit":null,"opening_hours":null,"smoothness":null,"supervised":null,"surface":null,"indoor":null,"check_date":null,"name":null,"mapillary":null,"source":null,"check_date_capacity":null,"panoramax":null,"description":null,"operator_type":null,"addr_street":null,"addr_city":null,"addr_housenumber":null,"fixme":null,"website":null,"wheelchair":null,"level":null,"backrest":null,"addr_postcode":null,"colour":null,"moped":null,"bike_ride":null,"location":null,"capacity_cargo_bike":null,"addr_floor":null}},{"type":"Feature","id":408,"geometry":{"type":"Point","coordinates":[7.6599432000000434,45.075972000000036]},"properties":{"OBJECTID":408,"F_id":"node/7076063242","access":null,"amenity":"bicycle_parking","bicycle_parking":"stands","capacity":"3","covered":"no","fee":null,"survey_date":null,"building":null,"operator":null,"motorcycle":null,"lit":null,"opening_hours":null,"smoothness":null,"supervised":null,"surface":null,"indoor":null,"check_date":null,"name":null,"mapillary":null,"source":null,"check_date_capacity":null,"panoramax":null,"description":null,"operator_type":null,"addr_street":null,"addr_city":null,"addr_housenumber":null,"fixme":null,"website":null,"wheelchair":null,"level":null,"backrest":null,"addr_postcode":null,"colour":null,"moped":null,"bike_ride":null,"location":null,"capacity_cargo_bike":null,"addr_floor":null}},{"type":"Feature","id":409,"geometry":{"type":"Point","coordinates":[7.6600307000000498,45.075973100000056]},"properties":{"OBJECTID":409,"F_id":"node/7076063243","access":null,"amenity":"bicycle_parking","bicycle_parking":"stands","capacity":"3","covered":"no","fee":null,"survey_date":null,"building":null,"operator":null,"motorcycle":null,"lit":null,"opening_hours":null,"smoothness":null,"supervised":null,"surface":null,"indoor":null,"check_date":null,"name":null,"mapillary":null,"source":null,"check_date_capacity":null,"panoramax":null,"description":null,"operator_type":null,"addr_street":null,"addr_city":null,"addr_housenumber":null,"fixme":null,"website":null,"wheelchair":null,"level":null,"backrest":null,"addr_postcode":null,"colour":null,"moped":null,"bike_ride":null,"location":null,"capacity_cargo_bike":null,"addr_floor":null}},{"type":"Feature","id":410,"geometry":{"type":"Point","coordinates":[7.6605914000000439,45.07609350000007]},"properties":{"OBJECTID":410,"F_id":"node/7076063244","access":null,"amenity":"bicycle_parking","bicycle_parking":"stands","capacity":"4","covered":"no","fee":null,"survey_date":null,"building":null,"operator":null,"motorcycle":null,"lit":null,"opening_hours":null,"smoothness":null,"supervised":null,"surface":null,"indoor":null,"check_date":null,"name":null,"mapillary":null,"source":null,"check_date_capacity":null,"panoramax":null,"description":null,"operator_type":null,"addr_street":null,"addr_city":null,"addr_housenumber":null,"fixme":null,"website":null,"wheelchair":null,"level":null,"backrest":null,"addr_postcode":null,"colour":null,"moped":null,"bike_ride":null,"location":null,"capacity_cargo_bike":null,"addr_floor":null}},{"type":"Feature","id":411,"geometry":{"type":"Point","coordinates":[7.6614807000000269,45.076143400000035]},"properties":{"OBJECTID":411,"F_id":"node/7076063245","access":null,"amenity":"bicycle_parking","bicycle_parking":"stands","capacity":"36","covered":"no","fee":null,"survey_date":"2026-05-23","building":null,"operator":null,"motorcycle":null,"lit":null,"opening_hours":null,"smoothness":null,"supervised":null,"surface":null,"indoor":null,"check_date":null,"name":null,"mapillary":null,"source":null,"check_date_capacity":null,"panoramax":null,"description":null,"operator_type":null,"addr_street":null,"addr_city":null,"addr_housenumber":null,"fixme":null,"website":null,"wheelchair":null,"level":null,"backrest":null,"addr_postcode":null,"colour":null,"moped":null,"bike_ride":null,"location":null,"capacity_cargo_bike":null,"addr_floor":null}},{"type":"Feature","id":412,"geometry":{"type":"Point","coordinates":[7.6605775000000449,45.076327800000058]},"properties":{"OBJECTID":412,"F_id":"node/7076063246","access":null,"amenity":"bicycle_parking","bicycle_parking":"stands","capacity":"30","covered":"no","fee":null,"survey_date":null,"building":null,"operator":null,"motorcycle":null,"lit":null,"opening_hours":null,"smoothness":null,"supervised":null,"surface":null,"indoor":null,"check_date":null,"name":null,"mapillary":null,"source":null,"check_date_capacity":null,"panoramax":null,"description":null,"operator_type":null,"addr_street":null,"addr_city":null,"addr_housenumber":null,"fixme":null,"website":null,"wheelchair":null,"level":null,"backrest":null,"addr_postcode":null,"colour":null,"moped":null,"bike_ride":null,"location":null,"capacity_cargo_bike":null,"addr_floor":null}},{"type":"Feature","id":413,"geometry":{"type":"Point","coordinates":[7.6609109000000331,45.076340800000025]},"properties":{"OBJECTID":413,"F_id":"node/7076063247","access":null,"amenity":"bicycle_parking","bicycle_parking":"stands","capacity":"6","covered":"no","fee":null,"survey_date":null,"building":null,"operator":null,"motorcycle":null,"lit":null,"opening_hours":null,"smoothness":null,"supervised":null,"surface":null,"indoor":null,"check_date":null,"name":null,"mapillary":null,"source":null,"check_date_capacity":null,"panoramax":null,"description":null,"operator_type":null,"addr_street":null,"addr_city":null,"addr_housenumber":null,"fixme":null,"website":null,"wheelchair":null,"level":null,"backrest":null,"addr_postcode":null,"colour":null,"moped":null,"bike_ride":null,"location":null,"capacity_cargo_bike":null,"addr_floor":null}},{"type":"Feature","id":414,"geometry":{"type":"Point","coordinates":[7.6612396000000444,45.076424300000042]},"properties":{"OBJECTID":414,"F_id":"node/7076063248","access":null,"amenity":"bicycle_parking","bicycle_parking":"anchors","capacity":"6","covered":"no","fee":null,"survey_date":"2026-05-23","building":null,"operator":null,"motorcycle":null,"lit":null,"opening_hours":null,"smoothness":null,"supervised":null,"surface":null,"indoor":null,"check_date":null,"name":null,"mapillary":null,"source":null,"check_date_capacity":null,"panoramax":null,"description":null,"operator_type":null,"addr_street":null,"addr_city":null,"addr_housenumber":null,"fixme":null,"website":null,"wheelchair":null,"level":null,"backrest":null,"addr_postcode":null,"colour":null,"moped":null,"bike_ride":null,"location":null,"capacity_cargo_bike":null,"addr_floor":null}},{"type":"Feature","id":415,"geometry":{"type":"Point","coordinates":[7.6611628000000564,45.076423300000044]},"properties":{"OBJECTID":415,"F_id":"node/7076063249","access":null,"amenity":"bicycle_parking","bicycle_parking":"anchors","capacity":"6","covered":"no","fee":"no","survey_date":"2026-05-23","building":null,"operator":null,"motorcycle":null,"lit":null,"opening_hours":null,"smoothness":null,"supervised":null,"surface":null,"indoor":null,"check_date":null,"name":null,"mapillary":null,"source":null,"check_date_capacity":null,"panoramax":null,"description":null,"operator_type":null,"addr_street":null,"addr_city":null,"addr_housenumber":null,"fixme":null,"website":null,"wheelchair":null,"level":null,"backrest":null,"addr_postcode":null,"colour":null,"moped":null,"bike_ride":null,"location":null,"capacity_cargo_bike":null,"addr_floor":null}},{"type":"Feature","id":416,"geometry":{"type":"Point","coordinates":[7.6612780000000384,45.076014300000054]},"properties":{"OBJECTID":416,"F_id":"node/7076063250","access":null,"amenity":"bicycle_parking","bicycle_parking":"stands","capacity":"6","covered":"no","fee":null,"survey_date":null,"building":null,"operator":null,"motorcycle":null,"lit":null,"opening_hours":null,"smoothness":null,"supervised":null,"surface":null,"indoor":null,"check_date":null,"name":null,"mapillary":null,"source":null,"check_date_capacity":null,"panoramax":null,"description":null,"operator_type":null,"addr_street":null,"addr_city":null,"addr_housenumber":null,"fixme":null,"website":null,"wheelchair":null,"level":null,"backrest":null,"addr_postcode":null,"colour":null,"moped":null,"bike_ride":null,"location":null,"capacity_cargo_bike":null,"addr_floor":null}},{"type":"Feature","id":417,"geometry":{"type":"Point","coordinates":[7.6611904000000663,45.076011100000073]},"properties":{"OBJECTID":417,"F_id":"node/7076063251","access":null,"amenity":"bicycle_parking","bicycle_parking":"stands","capacity":"6","covered":"no","fee":null,"survey_date":null,"building":null,"operator":null,"motorcycle":null,"lit":null,"opening_hours":null,"smoothness":null,"supervised":null,"surface":null,"indoor":null,"check_date":null,"name":null,"mapillary":null,"source":null,"check_date_capacity":null,"panoramax":null,"description":null,"operator_type":null,"addr_street":null,"addr_city":null,"addr_housenumber":null,"fixme":null,"website":null,"wheelchair":null,"level":null,"backrest":null,"addr_postcode":null,"colour":null,"moped":null,"bike_ride":null,"location":null,"capacity_cargo_bike":null,"addr_floor":null}},{"type":"Feature","id":418,"geometry":{"type":"Point","coordinates":[7.6611720000000219,45.076128200000028]},"properties":{"OBJECTID":418,"F_id":"node/7076063252","access":null,"amenity":"bicycle_parking","bicycle_parking":"stands","capacity":"4","covered":"no","fee":null,"survey_date":null,"building":null,"operator":null,"motorcycle":null,"lit":null,"opening_hours":null,"smoothness":null,"supervised":null,"surface":null,"indoor":null,"check_date":null,"name":null,"mapillary":null,"source":null,"check_date_capacity":null,"panoramax":null,"description":null,"operator_type":null,"addr_street":null,"addr_city":null,"addr_housenumber":null,"fixme":null,"website":null,"wheelchair":null,"level":null,"backrest":null,"addr_postcode":null,"colour":null,"moped":null,"bike_ride":null,"location":null,"capacity_cargo_bike":null,"addr_floor":null}},{"type":"Feature","id":419,"geometry":{"type":"Point","coordinates":[7.6612765000000422,45.076133600000048]},"properties":{"OBJECTID":419,"F_id":"node/7076063253","access":null,"amenity":"bicycle_parking","bicycle_parking":"stands","capacity":"4","covered":"no","fee":null,"survey_date":"2026-05-23","building":null,"operator":null,"motorcycle":null,"lit":null,"opening_hours":null,"smoothness":null,"supervised":null,"surface":null,"indoor":null,"check_date":null,"name":null,"mapillary":null,"source":null,"check_date_capacity":null,"panoramax":null,"description":null,"operator_type":null,"addr_street":null,"addr_city":null,"addr_housenumber":null,"fixme":null,"website":null,"wheelchair":null,"level":null,"backrest":null,"addr_postcode":null,"colour":null,"moped":null,"bike_ride":null,"location":null,"capacity_cargo_bike":null,"addr_floor":null}},{"type":"Feature","id":420,"geometry":{"type":"Point","coordinates":[7.6611520000000723,45.076334300000042]},"properties":{"OBJECTID":420,"F_id":"node/7076063254","access":null,"amenity":"bicycle_parking","bicycle_parking":"stands","capacity":"6","covered":"no","fee":null,"survey_date":null,"building":null,"operator":null,"motorcycle":null,"lit":null,"opening_hours":null,"smoothness":null,"supervised":null,"surface":null,"indoor":null,"check_date":null,"name":null,"mapillary":null,"source":null,"check_date_capacity":null,"panoramax":null,"description":null,"operator_type":null,"addr_street":null,"addr_city":null,"addr_housenumber":null,"fixme":null,"website":null,"wheelchair":null,"level":null,"backrest":null,"addr_postcode":null,"colour":null,"moped":null,"bike_ride":null,"location":null,"capacity_cargo_bike":null,"addr_floor":null}},{"type":"Feature","id":421,"geometry":{"type":"Point","coordinates":[7.6612596000000508,45.076340800000025]},"properties":{"OBJECTID":421,"F_id":"node/7076063255","access":null,"amenity":"bicycle_parking","bicycle_parking":"stands","capacity":"6","covered":"no","fee":null,"survey_date":null,"building":null,"operator":null,"motorcycle":null,"lit":null,"opening_hours":null,"smoothness":null,"supervised":null,"surface":null,"indoor":null,"check_date":null,"name":null,"mapillary":null,"source":null,"check_date_capacity":null,"panoramax":null,"description":null,"operator_type":null,"addr_street":null,"addr_city":null,"addr_housenumber":null,"fixme":null,"website":null,"wheelchair":null,"level":null,"backrest":null,"addr_postcode":null,"colour":null,"moped":null,"bike_ride":null,"location":null,"capacity_cargo_bike":null,"addr_floor":null}},{"type":"Feature","id":422,"geometry":{"type":"Point","coordinates":[7.6617680000000519,45.076363600000036]},"properties":{"OBJECTID":422,"F_id":"node/7076063256","access":null,"amenity":"bicycle_parking","bicycle_parking":"stands","capacity":"8","covered":"no","fee":null,"survey_date":null,"building":null,"operator":null,"motorcycle":null,"lit":null,"opening_hours":null,"smoothness":null,"supervised":null,"surface":null,"indoor":null,"check_date":null,"name":null,"mapillary":null,"source":null,"check_date_capacity":null,"panoramax":null,"description":null,"operator_type":null,"addr_street":null,"addr_city":null,"addr_housenumber":null,"fixme":null,"website":null,"wheelchair":null,"level":null,"backrest":null,"addr_postcode":null,"colour":null,"moped":null,"bike_ride":null,"location":null,"capacity_cargo_bike":null,"addr_floor":null}},{"type":"Feature","id":423,"geometry":{"type":"Point","coordinates":[7.6622795000000679,45.076486200000033]},"properties":{"OBJECTID":423,"F_id":"node/7076063257","access":null,"amenity":"bicycle_parking","bicycle_parking":"anchors","capacity":"3","covered":"no","fee":"no","survey_date":null,"building":null,"operator":null,"motorcycle":null,"lit":null,"opening_hours":null,"smoothness":null,"supervised":null,"surface":null,"indoor":null,"check_date":null,"name":null,"mapillary":null,"source":null,"check_date_capacity":null,"panoramax":null,"description":null,"operator_type":null,"addr_street":null,"addr_city":null,"addr_housenumber":null,"fixme":null,"website":null,"wheelchair":null,"level":null,"backrest":null,"addr_postcode":null,"colour":null,"moped":null,"bike_ride":null,"location":null,"capacity_cargo_bike":null,"addr_floor":null}},{"type":"Feature","id":424,"geometry":{"type":"Point","coordinates":[7.6623532000000409,45.076492700000074]},"properties":{"OBJECTID":424,"F_id":"node/7076063258","access":null,"amenity":"bicycle_parking","bicycle_parking":"stands","capacity":"3","covered":"no","fee":"no","survey_date":null,"building":null,"operator":null,"motorcycle":null,"lit":null,"opening_hours":null,"smoothness":null,"supervised":null,"surface":null,"indoor":null,"check_date":null,"name":null,"mapillary":null,"source":null,"check_date_capacity":null,"panoramax":null,"description":null,"operator_type":null,"addr_street":null,"addr_city":null,"addr_housenumber":null,"fixme":null,"website":null,"wheelchair":null,"level":null,"backrest":null,"addr_postcode":null,"colour":null,"moped":null,"bike_ride":null,"location":null,"capacity_cargo_bike":null,"addr_floor":null}},{"type":"Feature","id":425,"geometry":{"type":"Point","coordinates":[7.6629508000000328,45.076409200000057]},"properties":{"OBJECTID":425,"F_id":"node/7076063259","access":null,"amenity":"bicycle_parking","bicycle_parking":"anchors","capacity":"4","covered":"no","fee":"no","survey_date":null,"building":null,"operator":null,"motorcycle":null,"lit":null,"opening_hours":null,"smoothness":null,"supervised":null,"surface":null,"indoor":null,"check_date":null,"name":null,"mapillary":null,"source":null,"check_date_capacity":null,"panoramax":null,"description":null,"operator_type":null,"addr_street":null,"addr_city":null,"addr_housenumber":null,"fixme":null,"website":null,"wheelchair":null,"level":null,"backrest":null,"addr_postcode":null,"colour":null,"moped":null,"bike_ride":null,"location":null,"capacity_cargo_bike":null,"addr_floor":null}},{"type":"Feature","id":426,"geometry":{"type":"Point","coordinates":[7.6635644000000411,45.076554000000044]},"properties":{"OBJECTID":426,"F_id":"node/7076063260","access":null,"amenity":"bicycle_parking","bicycle_parking":"stands","capacity":"6","covered":"no","fee":null,"survey_date":null,"building":null,"operator":null,"motorcycle":null,"lit":null,"opening_hours":null,"smoothness":null,"supervised":null,"surface":null,"indoor":null,"check_date":null,"name":null,"mapillary":null,"source":null,"check_date_capacity":null,"panoramax":null,"description":null,"operator_type":null,"addr_street":null,"addr_city":null,"addr_housenumber":null,"fixme":null,"website":null,"wheelchair":null,"level":null,"backrest":null,"addr_postcode":null,"colour":null,"moped":null,"bike_ride":null,"location":null,"capacity_cargo_bike":null,"addr_floor":null}},{"type":"Feature","id":427,"geometry":{"type":"Point","coordinates":[7.6636427000000253,45.076555600000063]},"properties":{"OBJECTID":427,"F_id":"node/7076063261","access":null,"amenity":"bicycle_parking","bicycle_parking":"stands","capacity":"6","covered":"no","fee":null,"survey_date":null,"building":null,"operator":null,"motorcycle":null,"lit":null,"opening_hours":null,"smoothness":null,"supervised":null,"surface":null,"indoor":null,"check_date":null,"name":null,"mapillary":null,"source":null,"check_date_capacity":null,"panoramax":null,"description":null,"operator_type":null,"addr_street":null,"addr_city":null,"addr_housenumber":null,"fixme":null,"website":null,"wheelchair":null,"level":null,"backrest":null,"addr_postcode":null,"colour":null,"moped":null,"bike_ride":null,"location":null,"capacity_cargo_bike":null,"addr_floor":null}},{"type":"Feature","id":428,"geometry":{"type":"Point","coordinates":[7.6642825000000698,45.076465800000051]},"properties":{"OBJECTID":428,"F_id":"node/7076063262","access":null,"amenity":"bicycle_parking","bicycle_parking":"anchors","capacity":"12","covered":"no","fee":"no","survey_date":null,"building":null,"operator":null,"motorcycle":null,"lit":null,"opening_hours":null,"smoothness":null,"supervised":null,"surface":null,"indoor":null,"check_date":null,"name":null,"mapillary":null,"source":null,"check_date_capacity":null,"panoramax":null,"description":null,"operator_type":null,"addr_street":null,"addr_city":null,"addr_housenumber":null,"fixme":null,"website":null,"wheelchair":null,"level":null,"backrest":null,"addr_postcode":null,"colour":null,"moped":null,"bike_ride":null,"location":null,"capacity_cargo_bike":null,"addr_floor":null}},{"type":"Feature","id":429,"geometry":{"type":"Point","coordinates":[7.6645052000000646,45.07646660000006]},"properties":{"OBJECTID":429,"F_id":"node/7076063263","access":null,"amenity":"bicycle_parking","bicycle_parking":"stands","capacity":"6","covered":"no","fee":null,"survey_date":null,"building":null,"operator":null,"motorcycle":null,"lit":null,"opening_hours":null,"smoothness":null,"supervised":null,"surface":null,"indoor":null,"check_date":null,"name":null,"mapillary":null,"source":null,"check_date_capacity":null,"panoramax":null,"description":null,"operator_type":null,"addr_street":null,"addr_city":null,"addr_housenumber":null,"fixme":null,"website":null,"wheelchair":null,"level":null,"backrest":null,"addr_postcode":null,"colour":null,"moped":null,"bike_ride":null,"location":null,"capacity_cargo_bike":null,"addr_floor":null}},{"type":"Feature","id":430,"geometry":{"type":"Point","coordinates":[7.6646450000000641,45.076472100000046]},"properties":{"OBJECTID":430,"F_id":"node/7076063264","access":null,"amenity":"bicycle_parking","bicycle_parking":"stands","capacity":"4","covered":"no","fee":null,"survey_date":null,"building":null,"operator":null,"motorcycle":null,"lit":null,"opening_hours":null,"smoothness":null,"supervised":null,"surface":null,"indoor":null,"check_date":null,"name":null,"mapillary":null,"source":null,"check_date_capacity":null,"panoramax":null,"description":null,"operator_type":null,"addr_street":null,"addr_city":null,"addr_housenumber":null,"fixme":null,"website":null,"wheelchair":null,"level":null,"backrest":null,"addr_postcode":null,"colour":null,"moped":null,"bike_ride":null,"location":null,"capacity_cargo_bike":null,"addr_floor":null}},{"type":"Feature","id":431,"geometry":{"type":"Point","coordinates":[7.6648846000000503,45.076503500000058]},"properties":{"OBJECTID":431,"F_id":"node/7076063265","access":null,"amenity":"bicycle_parking","bicycle_parking":"stands","capacity":"12","covered":"no","fee":null,"survey_date":null,"building":null,"operator":null,"motorcycle":null,"lit":null,"opening_hours":null,"smoothness":null,"supervised":null,"surface":null,"indoor":null,"check_date":null,"name":null,"mapillary":null,"source":null,"check_date_capacity":null,"panoramax":null,"description":null,"operator_type":null,"addr_street":null,"addr_city":null,"addr_housenumber":null,"fixme":null,"website":null,"wheelchair":null,"level":null,"backrest":null,"addr_postcode":null,"colour":null,"moped":null,"bike_ride":null,"location":null,"capacity_cargo_bike":null,"addr_floor":null}},{"type":"Feature","id":432,"geometry":{"type":"Point","coordinates":[7.6655789000000709,45.076621800000055]},"properties":{"OBJECTID":432,"F_id":"node/7076063266","access":null,"amenity":"bicycle_parking","bicycle_parking":"stands","capacity":"6","covered":"no","fee":null,"survey_date":null,"building":null,"operator":null,"motorcycle":null,"lit":null,"opening_hours":null,"smoothness":null,"supervised":null,"surface":null,"indoor":null,"check_date":null,"name":null,"mapillary":null,"source":null,"check_date_capacity":null,"panoramax":null,"description":null,"operator_type":null,"addr_street":null,"addr_city":null,"addr_housenumber":null,"fixme":null,"website":null,"wheelchair":null,"level":null,"backrest":null,"addr_postcode":null,"colour":null,"moped":null,"bike_ride":null,"location":null,"capacity_cargo_bike":null,"addr_floor":null}},{"type":"Feature","id":433,"geometry":{"type":"Point","coordinates":[7.6656450000000405,45.076621800000055]},"properties":{"OBJECTID":433,"F_id":"node/7076063267","access":null,"amenity":"bicycle_parking","bicycle_parking":"stands","capacity":"6","covered":"no","fee":null,"survey_date":null,"building":null,"operator":null,"motorcycle":null,"lit":null,"opening_hours":null,"smoothness":null,"supervised":null,"surface":null,"indoor":null,"check_date":null,"name":null,"mapillary":null,"source":null,"check_date_capacity":null,"panoramax":null,"description":null,"operator_type":null,"addr_street":null,"addr_city":null,"addr_housenumber":null,"fixme":null,"website":null,"wheelchair":null,"level":null,"backrest":null,"addr_postcode":null,"colour":null,"moped":null,"bike_ride":null,"location":null,"capacity_cargo_bike":null,"addr_floor":null}},{"type":"Feature","id":434,"geometry":{"type":"Point","coordinates":[7.666772500000036,45.076646700000026]},"properties":{"OBJECTID":434,"F_id":"node/7076063268","access":null,"amenity":"bicycle_parking","bicycle_parking":null,"capacity":null,"covered":null,"fee":null,"survey_date":null,"building":null,"operator":null,"motorcycle":null,"lit":null,"opening_hours":null,"smoothness":null,"supervised":null,"surface":null,"indoor":null,"check_date":null,"name":null,"mapillary":null,"source":null,"check_date_capacity":null,"panoramax":null,"description":null,"operator_type":null,"addr_street":null,"addr_city":null,"addr_housenumber":null,"fixme":null,"website":null,"wheelchair":null,"level":null,"backrest":null,"addr_postcode":null,"colour":null,"moped":null,"bike_ride":null,"location":null,"capacity_cargo_bike":null,"addr_floor":null}},{"type":"Feature","id":435,"geometry":{"type":"Point","coordinates":[7.6674268000000438,45.076613100000031]},"properties":{"OBJECTID":435,"F_id":"node/7076063269","access":null,"amenity":"bicycle_parking","bicycle_parking":"stands","capacity":"8","covered":"no","fee":null,"survey_date":null,"building":null,"operator":null,"motorcycle":null,"lit":null,"opening_hours":null,"smoothness":null,"supervised":null,"surface":null,"indoor":null,"check_date":null,"name":null,"mapillary":null,"source":null,"check_date_capacity":null,"panoramax":null,"description":null,"operator_type":null,"addr_street":null,"addr_city":null,"addr_housenumber":null,"fixme":null,"website":null,"wheelchair":null,"level":null,"backrest":null,"addr_postcode":null,"colour":null,"moped":null,"bike_ride":null,"location":null,"capacity_cargo_bike":null,"addr_floor":null}},{"type":"Feature","id":440,"geometry":{"type":"Point","coordinates":[7.6303687000000764,45.062311500000078]},"properties":{"OBJECTID":440,"F_id":"node/7174535553","access":null,"amenity":"bicycle_parking","bicycle_parking":"stands","capacity":"6","covered":"no","fee":"no","survey_date":null,"building":null,"operator":null,"motorcycle":null,"lit":null,"opening_hours":null,"smoothness":null,"supervised":null,"surface":null,"indoor":null,"check_date":null,"name":null,"mapillary":null,"source":null,"check_date_capacity":null,"panoramax":null,"description":null,"operator_type":null,"addr_street":null,"addr_city":null,"addr_housenumber":null,"fixme":null,"website":null,"wheelchair":null,"level":null,"backrest":null,"addr_postcode":null,"colour":null,"moped":null,"bike_ride":null,"location":null,"capacity_cargo_bike":null,"addr_floor":null}},{"type":"Feature","id":441,"geometry":{"type":"Point","coordinates":[7.6371517000000608,45.076243700000077]},"properties":{"OBJECTID":441,"F_id":"node/7174545829","access":null,"amenity":"bicycle_parking","bicycle_parking":"stands","capacity":"5","covered":"no","fee":"no","survey_date":null,"building":null,"operator":null,"motorcycle":null,"lit":null,"opening_hours":null,"smoothness":null,"supervised":null,"surface":null,"indoor":null,"check_date":null,"name":null,"mapillary":null,"source":null,"check_date_capacity":null,"panoramax":null,"description":null,"operator_type":null,"addr_street":null,"addr_city":null,"addr_housenumber":null,"fixme":null,"website":null,"wheelchair":null,"level":null,"backrest":null,"addr_postcode":null,"colour":null,"moped":null,"bike_ride":null,"location":null,"capacity_cargo_bike":null,"addr_floor":null}},{"type":"Feature","id":443,"geometry":{"type":"Point","coordinates":[7.6645192000000293,45.076557600000058]},"properties":{"OBJECTID":443,"F_id":"node/7188790470","access":null,"amenity":"bicycle_parking","bicycle_parking":"anchors","capacity":"3","covered":"no","fee":"no","survey_date":null,"building":null,"operator":null,"motorcycle":null,"lit":null,"opening_hours":null,"smoothness":null,"supervised":null,"surface":null,"indoor":null,"check_date":null,"name":null,"mapillary":null,"source":null,"check_date_capacity":null,"panoramax":null,"description":null,"operator_type":null,"addr_street":null,"addr_city":null,"addr_housenumber":null,"fixme":null,"website":null,"wheelchair":null,"level":null,"backrest":null,"addr_postcode":null,"colour":null,"moped":null,"bike_ride":null,"location":null,"capacity_cargo_bike":null,"addr_floor":null}},{"type":"Feature","id":444,"geometry":{"type":"Point","coordinates":[7.6646189000000504,45.076561800000036]},"properties":{"OBJECTID":444,"F_id":"node/7188790471","access":null,"amenity":"bicycle_parking","bicycle_parking":"anchors","capacity":"3","covered":"no","fee":"no","survey_date":null,"building":null,"operator":null,"motorcycle":null,"lit":null,"opening_hours":null,"smoothness":null,"supervised":null,"surface":null,"indoor":null,"check_date":null,"name":null,"mapillary":null,"source":null,"check_date_capacity":null,"panoramax":null,"description":null,"operator_type":null,"addr_street":null,"addr_city":null,"addr_housenumber":null,"fixme":null,"website":null,"wheelchair":null,"level":null,"backrest":null,"addr_postcode":null,"colour":null,"moped":null,"bike_ride":null,"location":null,"capacity_cargo_bike":null,"addr_floor":null}},{"type":"Feature","id":445,"geometry":{"type":"Point","coordinates":[7.7334611000000564,45.079725500000052]},"properties":{"OBJECTID":445,"F_id":"node/7218584955","access":null,"amenity":"bicycle_parking","bicycle_parking":"stands","capacity":"10","covered":"no","fee":null,"survey_date":null,"building":null,"operator":null,"motorcycle":null,"lit":null,"opening_hours":null,"smoothness":null,"supervised":null,"surface":null,"indoor":null,"check_date":null,"name":null,"mapillary":null,"source":null,"check_date_capacity":null,"panoramax":null,"description":null,"operator_type":null,"addr_street":null,"addr_city":null,"addr_housenumber":null,"fixme":null,"website":null,"wheelchair":null,"level":null,"backrest":null,"addr_postcode":null,"colour":null,"moped":null,"bike_ride":null,"location":null,"capacity_cargo_bike":null,"addr_floor":null}},{"type":"Feature","id":459,"geometry":{"type":"Point","coordinates":[7.6487331000000722,45.055030700000032]},"properties":{"OBJECTID":459,"F_id":"node/7635131587","access":null,"amenity":"bicycle_parking","bicycle_parking":"stands","capacity":"4","covered":"no","fee":"no","survey_date":null,"building":null,"operator":null,"motorcycle":null,"lit":null,"opening_hours":null,"smoothness":null,"supervised":null,"surface":null,"indoor":null,"check_date":null,"name":null,"mapillary":null,"source":null,"check_date_capacity":null,"panoramax":null,"description":null,"operator_type":null,"addr_street":null,"addr_city":null,"addr_housenumber":null,"fixme":null,"website":null,"wheelchair":null,"level":null,"backrest":null,"addr_postcode":null,"colour":null,"moped":null,"bike_ride":null,"location":null,"capacity_cargo_bike":null,"addr_floor":null}},{"type":"Feature","id":461,"geometry":{"type":"Point","coordinates":[7.6482547000000523,45.053545800000052]},"properties":{"OBJECTID":461,"F_id":"node/7685876482","access":"yes","amenity":"bicycle_parking","bicycle_parking":"stands","capacity":"6","covered":"no","fee":"no","survey_date":null,"building":null,"operator":null,"motorcycle":null,"lit":null,"opening_hours":null,"smoothness":null,"supervised":null,"surface":null,"indoor":null,"check_date":null,"name":null,"mapillary":null,"source":null,"check_date_capacity":null,"panoramax":null,"description":null,"operator_type":null,"addr_street":null,"addr_city":null,"addr_housenumber":null,"fixme":null,"website":null,"wheelchair":null,"level":null,"backrest":null,"addr_postcode":null,"colour":null,"moped":null,"bike_ride":null,"location":null,"capacity_cargo_bike":null,"addr_floor":null}},{"type":"Feature","id":462,"geometry":{"type":"Point","coordinates":[7.6476297000000386,45.053477600000065]},"properties":{"OBJECTID":462,"F_id":"node/7685967899","access":"yes","amenity":"bicycle_parking","bicycle_parking":"stands","capacity":"6","covered":"no","fee":"no","survey_date":null,"building":null,"operator":null,"motorcycle":null,"lit":null,"opening_hours":null,"smoothness":null,"supervised":null,"surface":null,"indoor":null,"check_date":null,"name":null,"mapillary":null,"source":null,"check_date_capacity":null,"panoramax":null,"description":null,"operator_type":null,"addr_street":null,"addr_city":null,"addr_housenumber":null,"fixme":null,"website":null,"wheelchair":null,"level":null,"backrest":null,"addr_postcode":null,"colour":null,"moped":null,"bike_ride":null,"location":null,"capacity_cargo_bike":null,"addr_floor":null}},{"type":"Feature","id":465,"geometry":{"type":"Point","coordinates":[7.6540979000000675,45.064355900000066]},"properties":{"OBJECTID":465,"F_id":"node/7785624492","access":null,"amenity":"bicycle_parking","bicycle_parking":"stands","capacity":"6","covered":"no","fee":null,"survey_date":null,"building":null,"operator":null,"motorcycle":null,"lit":null,"opening_hours":null,"smoothness":null,"supervised":null,"surface":null,"indoor":null,"check_date":null,"name":null,"mapillary":null,"source":null,"check_date_capacity":null,"panoramax":null,"description":null,"operator_type":null,"addr_street":null,"addr_city":null,"addr_housenumber":null,"fixme":null,"website":null,"wheelchair":null,"level":null,"backrest":null,"addr_postcode":null,"colour":null,"moped":null,"bike_ride":null,"location":null,"capacity_cargo_bike":null,"addr_floor":null}},{"type":"Feature","id":468,"geometry":{"type":"Point","coordinates":[7.6512812000000281,45.072142100000065]},"properties":{"OBJECTID":468,"F_id":"node/7807429771","access":null,"amenity":"bicycle_parking","bicycle_parking":"stands","capacity":"8","covered":"no","fee":null,"survey_date":null,"building":null,"operator":null,"motorcycle":null,"lit":null,"opening_hours":null,"smoothness":null,"supervised":null,"surface":null,"indoor":null,"check_date":null,"name":null,"mapillary":null,"source":null,"check_date_capacity":"2025-07-24","panoramax":null,"description":null,"operator_type":null,"addr_street":null,"addr_city":null,"addr_housenumber":null,"fixme":null,"website":null,"wheelchair":null,"level":null,"backrest":null,"addr_postcode":null,"colour":null,"moped":null,"bike_ride":null,"location":null,"capacity_cargo_bike":null,"addr_floor":null}},{"type":"Feature","id":469,"geometry":{"type":"Point","coordinates":[7.655480500000067,45.063695800000062]},"properties":{"OBJECTID":469,"F_id":"node/7815134903","access":"yes","amenity":"bicycle_parking","bicycle_parking":"stands","capacity":"2","covered":"no","fee":"no","survey_date":null,"building":null,"operator":null,"motorcycle":null,"lit":null,"opening_hours":null,"smoothness":null,"supervised":null,"surface":null,"indoor":null,"check_date":null,"name":null,"mapillary":null,"source":null,"check_date_capacity":null,"panoramax":null,"description":null,"operator_type":null,"addr_street":null,"addr_city":null,"addr_housenumber":null,"fixme":null,"website":null,"wheelchair":null,"level":null,"backrest":null,"addr_postcode":null,"colour":null,"moped":null,"bike_ride":null,"location":null,"capacity_cargo_bike":null,"addr_floor":null}},{"type":"Feature","id":470,"geometry":{"type":"Point","coordinates":[7.6600411000000577,45.060730000000035]},"properties":{"OBJECTID":470,"F_id":"node/7815134909","access":"yes","amenity":"bicycle_parking","bicycle_parking":"stands","capacity":"8","covered":"no","fee":"no","survey_date":null,"building":null,"operator":null,"motorcycle":null,"lit":null,"opening_hours":null,"smoothness":null,"supervised":null,"surface":null,"indoor":null,"check_date":null,"name":null,"mapillary":null,"source":null,"check_date_capacity":null,"panoramax":null,"description":null,"operator_type":null,"addr_street":null,"addr_city":null,"addr_housenumber":null,"fixme":null,"website":null,"wheelchair":null,"level":null,"backrest":null,"addr_postcode":null,"colour":null,"moped":null,"bike_ride":null,"location":null,"capacity_cargo_bike":null,"addr_floor":null}},{"type":"Feature","id":471,"geometry":{"type":"Point","coordinates":[7.6599312000000737,45.060771400000078]},"properties":{"OBJECTID":471,"F_id":"node/7815134910","access":"yes","amenity":"bicycle_parking","bicycle_parking":"stands","capacity":"8","covered":"no","fee":"no","survey_date":null,"building":null,"operator":null,"motorcycle":null,"lit":null,"opening_hours":null,"smoothness":null,"supervised":null,"surface":null,"indoor":null,"check_date":null,"name":null,"mapillary":null,"source":null,"check_date_capacity":null,"panoramax":null,"description":null,"operator_type":null,"addr_street":null,"addr_city":null,"addr_housenumber":null,"fixme":null,"website":null,"wheelchair":null,"level":null,"backrest":null,"addr_postcode":null,"colour":null,"moped":null,"bike_ride":null,"location":null,"capacity_cargo_bike":null,"addr_floor":null}},{"type":"Feature","id":472,"geometry":{"type":"Point","coordinates":[7.6599942000000283,45.060747700000036]},"properties":{"OBJECTID":472,"F_id":"node/7815134911","access":"yes","amenity":"bicycle_parking","bicycle_parking":"stands","capacity":"8","covered":"no","fee":"no","survey_date":null,"building":null,"operator":null,"motorcycle":null,"lit":null,"opening_hours":null,"smoothness":null,"supervised":null,"surface":null,"indoor":null,"check_date":null,"name":null,"mapillary":null,"source":null,"check_date_capacity":null,"panoramax":null,"description":null,"operator_type":null,"addr_street":null,"addr_city":null,"addr_housenumber":null,"fixme":null,"website":null,"wheelchair":null,"level":null,"backrest":null,"addr_postcode":null,"colour":null,"moped":null,"bike_ride":null,"location":null,"capacity_cargo_bike":null,"addr_floor":null}},{"type":"Feature","id":473,"geometry":{"type":"Point","coordinates":[7.6598136000000636,45.060815700000035]},"properties":{"OBJECTID":473,"F_id":"node/7815134912","access":"yes","amenity":"bicycle_parking","bicycle_parking":"stands","capacity":"8","covered":"no","fee":"no","survey_date":null,"building":null,"operator":null,"motorcycle":null,"lit":null,"opening_hours":null,"smoothness":null,"supervised":null,"surface":null,"indoor":null,"check_date":null,"name":null,"mapillary":null,"source":null,"check_date_capacity":null,"panoramax":null,"description":null,"operator_type":null,"addr_street":null,"addr_city":null,"addr_housenumber":null,"fixme":null,"website":null,"wheelchair":null,"level":null,"backrest":null,"addr_postcode":null,"colour":null,"moped":null,"bike_ride":null,"location":null,"capacity_cargo_bike":null,"addr_floor":null}},{"type":"Feature","id":474,"geometry":{"type":"Point","coordinates":[7.6598692000000597,45.060794800000053]},"properties":{"OBJECTID":474,"F_id":"node/7815134913","access":"yes","amenity":"bicycle_parking","bicycle_parking":"stands","capacity":"8","covered":"no","fee":"no","survey_date":null,"building":null,"operator":null,"motorcycle":null,"lit":null,"opening_hours":null,"smoothness":null,"supervised":null,"surface":null,"indoor":null,"check_date":null,"name":null,"mapillary":null,"source":null,"check_date_capacity":null,"panoramax":null,"description":null,"operator_type":null,"addr_street":null,"addr_city":null,"addr_housenumber":null,"fixme":null,"website":null,"wheelchair":null,"level":null,"backrest":null,"addr_postcode":null,"colour":null,"moped":null,"bike_ride":null,"location":null,"capacity_cargo_bike":null,"addr_floor":null}},{"type":"Feature","id":481,"geometry":{"type":"Point","coordinates":[7.6517332000000238,45.062085900000056]},"properties":{"OBJECTID":481,"F_id":"node/7918354187","access":null,"amenity":"bicycle_parking","bicycle_parking":"stands","capacity":"8","covered":"no","fee":null,"survey_date":null,"building":null,"operator":null,"motorcycle":null,"lit":null,"opening_hours":null,"smoothness":null,"supervised":null,"surface":null,"indoor":null,"check_date":null,"name":null,"mapillary":null,"source":null,"check_date_capacity":null,"panoramax":null,"description":null,"operator_type":null,"addr_street":null,"addr_city":null,"addr_housenumber":null,"fixme":null,"website":null,"wheelchair":null,"level":null,"backrest":null,"addr_postcode":null,"colour":null,"moped":null,"bike_ride":null,"location":null,"capacity_cargo_bike":null,"addr_floor":null}},{"type":"Feature","id":482,"geometry":{"type":"Point","coordinates":[7.6577485000000252,45.032195500000057]},"properties":{"OBJECTID":482,"F_id":"node/7947719262","access":null,"amenity":"bicycle_parking","bicycle_parking":"stands","capacity":"14","covered":"no","fee":"no","survey_date":null,"building":null,"operator":null,"motorcycle":null,"lit":null,"opening_hours":null,"smoothness":null,"supervised":null,"surface":null,"indoor":null,"check_date":null,"name":null,"mapillary":null,"source":null,"check_date_capacity":null,"panoramax":null,"description":null,"operator_type":null,"addr_street":null,"addr_city":null,"addr_housenumber":null,"fixme":null,"website":null,"wheelchair":null,"level":null,"backrest":null,"addr_postcode":null,"colour":null,"moped":null,"bike_ride":null,"location":null,"capacity_cargo_bike":null,"addr_floor":null}},{"type":"Feature","id":485,"geometry":{"type":"Point","coordinates":[7.6900057000000288,45.062889900000073]},"properties":{"OBJECTID":485,"F_id":"node/8026222938","access":"yes","amenity":"bicycle_parking","bicycle_parking":"stands","capacity":"6","covered":"no","fee":"no","survey_date":null,"building":null,"operator":null,"motorcycle":null,"lit":null,"opening_hours":null,"smoothness":null,"supervised":null,"surface":null,"indoor":null,"check_date":null,"name":null,"mapillary":null,"source":null,"check_date_capacity":null,"panoramax":null,"description":null,"operator_type":null,"addr_street":null,"addr_city":null,"addr_housenumber":null,"fixme":null,"website":null,"wheelchair":null,"level":null,"backrest":null,"addr_postcode":null,"colour":null,"moped":null,"bike_ride":null,"location":null,"capacity_cargo_bike":null,"addr_floor":null}},{"type":"Feature","id":492,"geometry":{"type":"Point","coordinates":[7.6539734000000408,45.021761800000036]},"properties":{"OBJECTID":492,"F_id":"node/8243916956","access":"yes","amenity":"bicycle_parking","bicycle_parking":"wide_stands","capacity":"6","covered":"no","fee":"no","survey_date":null,"building":null,"operator":null,"motorcycle":null,"lit":null,"opening_hours":null,"smoothness":null,"supervised":null,"surface":null,"indoor":null,"check_date":null,"name":null,"mapillary":null,"source":null,"check_date_capacity":null,"panoramax":null,"description":null,"operator_type":null,"addr_street":null,"addr_city":null,"addr_housenumber":null,"fixme":null,"website":null,"wheelchair":null,"level":null,"backrest":null,"addr_postcode":null,"colour":null,"moped":null,"bike_ride":null,"location":null,"capacity_cargo_bike":null,"addr_floor":null}},{"type":"Feature","id":493,"geometry":{"type":"Point","coordinates":[7.6540834000000473,45.021720500000072]},"properties":{"OBJECTID":493,"F_id":"node/8243916957","access":"yes","amenity":"bicycle_parking","bicycle_parking":"wide_stands","capacity":"8","covered":"no","fee":"no","survey_date":null,"building":null,"operator":null,"motorcycle":null,"lit":null,"opening_hours":null,"smoothness":null,"supervised":null,"surface":null,"indoor":null,"check_date":null,"name":null,"mapillary":null,"source":null,"check_date_capacity":null,"panoramax":null,"description":null,"operator_type":null,"addr_street":null,"addr_city":null,"addr_housenumber":null,"fixme":null,"website":null,"wheelchair":null,"level":null,"backrest":null,"addr_postcode":null,"colour":null,"moped":null,"bike_ride":null,"location":null,"capacity_cargo_bike":null,"addr_floor":null}},{"type":"Feature","id":494,"geometry":{"type":"Point","coordinates":[7.7125039000000584,45.06390760000005]},"properties":{"OBJECTID":494,"F_id":"node/8269943195","access":null,"amenity":"bicycle_parking","bicycle_parking":null,"capacity":"6","covered":"no","fee":"no","survey_date":null,"building":null,"operator":null,"motorcycle":null,"lit":null,"opening_hours":null,"smoothness":null,"supervised":null,"surface":null,"indoor":null,"check_date":null,"name":null,"mapillary":null,"source":null,"check_date_capacity":null,"panoramax":null,"description":null,"operator_type":null,"addr_street":null,"addr_city":null,"addr_housenumber":null,"fixme":null,"website":null,"wheelchair":null,"level":null,"backrest":null,"addr_postcode":null,"colour":null,"moped":null,"bike_ride":null,"location":null,"capacity_cargo_bike":null,"addr_floor":null}},{"type":"Feature","id":501,"geometry":{"type":"Point","coordinates":[7.6815486000000419,45.049576200000047]},"properties":{"OBJECTID":501,"F_id":"node/8496468304","access":"yes","amenity":"bicycle_parking","bicycle_parking":"lockers","capacity":null,"covered":"yes","fee":"no","survey_date":null,"building":null,"operator":null,"motorcycle":null,"lit":null,"opening_hours":null,"smoothness":null,"supervised":null,"surface":null,"indoor":null,"check_date":null,"name":null,"mapillary":null,"source":null,"check_date_capacity":null,"panoramax":null,"description":null,"operator_type":null,"addr_street":null,"addr_city":null,"addr_housenumber":null,"fixme":null,"website":null,"wheelchair":null,"level":null,"backrest":null,"addr_postcode":null,"colour":null,"moped":null,"bike_ride":null,"location":null,"capacity_cargo_bike":null,"addr_floor":null}},{"type":"Feature","id":502,"geometry":{"type":"Point","coordinates":[7.6814741000000595,45.049556600000074]},"properties":{"OBJECTID":502,"F_id":"node/8496468305","access":"yes","amenity":"bicycle_parking","bicycle_parking":"lockers","capacity":null,"covered":"yes","fee":"no","survey_date":null,"building":null,"operator":null,"motorcycle":null,"lit":null,"opening_hours":null,"smoothness":null,"supervised":null,"surface":null,"indoor":null,"check_date":null,"name":null,"mapillary":null,"source":null,"check_date_capacity":null,"panoramax":null,"description":null,"operator_type":null,"addr_street":null,"addr_city":null,"addr_housenumber":null,"fixme":null,"website":null,"wheelchair":null,"level":null,"backrest":null,"addr_postcode":null,"colour":null,"moped":null,"bike_ride":null,"location":null,"capacity_cargo_bike":null,"addr_floor":null}},{"type":"Feature","id":503,"geometry":{"type":"Point","coordinates":[7.6814374000000498,45.049506100000031]},"properties":{"OBJECTID":503,"F_id":"node/8496468306","access":"yes","amenity":"bicycle_parking","bicycle_parking":"lockers","capacity":null,"covered":"yes","fee":"no","survey_date":null,"building":null,"operator":null,"motorcycle":null,"lit":null,"opening_hours":null,"smoothness":null,"supervised":null,"surface":null,"indoor":null,"check_date":null,"name":null,"mapillary":null,"source":null,"check_date_capacity":null,"panoramax":null,"description":null,"operator_type":null,"addr_street":null,"addr_city":null,"addr_housenumber":null,"fixme":null,"website":null,"wheelchair":null,"level":null,"backrest":null,"addr_postcode":null,"colour":null,"moped":null,"bike_ride":null,"location":null,"capacity_cargo_bike":null,"addr_floor":null}},{"type":"Feature","id":504,"geometry":{"type":"Point","coordinates":[7.6814007000000402,45.049457700000062]},"properties":{"OBJECTID":504,"F_id":"node/8496468307","access":"yes","amenity":"bicycle_parking","bicycle_parking":"lockers","capacity":null,"covered":"yes","fee":"no","survey_date":null,"building":null,"operator":null,"motorcycle":null,"lit":null,"opening_hours":null,"smoothness":null,"supervised":null,"surface":null,"indoor":null,"check_date":null,"name":null,"mapillary":null,"source":null,"check_date_capacity":null,"panoramax":null,"description":null,"operator_type":null,"addr_street":null,"addr_city":null,"addr_housenumber":null,"fixme":null,"website":null,"wheelchair":null,"level":null,"backrest":null,"addr_postcode":null,"colour":null,"moped":null,"bike_ride":null,"location":null,"capacity_cargo_bike":null,"addr_floor":null}},{"type":"Feature","id":508,"geometry":{"type":"Point","coordinates":[7.6869557000000555,45.046425000000056]},"properties":{"OBJECTID":508,"F_id":"node/8638211147","access":null,"amenity":"bicycle_parking","bicycle_parking":"stands","capacity":"6","covered":"no","fee":null,"survey_date":null,"building":null,"operator":null,"motorcycle":null,"lit":null,"opening_hours":null,"smoothness":null,"supervised":null,"surface":null,"indoor":null,"check_date":null,"name":null,"mapillary":null,"source":null,"check_date_capacity":null,"panoramax":null,"description":null,"operator_type":null,"addr_street":null,"addr_city":null,"addr_housenumber":null,"fixme":null,"website":null,"wheelchair":null,"level":null,"backrest":null,"addr_postcode":null,"colour":null,"moped":null,"bike_ride":null,"location":null,"capacity_cargo_bike":null,"addr_floor":null}},{"type":"Feature","id":512,"geometry":{"type":"Point","coordinates":[7.6535515000000487,45.022502100000054]},"properties":{"OBJECTID":512,"F_id":"node/8764826464","access":"yes","amenity":"bicycle_parking","bicycle_parking":"stands","capacity":"24","covered":"no","fee":null,"survey_date":null,"building":null,"operator":null,"motorcycle":null,"lit":null,"opening_hours":null,"smoothness":null,"supervised":null,"surface":null,"indoor":null,"check_date":null,"name":null,"mapillary":null,"source":null,"check_date_capacity":null,"panoramax":null,"description":null,"operator_type":null,"addr_street":null,"addr_city":null,"addr_housenumber":null,"fixme":null,"website":null,"wheelchair":null,"level":null,"backrest":null,"addr_postcode":null,"colour":null,"moped":null,"bike_ride":null,"location":null,"capacity_cargo_bike":null,"addr_floor":null}},{"type":"Feature","id":520,"geometry":{"type":"Point","coordinates":[7.7287650000000667,45.076724200000058]},"properties":{"OBJECTID":520,"F_id":"node/9035775817","access":null,"amenity":"bicycle_parking","bicycle_parking":"stands","capacity":"4","covered":"no","fee":null,"survey_date":null,"building":null,"operator":null,"motorcycle":null,"lit":null,"opening_hours":null,"smoothness":null,"supervised":null,"surface":null,"indoor":null,"check_date":null,"name":null,"mapillary":null,"source":null,"check_date_capacity":null,"panoramax":null,"description":null,"operator_type":null,"addr_street":null,"addr_city":null,"addr_housenumber":null,"fixme":null,"website":null,"wheelchair":null,"level":null,"backrest":null,"addr_postcode":null,"colour":null,"moped":null,"bike_ride":null,"location":null,"capacity_cargo_bike":null,"addr_floor":null}},{"type":"Feature","id":521,"geometry":{"type":"Point","coordinates":[7.6873730000000364,45.054833500000029]},"properties":{"OBJECTID":521,"F_id":"node/9038187426","access":null,"amenity":"bicycle_parking","bicycle_parking":"wall_loops","capacity":"8","covered":"no","fee":null,"survey_date":null,"building":null,"operator":null,"motorcycle":null,"lit":null,"opening_hours":null,"smoothness":null,"supervised":null,"surface":null,"indoor":null,"check_date":null,"name":null,"mapillary":null,"source":null,"check_date_capacity":null,"panoramax":null,"description":null,"operator_type":null,"addr_street":null,"addr_city":null,"addr_housenumber":null,"fixme":null,"website":null,"wheelchair":null,"level":null,"backrest":null,"addr_postcode":null,"colour":null,"moped":null,"bike_ride":null,"location":null,"capacity_cargo_bike":null,"addr_floor":null}},{"type":"Feature","id":523,"geometry":{"type":"Point","coordinates":[7.6851323000000207,45.053598000000079]},"properties":{"OBJECTID":523,"F_id":"node/9122302517","access":null,"amenity":"bicycle_parking","bicycle_parking":null,"capacity":null,"covered":null,"fee":null,"survey_date":null,"building":null,"operator":null,"motorcycle":null,"lit":null,"opening_hours":null,"smoothness":null,"supervised":null,"surface":null,"indoor":null,"check_date":null,"name":null,"mapillary":null,"source":null,"check_date_capacity":null,"panoramax":null,"description":null,"operator_type":null,"addr_street":null,"addr_city":null,"addr_housenumber":null,"fixme":null,"website":null,"wheelchair":null,"level":null,"backrest":null,"addr_postcode":null,"colour":null,"moped":null,"bike_ride":null,"location":null,"capacity_cargo_bike":null,"addr_floor":null}},{"type":"Feature","id":524,"geometry":{"type":"Point","coordinates":[7.6985529000000383,45.070988800000066]},"properties":{"OBJECTID":524,"F_id":"node/9224843549","access":null,"amenity":"bicycle_parking","bicycle_parking":"stands","capacity":"8","covered":"no","fee":"no","survey_date":null,"building":null,"operator":null,"motorcycle":null,"lit":null,"opening_hours":null,"smoothness":null,"supervised":null,"surface":null,"indoor":null,"check_date":null,"name":null,"mapillary":null,"source":null,"check_date_capacity":null,"panoramax":null,"description":null,"operator_type":null,"addr_street":null,"addr_city":null,"addr_housenumber":null,"fixme":null,"website":null,"wheelchair":null,"level":null,"backrest":null,"addr_postcode":null,"colour":null,"moped":null,"bike_ride":null,"location":null,"capacity_cargo_bike":null,"addr_floor":null}},{"type":"Feature","id":525,"geometry":{"type":"Point","coordinates":[7.644255600000065,45.075799300000028]},"properties":{"OBJECTID":525,"F_id":"node/9300406026","access":"yes","amenity":"bicycle_parking","bicycle_parking":"handlebar_holder","capacity":"3","covered":"yes","fee":"no","survey_date":null,"building":null,"operator":null,"motorcycle":null,"lit":null,"opening_hours":null,"smoothness":null,"supervised":null,"surface":null,"indoor":null,"check_date":null,"name":null,"mapillary":null,"source":null,"check_date_capacity":null,"panoramax":null,"description":null,"operator_type":null,"addr_street":null,"addr_city":null,"addr_housenumber":null,"fixme":null,"website":null,"wheelchair":null,"level":null,"backrest":null,"addr_postcode":null,"colour":null,"moped":null,"bike_ride":null,"location":null,"capacity_cargo_bike":null,"addr_floor":null}},{"type":"Feature","id":526,"geometry":{"type":"Point","coordinates":[7.6813048000000208,45.072836400000028]},"properties":{"OBJECTID":526,"F_id":"node/9307358113","access":null,"amenity":"bicycle_parking","bicycle_parking":"wall_loops","capacity":"3","covered":"no","fee":null,"survey_date":null,"building":null,"operator":null,"motorcycle":null,"lit":"yes","opening_hours":null,"smoothness":null,"supervised":null,"surface":null,"indoor":null,"check_date":null,"name":null,"mapillary":null,"source":null,"check_date_capacity":null,"panoramax":null,"description":null,"operator_type":null,"addr_street":null,"addr_city":null,"addr_housenumber":null,"fixme":null,"website":null,"wheelchair":null,"level":null,"backrest":null,"addr_postcode":null,"colour":null,"moped":null,"bike_ride":null,"location":null,"capacity_cargo_bike":null,"addr_floor":null}},{"type":"Feature","id":527,"geometry":{"type":"Point","coordinates":[7.6812629000000356,45.072847800000034]},"properties":{"OBJECTID":527,"F_id":"node/9307377317","access":null,"amenity":"bicycle_parking","bicycle_parking":"wall_loops","capacity":"3","covered":"no","fee":null,"survey_date":null,"building":null,"operator":null,"motorcycle":null,"lit":"yes","opening_hours":null,"smoothness":null,"supervised":null,"surface":null,"indoor":null,"check_date":null,"name":null,"mapillary":null,"source":null,"check_date_capacity":null,"panoramax":null,"description":null,"operator_type":null,"addr_street":null,"addr_city":null,"addr_housenumber":null,"fixme":null,"website":null,"wheelchair":null,"level":null,"backrest":null,"addr_postcode":null,"colour":null,"moped":null,"bike_ride":null,"location":null,"capacity_cargo_bike":null,"addr_floor":null}},{"type":"Feature","id":528,"geometry":{"type":"Point","coordinates":[7.6786695000000691,45.060714200000064]},"properties":{"OBJECTID":528,"F_id":"node/9321076956","access":"yes","amenity":"bicycle_parking","bicycle_parking":"two-tier","capacity":"100","covered":"yes","fee":"yes","survey_date":null,"building":null,"operator":null,"motorcycle":null,"lit":null,"opening_hours":null,"smoothness":null,"supervised":null,"surface":null,"indoor":null,"check_date":null,"name":"Ciclostazione","mapillary":null,"source":null,"check_date_capacity":null,"panoramax":null,"description":null,"operator_type":null,"addr_street":null,"addr_city":null,"addr_housenumber":null,"fixme":null,"website":"https://www.fspark.it/it/parcheggi/bicipark/torino-porta-nuova-bicipark.html","wheelchair":null,"level":null,"backrest":null,"addr_postcode":null,"colour":null,"moped":null,"bike_ride":null,"location":null,"capacity_cargo_bike":null,"addr_floor":null}},{"type":"Feature","id":529,"geometry":{"type":"Point","coordinates":[7.6858964000000469,45.055111700000054]},"properties":{"OBJECTID":529,"F_id":"node/9330196749","access":"yes","amenity":"bicycle_parking","bicycle_parking":"stands","capacity":"10","covered":"no","fee":"no","survey_date":null,"building":null,"operator":null,"motorcycle":null,"lit":null,"opening_hours":null,"smoothness":null,"supervised":null,"surface":null,"indoor":null,"check_date":null,"name":null,"mapillary":null,"source":null,"check_date_capacity":null,"panoramax":null,"description":null,"operator_type":null,"addr_street":null,"addr_city":null,"addr_housenumber":null,"fixme":null,"website":null,"wheelchair":null,"level":null,"backrest":null,"addr_postcode":null,"colour":null,"moped":null,"bike_ride":null,"location":null,"capacity_cargo_bike":null,"addr_floor":null}},{"type":"Feature","id":531,"geometry":{"type":"Point","coordinates":[7.6449855000000753,45.034932100000049]},"properties":{"OBJECTID":531,"F_id":"node/9367516460","access":null,"amenity":"bicycle_parking","bicycle_parking":null,"capacity":null,"covered":null,"fee":null,"survey_date":null,"building":null,"operator":null,"motorcycle":null,"lit":null,"opening_hours":null,"smoothness":null,"supervised":null,"surface":null,"indoor":null,"check_date":null,"name":null,"mapillary":null,"source":null,"check_date_capacity":null,"panoramax":null,"description":null,"operator_type":null,"addr_street":null,"addr_city":null,"addr_housenumber":null,"fixme":null,"website":null,"wheelchair":null,"level":null,"backrest":null,"addr_postcode":null,"colour":null,"moped":null,"bike_ride":null,"location":null,"capacity_cargo_bike":null,"addr_floor":null}},{"type":"Feature","id":532,"geometry":{"type":"Point","coordinates":[7.6449667000000545,45.034886200000074]},"properties":{"OBJECTID":532,"F_id":"node/9367516461","access":null,"amenity":"bicycle_parking","bicycle_parking":null,"capacity":null,"covered":null,"fee":null,"survey_date":null,"building":null,"operator":null,"motorcycle":null,"lit":null,"opening_hours":null,"smoothness":null,"supervised":null,"surface":null,"indoor":null,"check_date":null,"name":null,"mapillary":null,"source":null,"check_date_capacity":null,"panoramax":null,"description":null,"operator_type":null,"addr_street":null,"addr_city":null,"addr_housenumber":null,"fixme":null,"website":null,"wheelchair":null,"level":null,"backrest":null,"addr_postcode":null,"colour":null,"moped":null,"bike_ride":null,"location":null,"capacity_cargo_bike":null,"addr_floor":null}},{"type":"Feature","id":548,"geometry":{"type":"Point","coordinates":[7.6698941000000218,45.065168200000073]},"properties":{"OBJECTID":548,"F_id":"node/9515661833","access":null,"amenity":"bicycle_parking","bicycle_parking":"wall_loops","capacity":"10","covered":"no","fee":null,"survey_date":null,"building":null,"operator":null,"motorcycle":null,"lit":null,"opening_hours":null,"smoothness":null,"supervised":null,"surface":null,"indoor":null,"check_date":null,"name":null,"mapillary":null,"source":null,"check_date_capacity":"2025-03-09","panoramax":null,"description":null,"operator_type":null,"addr_street":null,"addr_city":null,"addr_housenumber":null,"fixme":null,"website":null,"wheelchair":null,"level":null,"backrest":null,"addr_postcode":null,"colour":null,"moped":null,"bike_ride":null,"location":null,"capacity_cargo_bike":null,"addr_floor":null}},{"type":"Feature","id":549,"geometry":{"type":"Point","coordinates":[7.6370497000000341,45.090727000000072]},"properties":{"OBJECTID":549,"F_id":"node/9519183729","access":null,"amenity":"bicycle_parking","bicycle_parking":"wall_loops","capacity":"3","covered":"no","fee":null,"survey_date":null,"building":null,"operator":null,"motorcycle":null,"lit":null,"opening_hours":null,"smoothness":null,"supervised":null,"surface":null,"indoor":null,"check_date":null,"name":null,"mapillary":null,"source":null,"check_date_capacity":null,"panoramax":null,"description":null,"operator_type":null,"addr_street":null,"addr_city":null,"addr_housenumber":null,"fixme":null,"website":null,"wheelchair":null,"level":null,"backrest":null,"addr_postcode":null,"colour":null,"moped":null,"bike_ride":null,"location":null,"capacity_cargo_bike":null,"addr_floor":null}},{"type":"Feature","id":552,"geometry":{"type":"Point","coordinates":[7.6696360000000254,45.065850400000045]},"properties":{"OBJECTID":552,"F_id":"node/9536387625","access":null,"amenity":"bicycle_parking","bicycle_parking":"stands","capacity":"8","covered":"no","fee":null,"survey_date":null,"building":null,"operator":null,"motorcycle":null,"lit":null,"opening_hours":null,"smoothness":null,"supervised":null,"surface":null,"indoor":null,"check_date":null,"name":null,"mapillary":null,"source":null,"check_date_capacity":"2025-03-09","panoramax":null,"description":null,"operator_type":null,"addr_street":null,"addr_city":null,"addr_housenumber":null,"fixme":null,"website":null,"wheelchair":null,"level":null,"backrest":null,"addr_postcode":null,"colour":null,"moped":null,"bike_ride":null,"location":null,"capacity_cargo_bike":null,"addr_floor":null}},{"type":"Feature","id":553,"geometry":{"type":"Point","coordinates":[7.6719933000000538,45.063586200000032]},"properties":{"OBJECTID":553,"F_id":"node/9536764388","access":null,"amenity":"bicycle_parking","bicycle_parking":null,"capacity":null,"covered":null,"fee":null,"survey_date":null,"building":null,"operator":null,"motorcycle":null,"lit":null,"opening_hours":null,"smoothness":null,"supervised":null,"surface":null,"indoor":null,"check_date":null,"name":null,"mapillary":null,"source":null,"check_date_capacity":null,"panoramax":null,"description":null,"operator_type":null,"addr_street":null,"addr_city":null,"addr_housenumber":null,"fixme":null,"website":null,"wheelchair":null,"level":null,"backrest":null,"addr_postcode":null,"colour":null,"moped":null,"bike_ride":null,"location":null,"capacity_cargo_bike":null,"addr_floor":null}},{"type":"Feature","id":556,"geometry":{"type":"Point","coordinates":[7.6548819000000208,45.065664100000049]},"properties":{"OBJECTID":556,"F_id":"node/9565968757","access":"yes","amenity":"bicycle_parking","bicycle_parking":null,"capacity":"6","covered":"no","fee":null,"survey_date":null,"building":null,"operator":null,"motorcycle":null,"lit":null,"opening_hours":null,"smoothness":null,"supervised":null,"surface":null,"indoor":null,"check_date":null,"name":null,"mapillary":null,"source":null,"check_date_capacity":null,"panoramax":null,"description":null,"operator_type":null,"addr_street":null,"addr_city":null,"addr_housenumber":null,"fixme":null,"website":null,"wheelchair":null,"level":null,"backrest":null,"addr_postcode":null,"colour":null,"moped":null,"bike_ride":null,"location":null,"capacity_cargo_bike":null,"addr_floor":null}},{"type":"Feature","id":557,"geometry":{"type":"Point","coordinates":[7.6559361000000763,45.06454130000003]},"properties":{"OBJECTID":557,"F_id":"node/9580694089","access":null,"amenity":"bicycle_parking","bicycle_parking":"stands","capacity":"6","covered":"no","fee":"no","survey_date":null,"building":null,"operator":null,"motorcycle":null,"lit":null,"opening_hours":null,"smoothness":null,"supervised":null,"surface":null,"indoor":null,"check_date":null,"name":null,"mapillary":null,"source":null,"check_date_capacity":null,"panoramax":null,"description":null,"operator_type":null,"addr_street":null,"addr_city":null,"addr_housenumber":null,"fixme":null,"website":null,"wheelchair":null,"level":null,"backrest":null,"addr_postcode":null,"colour":null,"moped":null,"bike_ride":null,"location":null,"capacity_cargo_bike":null,"addr_floor":null}},{"type":"Feature","id":569,"geometry":{"type":"Point","coordinates":[7.6940495000000624,45.068266200000039]},"properties":{"OBJECTID":569,"F_id":"node/9740888733","access":null,"amenity":"bicycle_parking","bicycle_parking":"stands","capacity":"14","covered":"no","fee":null,"survey_date":null,"building":null,"operator":null,"motorcycle":null,"lit":null,"opening_hours":null,"smoothness":null,"supervised":null,"surface":null,"indoor":null,"check_date":null,"name":null,"mapillary":null,"source":null,"check_date_capacity":null,"panoramax":null,"description":null,"operator_type":null,"addr_street":null,"addr_city":null,"addr_housenumber":null,"fixme":null,"website":null,"wheelchair":null,"level":null,"backrest":null,"addr_postcode":null,"colour":null,"moped":null,"bike_ride":null,"location":null,"capacity_cargo_bike":null,"addr_floor":null}},{"type":"Feature","id":570,"geometry":{"type":"Point","coordinates":[7.6857167000000572,45.078036600000075]},"properties":{"OBJECTID":570,"F_id":"node/9740888734","access":null,"amenity":"bicycle_parking","bicycle_parking":null,"capacity":null,"covered":null,"fee":null,"survey_date":null,"building":null,"operator":null,"motorcycle":null,"lit":null,"opening_hours":null,"smoothness":null,"supervised":null,"surface":null,"indoor":null,"check_date":null,"name":null,"mapillary":null,"source":null,"check_date_capacity":null,"panoramax":null,"description":null,"operator_type":null,"addr_street":null,"addr_city":null,"addr_housenumber":null,"fixme":null,"website":null,"wheelchair":null,"level":null,"backrest":null,"addr_postcode":null,"colour":null,"moped":null,"bike_ride":null,"location":null,"capacity_cargo_bike":null,"addr_floor":null}},{"type":"Feature","id":571,"geometry":{"type":"Point","coordinates":[7.6948114000000487,45.067277100000069]},"properties":{"OBJECTID":571,"F_id":"node/9740895475","access":null,"amenity":"bicycle_parking","bicycle_parking":"stands","capacity":null,"covered":"no","fee":null,"survey_date":null,"building":null,"operator":null,"motorcycle":null,"lit":null,"opening_hours":null,"smoothness":null,"supervised":null,"surface":null,"indoor":null,"check_date":null,"name":null,"mapillary":null,"source":null,"check_date_capacity":null,"panoramax":null,"description":null,"operator_type":null,"addr_street":null,"addr_city":null,"addr_housenumber":null,"fixme":null,"website":null,"wheelchair":null,"level":null,"backrest":null,"addr_postcode":null,"colour":null,"moped":null,"bike_ride":null,"location":null,"capacity_cargo_bike":null,"addr_floor":null}},{"type":"Feature","id":572,"geometry":{"type":"Point","coordinates":[7.6942251000000397,45.068124000000068]},"properties":{"OBJECTID":572,"F_id":"node/9740895502","access":null,"amenity":"bicycle_parking","bicycle_parking":"stands","capacity":null,"covered":"no","fee":null,"survey_date":null,"building":null,"operator":null,"motorcycle":null,"lit":null,"opening_hours":null,"smoothness":null,"supervised":null,"surface":null,"indoor":null,"check_date":null,"name":null,"mapillary":null,"source":null,"check_date_capacity":null,"panoramax":null,"description":null,"operator_type":null,"addr_street":null,"addr_city":null,"addr_housenumber":null,"fixme":null,"website":null,"wheelchair":null,"level":null,"backrest":null,"addr_postcode":null,"colour":null,"moped":null,"bike_ride":null,"location":null,"capacity_cargo_bike":null,"addr_floor":null}},{"type":"Feature","id":573,"geometry":{"type":"Point","coordinates":[7.6725185000000238,45.051951700000075]},"properties":{"OBJECTID":573,"F_id":"node/9771620395","access":null,"amenity":"bicycle_parking","bicycle_parking":null,"capacity":null,"covered":"no","fee":"no","survey_date":null,"building":null,"operator":null,"motorcycle":null,"lit":null,"opening_hours":null,"smoothness":null,"supervised":null,"surface":null,"indoor":null,"check_date":null,"name":null,"mapillary":null,"source":null,"check_date_capacity":null,"panoramax":null,"description":null,"operator_type":null,"addr_street":null,"addr_city":null,"addr_housenumber":null,"fixme":null,"website":null,"wheelchair":null,"level":null,"backrest":null,"addr_postcode":null,"colour":null,"moped":null,"bike_ride":null,"location":null,"capacity_cargo_bike":null,"addr_floor":null}},{"type":"Feature","id":574,"geometry":{"type":"Point","coordinates":[7.666125500000021,45.03546920000008]},"properties":{"OBJECTID":574,"F_id":"node/9826286292","access":null,"amenity":"bicycle_parking","bicycle_parking":"stands","capacity":"14","covered":"no","fee":null,"survey_date":null,"building":null,"operator":null,"motorcycle":null,"lit":null,"opening_hours":null,"smoothness":null,"supervised":null,"surface":null,"indoor":null,"check_date":null,"name":null,"mapillary":null,"source":null,"check_date_capacity":null,"panoramax":null,"description":null,"operator_type":null,"addr_street":null,"addr_city":null,"addr_housenumber":null,"fixme":null,"website":null,"wheelchair":null,"level":null,"backrest":null,"addr_postcode":null,"colour":null,"moped":null,"bike_ride":null,"location":null,"capacity_cargo_bike":null,"addr_floor":null}},{"type":"Feature","id":590,"geometry":{"type":"Point","coordinates":[7.6864676000000713,45.053598200000067]},"properties":{"OBJECTID":590,"F_id":"node/9884528466","access":"permissive","amenity":"bicycle_parking","bicycle_parking":"stands","capacity":"50","covered":"no","fee":"no","survey_date":null,"building":null,"operator":"Politecnico di Torino","motorcycle":null,"lit":null,"opening_hours":null,"smoothness":null,"supervised":null,"surface":null,"indoor":null,"check_date":null,"name":null,"mapillary":null,"source":null,"check_date_capacity":null,"panoramax":null,"description":null,"operator_type":"public","addr_street":null,"addr_city":null,"addr_housenumber":null,"fixme":null,"website":null,"wheelchair":null,"level":null,"backrest":null,"addr_postcode":null,"colour":null,"moped":null,"bike_ride":null,"location":null,"capacity_cargo_bike":null,"addr_floor":null}},{"type":"Feature","id":591,"geometry":{"type":"Point","coordinates":[7.6970959000000221,45.072493500000064]},"properties":{"OBJECTID":591,"F_id":"node/9903597733","access":"yes","amenity":"bicycle_parking","bicycle_parking":"stands","capacity":null,"covered":"no","fee":"no","survey_date":null,"building":null,"operator":null,"motorcycle":null,"lit":null,"opening_hours":null,"smoothness":null,"supervised":null,"surface":null,"indoor":null,"check_date":null,"name":null,"mapillary":null,"source":null,"check_date_capacity":null,"panoramax":null,"description":null,"operator_type":null,"addr_street":null,"addr_city":null,"addr_housenumber":null,"fixme":null,"website":null,"wheelchair":null,"level":null,"backrest":null,"addr_postcode":null,"colour":null,"moped":null,"bike_ride":null,"location":null,"capacity_cargo_bike":null,"addr_floor":null}},{"type":"Feature","id":599,"geometry":{"type":"Point","coordinates":[7.6731705000000261,45.056691400000034]},"properties":{"OBJECTID":599,"F_id":"node/10011778505","access":null,"amenity":"bicycle_parking","bicycle_parking":"stands","capacity":"6","covered":"no","fee":null,"survey_date":null,"building":null,"operator":null,"motorcycle":null,"lit":null,"opening_hours":null,"smoothness":null,"supervised":null,"surface":null,"indoor":null,"check_date":null,"name":null,"mapillary":null,"source":null,"check_date_capacity":null,"panoramax":null,"description":null,"operator_type":null,"addr_street":null,"addr_city":null,"addr_housenumber":null,"fixme":null,"website":null,"wheelchair":null,"level":null,"backrest":null,"addr_postcode":null,"colour":null,"moped":null,"bike_ride":null,"location":null,"capacity_cargo_bike":null,"addr_floor":null}},{"type":"Feature","id":602,"geometry":{"type":"Point","coordinates":[7.6591202000000749,45.064640200000042]},"properties":{"OBJECTID":602,"F_id":"node/10113463329","access":null,"amenity":"bicycle_parking","bicycle_parking":"stands","capacity":null,"covered":"no","fee":"no","survey_date":null,"building":null,"operator":null,"motorcycle":null,"lit":null,"opening_hours":null,"smoothness":null,"supervised":null,"surface":null,"indoor":null,"check_date":null,"name":null,"mapillary":null,"source":null,"check_date_capacity":null,"panoramax":null,"description":null,"operator_type":null,"addr_street":null,"addr_city":null,"addr_housenumber":null,"fixme":null,"website":null,"wheelchair":null,"level":null,"backrest":null,"addr_postcode":null,"colour":null,"moped":null,"bike_ride":null,"location":null,"capacity_cargo_bike":null,"addr_floor":null}},{"type":"Feature","id":603,"geometry":{"type":"Point","coordinates":[7.6591433000000393,45.064674400000058]},"properties":{"OBJECTID":603,"F_id":"node/10113463330","access":null,"amenity":"bicycle_parking","bicycle_parking":"stands","capacity":null,"covered":"no","fee":"no","survey_date":null,"building":null,"operator":null,"motorcycle":null,"lit":null,"opening_hours":null,"smoothness":null,"supervised":null,"surface":null,"indoor":null,"check_date":null,"name":null,"mapillary":null,"source":null,"check_date_capacity":null,"panoramax":null,"description":null,"operator_type":null,"addr_street":null,"addr_city":null,"addr_housenumber":null,"fixme":null,"website":null,"wheelchair":null,"level":null,"backrest":null,"addr_postcode":null,"colour":null,"moped":null,"bike_ride":null,"location":null,"capacity_cargo_bike":null,"addr_floor":null}},{"type":"Feature","id":604,"geometry":{"type":"Point","coordinates":[7.6591622000000257,45.064705200000049]},"properties":{"OBJECTID":604,"F_id":"node/10113463331","access":null,"amenity":"bicycle_parking","bicycle_parking":"stands","capacity":null,"covered":"no","fee":"no","survey_date":null,"building":null,"operator":null,"motorcycle":null,"lit":null,"opening_hours":null,"smoothness":null,"supervised":null,"surface":null,"indoor":null,"check_date":null,"name":null,"mapillary":null,"source":null,"check_date_capacity":null,"panoramax":null,"description":null,"operator_type":null,"addr_street":null,"addr_city":null,"addr_housenumber":null,"fixme":null,"website":null,"wheelchair":null,"level":null,"backrest":null,"addr_postcode":null,"colour":null,"moped":null,"bike_ride":null,"location":null,"capacity_cargo_bike":null,"addr_floor":null}},{"type":"Feature","id":605,"geometry":{"type":"Point","coordinates":[7.6591838000000507,45.064734500000043]},"properties":{"OBJECTID":605,"F_id":"node/10113463332","access":null,"amenity":"bicycle_parking","bicycle_parking":"stands","capacity":null,"covered":"no","fee":"no","survey_date":null,"building":null,"operator":null,"motorcycle":null,"lit":null,"opening_hours":null,"smoothness":null,"supervised":null,"surface":null,"indoor":null,"check_date":null,"name":null,"mapillary":null,"source":null,"check_date_capacity":null,"panoramax":null,"description":null,"operator_type":null,"addr_street":null,"addr_city":null,"addr_housenumber":null,"fixme":null,"website":null,"wheelchair":null,"level":null,"backrest":null,"addr_postcode":null,"colour":null,"moped":null,"bike_ride":null,"location":null,"capacity_cargo_bike":null,"addr_floor":null}},{"type":"Feature","id":606,"geometry":{"type":"Point","coordinates":[7.6592048000000545,45.064763000000028]},"properties":{"OBJECTID":606,"F_id":"node/10113463333","access":null,"amenity":"bicycle_parking","bicycle_parking":"stands","capacity":null,"covered":"no","fee":"no","survey_date":null,"building":null,"operator":null,"motorcycle":null,"lit":null,"opening_hours":null,"smoothness":null,"supervised":null,"surface":null,"indoor":null,"check_date":null,"name":null,"mapillary":null,"source":null,"check_date_capacity":null,"panoramax":null,"description":null,"operator_type":null,"addr_street":null,"addr_city":null,"addr_housenumber":null,"fixme":null,"website":null,"wheelchair":null,"level":null,"backrest":null,"addr_postcode":null,"colour":null,"moped":null,"bike_ride":null,"location":null,"capacity_cargo_bike":null,"addr_floor":null}},{"type":"Feature","id":607,"geometry":{"type":"Point","coordinates":[7.6592274000000202,45.064792700000055]},"properties":{"OBJECTID":607,"F_id":"node/10113463334","access":null,"amenity":"bicycle_parking","bicycle_parking":"stands","capacity":null,"covered":"no","fee":"no","survey_date":null,"building":null,"operator":null,"motorcycle":null,"lit":null,"opening_hours":null,"smoothness":null,"supervised":null,"surface":null,"indoor":null,"check_date":null,"name":null,"mapillary":null,"source":null,"check_date_capacity":null,"panoramax":null,"description":null,"operator_type":null,"addr_street":null,"addr_city":null,"addr_housenumber":null,"fixme":null,"website":null,"wheelchair":null,"level":null,"backrest":null,"addr_postcode":null,"colour":null,"moped":null,"bike_ride":null,"location":null,"capacity_cargo_bike":null,"addr_floor":null}},{"type":"Feature","id":608,"geometry":{"type":"Point","coordinates":[7.6592463000000635,45.064821300000062]},"properties":{"OBJECTID":608,"F_id":"node/10113463335","access":null,"amenity":"bicycle_parking","bicycle_parking":"stands","capacity":null,"covered":"no","fee":"no","survey_date":null,"building":null,"operator":null,"motorcycle":null,"lit":null,"opening_hours":null,"smoothness":null,"supervised":null,"surface":null,"indoor":null,"check_date":null,"name":null,"mapillary":null,"source":null,"check_date_capacity":null,"panoramax":null,"description":null,"operator_type":null,"addr_street":null,"addr_city":null,"addr_housenumber":null,"fixme":null,"website":null,"wheelchair":null,"level":null,"backrest":null,"addr_postcode":null,"colour":null,"moped":null,"bike_ride":null,"location":null,"capacity_cargo_bike":null,"addr_floor":null}},{"type":"Feature","id":612,"geometry":{"type":"Point","coordinates":[7.6686716000000388,45.067591300000061]},"properties":{"OBJECTID":612,"F_id":"node/10159318064","access":null,"amenity":"bicycle_parking","bicycle_parking":"stands","capacity":null,"covered":"no","fee":null,"survey_date":null,"building":null,"operator":null,"motorcycle":null,"lit":null,"opening_hours":null,"smoothness":null,"supervised":null,"surface":"asphalt","indoor":null,"check_date":null,"name":null,"mapillary":null,"source":null,"check_date_capacity":null,"panoramax":null,"description":null,"operator_type":null,"addr_street":null,"addr_city":null,"addr_housenumber":null,"fixme":null,"website":null,"wheelchair":null,"level":null,"backrest":null,"addr_postcode":null,"colour":null,"moped":null,"bike_ride":null,"location":null,"capacity_cargo_bike":null,"addr_floor":null}},{"type":"Feature","id":614,"geometry":{"type":"Point","coordinates":[7.6505165000000375,45.028552700000034]},"properties":{"OBJECTID":614,"F_id":"node/10168691633","access":null,"amenity":"bicycle_parking","bicycle_parking":"stands","capacity":"12","covered":"no","fee":null,"survey_date":null,"building":null,"operator":null,"motorcycle":null,"lit":null,"opening_hours":null,"smoothness":null,"supervised":null,"surface":null,"indoor":null,"check_date":null,"name":null,"mapillary":null,"source":null,"check_date_capacity":null,"panoramax":null,"description":null,"operator_type":null,"addr_street":null,"addr_city":null,"addr_housenumber":null,"fixme":null,"website":null,"wheelchair":null,"level":null,"backrest":null,"addr_postcode":null,"colour":null,"moped":null,"bike_ride":null,"location":null,"capacity_cargo_bike":null,"addr_floor":null}},{"type":"Feature","id":629,"geometry":{"type":"Point","coordinates":[7.6541138000000615,45.039488000000063]},"properties":{"OBJECTID":629,"F_id":"node/10247952609","access":null,"amenity":"bicycle_parking","bicycle_parking":"stands","capacity":"4","covered":"no","fee":null,"survey_date":null,"building":null,"operator":null,"motorcycle":null,"lit":null,"opening_hours":"24/7","smoothness":null,"supervised":null,"surface":null,"indoor":null,"check_date":null,"name":null,"mapillary":null,"source":null,"check_date_capacity":null,"panoramax":null,"description":null,"operator_type":null,"addr_street":null,"addr_city":null,"addr_housenumber":null,"fixme":null,"website":null,"wheelchair":null,"level":null,"backrest":null,"addr_postcode":null,"colour":null,"moped":null,"bike_ride":null,"location":null,"capacity_cargo_bike":null,"addr_floor":null}},{"type":"Feature","id":637,"geometry":{"type":"Point","coordinates":[7.6747280000000728,45.072437900000068]},"properties":{"OBJECTID":637,"F_id":"node/10741520276","access":null,"amenity":"bicycle_parking","bicycle_parking":"stands","capacity":"6","covered":"no","fee":null,"survey_date":null,"building":null,"operator":null,"motorcycle":null,"lit":null,"opening_hours":null,"smoothness":null,"supervised":null,"surface":null,"indoor":null,"check_date":null,"name":null,"mapillary":null,"source":null,"check_date_capacity":null,"panoramax":null,"description":null,"operator_type":null,"addr_street":null,"addr_city":null,"addr_housenumber":null,"fixme":null,"website":null,"wheelchair":null,"level":null,"backrest":null,"addr_postcode":null,"colour":null,"moped":null,"bike_ride":null,"location":null,"capacity_cargo_bike":null,"addr_floor":null}},{"type":"Feature","id":638,"geometry":{"type":"Point","coordinates":[7.6748165000000768,45.072402900000043]},"properties":{"OBJECTID":638,"F_id":"node/10741540187","access":null,"amenity":"bicycle_parking","bicycle_parking":"stands","capacity":"6","covered":"no","fee":null,"survey_date":null,"building":null,"operator":null,"motorcycle":null,"lit":null,"opening_hours":null,"smoothness":null,"supervised":null,"surface":null,"indoor":null,"check_date":null,"name":null,"mapillary":null,"source":null,"check_date_capacity":null,"panoramax":null,"description":null,"operator_type":null,"addr_street":null,"addr_city":null,"addr_housenumber":null,"fixme":null,"website":null,"wheelchair":null,"level":null,"backrest":null,"addr_postcode":null,"colour":null,"moped":null,"bike_ride":null,"location":null,"capacity_cargo_bike":null,"addr_floor":null}},{"type":"Feature","id":640,"geometry":{"type":"Point","coordinates":[7.6409163000000717,45.062119700000039]},"properties":{"OBJECTID":640,"F_id":"node/10750671202","access":"yes","amenity":"bicycle_parking","bicycle_parking":"stands","capacity":"10","covered":"no","fee":"no","survey_date":null,"building":null,"operator":null,"motorcycle":null,"lit":"yes","opening_hours":null,"smoothness":"good","supervised":"no","surface":"paving_stones","indoor":null,"check_date":null,"name":null,"mapillary":null,"source":null,"check_date_capacity":null,"panoramax":null,"description":null,"operator_type":null,"addr_street":null,"addr_city":null,"addr_housenumber":null,"fixme":null,"website":null,"wheelchair":null,"level":null,"backrest":null,"addr_postcode":null,"colour":null,"moped":null,"bike_ride":null,"location":null,"capacity_cargo_bike":null,"addr_floor":null}},{"type":"Feature","id":641,"geometry":{"type":"Point","coordinates":[7.6408531000000721,45.059449900000061]},"properties":{"OBJECTID":641,"F_id":"node/10750674542","access":"yes","amenity":"bicycle_parking","bicycle_parking":"stands","capacity":null,"covered":"no","fee":"no","survey_date":null,"building":null,"operator":null,"motorcycle":null,"lit":"yes","opening_hours":null,"smoothness":"good","supervised":"no","surface":"paving_stones","indoor":null,"check_date":null,"name":null,"mapillary":null,"source":null,"check_date_capacity":null,"panoramax":null,"description":null,"operator_type":null,"addr_street":null,"addr_city":null,"addr_housenumber":null,"fixme":null,"website":null,"wheelchair":null,"level":null,"backrest":null,"addr_postcode":null,"colour":null,"moped":null,"bike_ride":null,"location":null,"capacity_cargo_bike":null,"addr_floor":null}},{"type":"Feature","id":642,"geometry":{"type":"Point","coordinates":[7.6410288000000719,45.059735000000046]},"properties":{"OBJECTID":642,"F_id":"node/10750674543","access":"yes","amenity":"bicycle_parking","bicycle_parking":"stands","capacity":null,"covered":"no","fee":"no","survey_date":null,"building":null,"operator":null,"motorcycle":null,"lit":"yes","opening_hours":null,"smoothness":"good","supervised":"no","surface":"paving_stones","indoor":null,"check_date":null,"name":null,"mapillary":null,"source":null,"check_date_capacity":null,"panoramax":null,"description":null,"operator_type":null,"addr_street":null,"addr_city":null,"addr_housenumber":null,"fixme":null,"website":null,"wheelchair":null,"level":null,"backrest":null,"addr_postcode":null,"colour":null,"moped":null,"bike_ride":null,"location":null,"capacity_cargo_bike":null,"addr_floor":null}},{"type":"Feature","id":644,"geometry":{"type":"Point","coordinates":[7.6509975000000736,45.037142200000062]},"properties":{"OBJECTID":644,"F_id":"node/10756360603","access":"customers","amenity":"bicycle_parking","bicycle_parking":"wall_loops","capacity":null,"covered":"no","fee":null,"survey_date":null,"building":null,"operator":null,"motorcycle":null,"lit":null,"opening_hours":null,"smoothness":null,"supervised":null,"surface":null,"indoor":null,"check_date":null,"name":null,"mapillary":null,"source":null,"check_date_capacity":null,"panoramax":null,"description":null,"operator_type":null,"addr_street":null,"addr_city":null,"addr_housenumber":null,"fixme":null,"website":null,"wheelchair":null,"level":null,"backrest":null,"addr_postcode":null,"colour":null,"moped":null,"bike_ride":null,"location":null,"capacity_cargo_bike":null,"addr_floor":null}},{"type":"Feature","id":645,"geometry":{"type":"Point","coordinates":[7.6926278000000252,45.068353400000035]},"properties":{"OBJECTID":645,"F_id":"node/10759662318","access":null,"amenity":"bicycle_parking","bicycle_parking":"stands","capacity":"10","covered":"no","fee":null,"survey_date":null,"building":null,"operator":null,"motorcycle":null,"lit":null,"opening_hours":null,"smoothness":null,"supervised":null,"surface":null,"indoor":null,"check_date":null,"name":null,"mapillary":null,"source":null,"check_date_capacity":null,"panoramax":null,"description":null,"operator_type":null,"addr_street":null,"addr_city":null,"addr_housenumber":null,"fixme":null,"website":null,"wheelchair":null,"level":null,"backrest":null,"addr_postcode":null,"colour":null,"moped":null,"bike_ride":null,"location":null,"capacity_cargo_bike":null,"addr_floor":null}},{"type":"Feature","id":647,"geometry":{"type":"Point","coordinates":[7.6724157000000446,45.090585300000043]},"properties":{"OBJECTID":647,"F_id":"node/10766828705","access":null,"amenity":"bicycle_parking","bicycle_parking":"stands","capacity":"22","covered":"no","fee":null,"survey_date":null,"building":null,"operator":null,"motorcycle":null,"lit":null,"opening_hours":null,"smoothness":null,"supervised":null,"surface":null,"indoor":null,"check_date":null,"name":null,"mapillary":null,"source":null,"check_date_capacity":null,"panoramax":null,"description":null,"operator_type":null,"addr_street":null,"addr_city":null,"addr_housenumber":null,"fixme":null,"website":null,"wheelchair":null,"level":null,"backrest":null,"addr_postcode":null,"colour":null,"moped":null,"bike_ride":null,"location":null,"capacity_cargo_bike":null,"addr_floor":null}},{"type":"Feature","id":648,"geometry":{"type":"Point","coordinates":[7.6837408000000664,45.079379700000061]},"properties":{"OBJECTID":648,"F_id":"node/10767946305","access":null,"amenity":"bicycle_parking","bicycle_parking":"stands","capacity":"8","covered":"no","fee":null,"survey_date":null,"building":null,"operator":null,"motorcycle":null,"lit":null,"opening_hours":null,"smoothness":null,"supervised":null,"surface":null,"indoor":null,"check_date":null,"name":null,"mapillary":null,"source":null,"check_date_capacity":null,"panoramax":null,"description":null,"operator_type":null,"addr_street":null,"addr_city":null,"addr_housenumber":null,"fixme":null,"website":null,"wheelchair":null,"level":null,"backrest":null,"addr_postcode":null,"colour":null,"moped":null,"bike_ride":null,"location":null,"capacity_cargo_bike":null,"addr_floor":null}},{"type":"Feature","id":649,"geometry":{"type":"Point","coordinates":[7.6660759000000667,45.079991700000051]},"properties":{"OBJECTID":649,"F_id":"node/10770406639","access":"yes","amenity":"bicycle_parking","bicycle_parking":"stands","capacity":"10","covered":"no","fee":"no","survey_date":null,"building":null,"operator":null,"motorcycle":null,"lit":null,"opening_hours":null,"smoothness":null,"supervised":null,"surface":"asphalt","indoor":null,"check_date":null,"name":null,"mapillary":null,"source":null,"check_date_capacity":null,"panoramax":null,"description":null,"operator_type":null,"addr_street":null,"addr_city":null,"addr_housenumber":null,"fixme":null,"website":null,"wheelchair":null,"level":null,"backrest":null,"addr_postcode":null,"colour":null,"moped":null,"bike_ride":null,"location":null,"capacity_cargo_bike":null,"addr_floor":null}},{"type":"Feature","id":650,"geometry":{"type":"Point","coordinates":[7.6532504000000472,45.068959200000052]},"properties":{"OBJECTID":650,"F_id":"node/10771806119","access":"yes","amenity":"bicycle_parking","bicycle_parking":"stands","capacity":"6","covered":"no","fee":"no","survey_date":null,"building":null,"operator":null,"motorcycle":null,"lit":null,"opening_hours":null,"smoothness":null,"supervised":null,"surface":null,"indoor":null,"check_date":null,"name":null,"mapillary":null,"source":null,"check_date_capacity":null,"panoramax":null,"description":null,"operator_type":null,"addr_street":null,"addr_city":null,"addr_housenumber":null,"fixme":null,"website":null,"wheelchair":null,"level":null,"backrest":null,"addr_postcode":null,"colour":null,"moped":null,"bike_ride":null,"location":null,"capacity_cargo_bike":null,"addr_floor":null}},{"type":"Feature","id":651,"geometry":{"type":"Point","coordinates":[7.6892880000000332,45.063048200000026]},"properties":{"OBJECTID":651,"F_id":"node/10777961006","access":null,"amenity":"bicycle_parking","bicycle_parking":"stands","capacity":null,"covered":"no","fee":null,"survey_date":null,"building":null,"operator":null,"motorcycle":null,"lit":null,"opening_hours":null,"smoothness":null,"supervised":null,"surface":null,"indoor":null,"check_date":null,"name":null,"mapillary":null,"source":null,"check_date_capacity":null,"panoramax":null,"description":null,"operator_type":null,"addr_street":null,"addr_city":null,"addr_housenumber":null,"fixme":null,"website":null,"wheelchair":null,"level":null,"backrest":null,"addr_postcode":null,"colour":null,"moped":null,"bike_ride":null,"location":null,"capacity_cargo_bike":null,"addr_floor":null}},{"type":"Feature","id":652,"geometry":{"type":"Point","coordinates":[7.6799431000000595,45.066395900000032]},"properties":{"OBJECTID":652,"F_id":"node/10779500105","access":null,"amenity":"bicycle_parking","bicycle_parking":"stands","capacity":"20","covered":"no","fee":null,"survey_date":null,"building":null,"operator":null,"motorcycle":null,"lit":null,"opening_hours":null,"smoothness":null,"supervised":null,"surface":null,"indoor":null,"check_date":null,"name":null,"mapillary":null,"source":null,"check_date_capacity":null,"panoramax":null,"description":null,"operator_type":null,"addr_street":null,"addr_city":null,"addr_housenumber":null,"fixme":null,"website":null,"wheelchair":null,"level":null,"backrest":null,"addr_postcode":null,"colour":null,"moped":null,"bike_ride":null,"location":null,"capacity_cargo_bike":null,"addr_floor":null}},{"type":"Feature","id":660,"geometry":{"type":"Point","coordinates":[7.6630006000000321,45.062495600000034]},"properties":{"OBJECTID":660,"F_id":"node/10802789582","access":null,"amenity":"bicycle_parking","bicycle_parking":"stands","capacity":"8","covered":"no","fee":null,"survey_date":null,"building":null,"operator":null,"motorcycle":null,"lit":null,"opening_hours":null,"smoothness":null,"supervised":null,"surface":null,"indoor":null,"check_date":null,"name":null,"mapillary":null,"source":null,"check_date_capacity":null,"panoramax":null,"description":null,"operator_type":null,"addr_street":null,"addr_city":null,"addr_housenumber":null,"fixme":null,"website":null,"wheelchair":null,"level":null,"backrest":null,"addr_postcode":null,"colour":null,"moped":null,"bike_ride":null,"location":null,"capacity_cargo_bike":null,"addr_floor":null}},{"type":"Feature","id":661,"geometry":{"type":"Point","coordinates":[7.6925395000000663,45.081505500000048]},"properties":{"OBJECTID":661,"F_id":"node/10823869008","access":"yes","amenity":"bicycle_parking","bicycle_parking":"stands","capacity":"8","covered":"no","fee":"no","survey_date":null,"building":null,"operator":null,"motorcycle":null,"lit":null,"opening_hours":null,"smoothness":null,"supervised":null,"surface":null,"indoor":null,"check_date":null,"name":null,"mapillary":null,"source":null,"check_date_capacity":null,"panoramax":null,"description":null,"operator_type":null,"addr_street":null,"addr_city":null,"addr_housenumber":null,"fixme":null,"website":null,"wheelchair":null,"level":null,"backrest":null,"addr_postcode":null,"colour":null,"moped":null,"bike_ride":null,"location":null,"capacity_cargo_bike":null,"addr_floor":null}},{"type":"Feature","id":662,"geometry":{"type":"Point","coordinates":[7.6930871000000707,45.086266600000044]},"properties":{"OBJECTID":662,"F_id":"node/10823876406","access":null,"amenity":"bicycle_parking","bicycle_parking":"stands","capacity":null,"covered":"no","fee":null,"survey_date":null,"building":null,"operator":null,"motorcycle":null,"lit":null,"opening_hours":null,"smoothness":null,"supervised":null,"surface":null,"indoor":null,"check_date":null,"name":null,"mapillary":null,"source":null,"check_date_capacity":null,"panoramax":null,"description":null,"operator_type":null,"addr_street":null,"addr_city":null,"addr_housenumber":null,"fixme":null,"website":null,"wheelchair":null,"level":null,"backrest":null,"addr_postcode":null,"colour":null,"moped":null,"bike_ride":null,"location":null,"capacity_cargo_bike":null,"addr_floor":null}},{"type":"Feature","id":663,"geometry":{"type":"Point","coordinates":[7.692399200000068,45.081273100000033]},"properties":{"OBJECTID":663,"F_id":"node/10823892608","access":"yes","amenity":"bicycle_parking","bicycle_parking":"stands","capacity":"6","covered":"no","fee":"no","survey_date":null,"building":null,"operator":null,"motorcycle":null,"lit":null,"opening_hours":null,"smoothness":null,"supervised":null,"surface":null,"indoor":null,"check_date":null,"name":null,"mapillary":null,"source":null,"check_date_capacity":null,"panoramax":null,"description":null,"operator_type":null,"addr_street":null,"addr_city":null,"addr_housenumber":null,"fixme":null,"website":null,"wheelchair":null,"level":null,"backrest":null,"addr_postcode":null,"colour":null,"moped":null,"bike_ride":null,"location":null,"capacity_cargo_bike":null,"addr_floor":null}},{"type":"Feature","id":664,"geometry":{"type":"Point","coordinates":[7.6921329000000469,45.076209600000027]},"properties":{"OBJECTID":664,"F_id":"node/10823910305","access":"yes","amenity":"bicycle_parking","bicycle_parking":"stands","capacity":"20","covered":"no","fee":"no","survey_date":null,"building":null,"operator":null,"motorcycle":null,"lit":null,"opening_hours":null,"smoothness":null,"supervised":null,"surface":null,"indoor":null,"check_date":null,"name":null,"mapillary":null,"source":null,"check_date_capacity":null,"panoramax":null,"description":null,"operator_type":null,"addr_street":null,"addr_city":null,"addr_housenumber":null,"fixme":null,"website":null,"wheelchair":null,"level":null,"backrest":null,"addr_postcode":null,"colour":null,"moped":null,"bike_ride":null,"location":null,"capacity_cargo_bike":null,"addr_floor":null}},{"type":"Feature","id":665,"geometry":{"type":"Point","coordinates":[7.692629800000077,45.077513300000078]},"properties":{"OBJECTID":665,"F_id":"node/10827570606","access":null,"amenity":"bicycle_parking","bicycle_parking":null,"capacity":null,"covered":null,"fee":null,"survey_date":null,"building":null,"operator":null,"motorcycle":null,"lit":null,"opening_hours":null,"smoothness":null,"supervised":null,"surface":null,"indoor":null,"check_date":null,"name":null,"mapillary":null,"source":null,"check_date_capacity":null,"panoramax":null,"description":null,"operator_type":null,"addr_street":null,"addr_city":null,"addr_housenumber":null,"fixme":null,"website":null,"wheelchair":null,"level":null,"backrest":null,"addr_postcode":null,"colour":null,"moped":null,"bike_ride":null,"location":null,"capacity_cargo_bike":null,"addr_floor":null}},{"type":"Feature","id":666,"geometry":{"type":"Point","coordinates":[7.6933015000000751,45.086149000000034]},"properties":{"OBJECTID":666,"F_id":"node/10827603806","access":null,"amenity":"bicycle_parking","bicycle_parking":null,"capacity":null,"covered":null,"fee":null,"survey_date":null,"building":null,"operator":null,"motorcycle":null,"lit":null,"opening_hours":null,"smoothness":null,"supervised":null,"surface":null,"indoor":null,"check_date":null,"name":null,"mapillary":null,"source":null,"check_date_capacity":null,"panoramax":null,"description":null,"operator_type":null,"addr_street":null,"addr_city":null,"addr_housenumber":null,"fixme":null,"website":null,"wheelchair":null,"level":null,"backrest":null,"addr_postcode":null,"colour":null,"moped":null,"bike_ride":null,"location":null,"capacity_cargo_bike":null,"addr_floor":null}},{"type":"Feature","id":667,"geometry":{"type":"Point","coordinates":[7.6934718000000544,45.08623700000004]},"properties":{"OBJECTID":667,"F_id":"node/10827604005","access":null,"amenity":"bicycle_parking","bicycle_parking":null,"capacity":null,"covered":null,"fee":null,"survey_date":null,"building":null,"operator":null,"motorcycle":null,"lit":null,"opening_hours":null,"smoothness":null,"supervised":null,"surface":null,"indoor":null,"check_date":null,"name":null,"mapillary":null,"source":null,"check_date_capacity":null,"panoramax":null,"description":null,"operator_type":null,"addr_street":null,"addr_city":null,"addr_housenumber":null,"fixme":null,"website":null,"wheelchair":null,"level":null,"backrest":null,"addr_postcode":null,"colour":null,"moped":null,"bike_ride":null,"location":null,"capacity_cargo_bike":null,"addr_floor":null}},{"type":"Feature","id":668,"geometry":{"type":"Point","coordinates":[7.6410695000000715,45.087774200000069]},"properties":{"OBJECTID":668,"F_id":"node/10831661710","access":null,"amenity":"bicycle_parking","bicycle_parking":null,"capacity":null,"covered":null,"fee":null,"survey_date":null,"building":null,"operator":null,"motorcycle":null,"lit":null,"opening_hours":null,"smoothness":null,"supervised":null,"surface":null,"indoor":null,"check_date":null,"name":null,"mapillary":null,"source":null,"check_date_capacity":null,"panoramax":null,"description":null,"operator_type":null,"addr_street":null,"addr_city":null,"addr_housenumber":null,"fixme":null,"website":null,"wheelchair":null,"level":null,"backrest":null,"addr_postcode":null,"colour":null,"moped":null,"bike_ride":null,"location":null,"capacity_cargo_bike":null,"addr_floor":null}},{"type":"Feature","id":669,"geometry":{"type":"Point","coordinates":[7.694929400000035,45.093862200000046]},"properties":{"OBJECTID":669,"F_id":"node/10832280807","access":null,"amenity":"bicycle_parking","bicycle_parking":"stands","capacity":null,"covered":"no","fee":null,"survey_date":null,"building":null,"operator":null,"motorcycle":null,"lit":null,"opening_hours":null,"smoothness":null,"supervised":null,"surface":null,"indoor":null,"check_date":null,"name":null,"mapillary":null,"source":null,"check_date_capacity":null,"panoramax":null,"description":null,"operator_type":null,"addr_street":null,"addr_city":null,"addr_housenumber":null,"fixme":null,"website":null,"wheelchair":null,"level":null,"backrest":null,"addr_postcode":null,"colour":null,"moped":null,"bike_ride":null,"location":null,"capacity_cargo_bike":null,"addr_floor":null}},{"type":"Feature","id":670,"geometry":{"type":"Point","coordinates":[7.7019317000000456,45.085239000000058]},"properties":{"OBJECTID":670,"F_id":"node/10833477005","access":null,"amenity":"bicycle_parking","bicycle_parking":null,"capacity":null,"covered":null,"fee":null,"survey_date":null,"building":null,"operator":null,"motorcycle":null,"lit":null,"opening_hours":null,"smoothness":null,"supervised":null,"surface":null,"indoor":null,"check_date":null,"name":null,"mapillary":null,"source":null,"check_date_capacity":null,"panoramax":null,"description":null,"operator_type":null,"addr_street":null,"addr_city":null,"addr_housenumber":null,"fixme":null,"website":null,"wheelchair":null,"level":null,"backrest":null,"addr_postcode":null,"colour":null,"moped":null,"bike_ride":null,"location":null,"capacity_cargo_bike":null,"addr_floor":null}},{"type":"Feature","id":671,"geometry":{"type":"Point","coordinates":[7.6986821000000418,45.083926600000041]},"properties":{"OBJECTID":671,"F_id":"node/10833478805","access":null,"amenity":"bicycle_parking","bicycle_parking":null,"capacity":null,"covered":null,"fee":null,"survey_date":null,"building":null,"operator":null,"motorcycle":null,"lit":null,"opening_hours":null,"smoothness":null,"supervised":null,"surface":null,"indoor":null,"check_date":null,"name":null,"mapillary":null,"source":null,"check_date_capacity":null,"panoramax":null,"description":null,"operator_type":null,"addr_street":null,"addr_city":null,"addr_housenumber":null,"fixme":null,"website":null,"wheelchair":null,"level":null,"backrest":null,"addr_postcode":null,"colour":null,"moped":null,"bike_ride":null,"location":null,"capacity_cargo_bike":null,"addr_floor":null}},{"type":"Feature","id":672,"geometry":{"type":"Point","coordinates":[7.7314953000000628,45.080431200000078]},"properties":{"OBJECTID":672,"F_id":"node/10839642005","access":null,"amenity":"bicycle_parking","bicycle_parking":"stands","capacity":"10","covered":"no","fee":null,"survey_date":"2026-05-25","building":null,"operator":null,"motorcycle":null,"lit":null,"opening_hours":null,"smoothness":null,"supervised":null,"surface":null,"indoor":null,"check_date":null,"name":null,"mapillary":null,"source":null,"check_date_capacity":null,"panoramax":null,"description":null,"operator_type":null,"addr_street":null,"addr_city":null,"addr_housenumber":null,"fixme":null,"website":null,"wheelchair":null,"level":null,"backrest":null,"addr_postcode":null,"colour":null,"moped":null,"bike_ride":null,"location":null,"capacity_cargo_bike":null,"addr_floor":null}},{"type":"Feature","id":675,"geometry":{"type":"Point","coordinates":[7.6303281000000425,45.054130300000054]},"properties":{"OBJECTID":675,"F_id":"node/10842180233","access":"yes","amenity":"bicycle_parking","bicycle_parking":"shed","capacity":"6","covered":null,"fee":"no","survey_date":null,"building":null,"operator":null,"motorcycle":null,"lit":null,"opening_hours":null,"smoothness":null,"supervised":null,"surface":null,"indoor":null,"check_date":null,"name":null,"mapillary":null,"source":null,"check_date_capacity":null,"panoramax":null,"description":null,"operator_type":null,"addr_street":null,"addr_city":null,"addr_housenumber":null,"fixme":null,"website":null,"wheelchair":null,"level":null,"backrest":null,"addr_postcode":null,"colour":null,"moped":null,"bike_ride":null,"location":null,"capacity_cargo_bike":null,"addr_floor":null}},{"type":"Feature","id":676,"geometry":{"type":"Point","coordinates":[7.6317789000000289,45.046770300000048]},"properties":{"OBJECTID":676,"F_id":"node/10842180234","access":"yes","amenity":"bicycle_parking","bicycle_parking":"stands","capacity":"6","covered":null,"fee":"no","survey_date":null,"building":null,"operator":null,"motorcycle":null,"lit":null,"opening_hours":null,"smoothness":null,"supervised":null,"surface":null,"indoor":null,"check_date":null,"name":null,"mapillary":null,"source":null,"check_date_capacity":null,"panoramax":null,"description":null,"operator_type":null,"addr_street":null,"addr_city":null,"addr_housenumber":null,"fixme":null,"website":null,"wheelchair":null,"level":null,"backrest":null,"addr_postcode":null,"colour":null,"moped":null,"bike_ride":null,"location":null,"capacity_cargo_bike":null,"addr_floor":null}},{"type":"Feature","id":677,"geometry":{"type":"Point","coordinates":[7.634635400000036,45.057740500000079]},"properties":{"OBJECTID":677,"F_id":"node/10846725764","access":"yes","amenity":"bicycle_parking","bicycle_parking":"wall_loops","capacity":"8","covered":"no","fee":"no","survey_date":null,"building":null,"operator":null,"motorcycle":null,"lit":null,"opening_hours":null,"smoothness":null,"supervised":null,"surface":null,"indoor":null,"check_date":null,"name":null,"mapillary":null,"source":null,"check_date_capacity":null,"panoramax":null,"description":null,"operator_type":null,"addr_street":null,"addr_city":null,"addr_housenumber":null,"fixme":null,"website":null,"wheelchair":null,"level":null,"backrest":null,"addr_postcode":null,"colour":null,"moped":null,"bike_ride":null,"location":null,"capacity_cargo_bike":null,"addr_floor":null}},{"type":"Feature","id":678,"geometry":{"type":"Point","coordinates":[7.6386393000000226,45.058226300000058]},"properties":{"OBJECTID":678,"F_id":"node/10848373825","access":"yes","amenity":"bicycle_parking","bicycle_parking":"stands","capacity":"4","covered":"no","fee":"no","survey_date":null,"building":null,"operator":null,"motorcycle":null,"lit":null,"opening_hours":null,"smoothness":null,"supervised":null,"surface":null,"indoor":null,"check_date":null,"name":null,"mapillary":null,"source":null,"check_date_capacity":null,"panoramax":null,"description":null,"operator_type":null,"addr_street":null,"addr_city":null,"addr_housenumber":null,"fixme":null,"website":null,"wheelchair":null,"level":null,"backrest":null,"addr_postcode":null,"colour":null,"moped":null,"bike_ride":null,"location":null,"capacity_cargo_bike":null,"addr_floor":null}},{"type":"Feature","id":679,"geometry":{"type":"Point","coordinates":[7.6414360000000556,45.06108990000007]},"properties":{"OBJECTID":679,"F_id":"node/10848408078","access":"private","amenity":"bicycle_parking","bicycle_parking":"wall_loops","capacity":"4","covered":null,"fee":"no","survey_date":null,"building":null,"operator":null,"motorcycle":null,"lit":null,"opening_hours":null,"smoothness":null,"supervised":null,"surface":"asphalt","indoor":null,"check_date":null,"name":null,"mapillary":null,"source":null,"check_date_capacity":null,"panoramax":null,"description":null,"operator_type":null,"addr_street":null,"addr_city":null,"addr_housenumber":null,"fixme":null,"website":null,"wheelchair":null,"level":null,"backrest":null,"addr_postcode":null,"colour":null,"moped":null,"bike_ride":null,"location":null,"capacity_cargo_bike":null,"addr_floor":null}},{"type":"Feature","id":680,"geometry":{"type":"Point","coordinates":[7.6400993000000312,45.061675200000025]},"properties":{"OBJECTID":680,"F_id":"node/10850759982","access":"private","amenity":"bicycle_parking","bicycle_parking":"stands","capacity":"24","covered":null,"fee":null,"survey_date":null,"building":null,"operator":null,"motorcycle":null,"lit":null,"opening_hours":null,"smoothness":null,"supervised":null,"surface":null,"indoor":null,"check_date":null,"name":null,"mapillary":null,"source":null,"check_date_capacity":null,"panoramax":null,"description":null,"operator_type":null,"addr_street":null,"addr_city":null,"addr_housenumber":null,"fixme":null,"website":null,"wheelchair":null,"level":null,"backrest":null,"addr_postcode":null,"colour":null,"moped":null,"bike_ride":null,"location":null,"capacity_cargo_bike":null,"addr_floor":null}},{"type":"Feature","id":681,"geometry":{"type":"Point","coordinates":[7.6396300000000679,45.061409900000058]},"properties":{"OBJECTID":681,"F_id":"node/10850759990","access":"yes","amenity":"bicycle_parking","bicycle_parking":"stands","capacity":"2","covered":"no","fee":"no","survey_date":null,"building":null,"operator":null,"motorcycle":null,"lit":null,"opening_hours":null,"smoothness":null,"supervised":null,"surface":null,"indoor":null,"check_date":null,"name":null,"mapillary":null,"source":null,"check_date_capacity":null,"panoramax":null,"description":null,"operator_type":null,"addr_street":null,"addr_city":null,"addr_housenumber":null,"fixme":null,"website":null,"wheelchair":null,"level":null,"backrest":null,"addr_postcode":null,"colour":null,"moped":null,"bike_ride":null,"location":null,"capacity_cargo_bike":null,"addr_floor":null}},{"type":"Feature","id":682,"geometry":{"type":"Point","coordinates":[7.6397534000000746,45.061408000000029]},"properties":{"OBJECTID":682,"F_id":"node/10850759991","access":"yes","amenity":"bicycle_parking","bicycle_parking":"stands","capacity":"2","covered":"no","fee":"no","survey_date":null,"building":null,"operator":null,"motorcycle":null,"lit":null,"opening_hours":null,"smoothness":null,"supervised":null,"surface":null,"indoor":null,"check_date":null,"name":null,"mapillary":null,"source":null,"check_date_capacity":null,"panoramax":null,"description":null,"operator_type":null,"addr_street":null,"addr_city":null,"addr_housenumber":null,"fixme":null,"website":null,"wheelchair":null,"level":null,"backrest":null,"addr_postcode":null,"colour":null,"moped":null,"bike_ride":null,"location":null,"capacity_cargo_bike":null,"addr_floor":null}},{"type":"Feature","id":683,"geometry":{"type":"Point","coordinates":[7.6481672000000458,45.061129700000038]},"properties":{"OBJECTID":683,"F_id":"node/10852570101","access":"yes","amenity":"bicycle_parking","bicycle_parking":"stands","capacity":"8","covered":null,"fee":"no","survey_date":null,"building":null,"operator":null,"motorcycle":null,"lit":null,"opening_hours":null,"smoothness":null,"supervised":null,"surface":null,"indoor":null,"check_date":null,"name":null,"mapillary":null,"source":null,"check_date_capacity":null,"panoramax":null,"description":null,"operator_type":null,"addr_street":null,"addr_city":null,"addr_housenumber":null,"fixme":null,"website":null,"wheelchair":null,"level":null,"backrest":null,"addr_postcode":null,"colour":null,"moped":null,"bike_ride":null,"location":null,"capacity_cargo_bike":null,"addr_floor":null}},{"type":"Feature","id":684,"geometry":{"type":"Point","coordinates":[7.644657900000027,45.060417900000061]},"properties":{"OBJECTID":684,"F_id":"node/10852570102","access":"yes","amenity":"bicycle_parking","bicycle_parking":"stands","capacity":"8","covered":"no","fee":"no","survey_date":null,"building":null,"operator":null,"motorcycle":null,"lit":null,"opening_hours":null,"smoothness":null,"supervised":null,"surface":null,"indoor":null,"check_date":null,"name":null,"mapillary":null,"source":null,"check_date_capacity":null,"panoramax":null,"description":null,"operator_type":null,"addr_street":null,"addr_city":null,"addr_housenumber":null,"fixme":null,"website":null,"wheelchair":null,"level":null,"backrest":null,"addr_postcode":null,"colour":null,"moped":null,"bike_ride":null,"location":null,"capacity_cargo_bike":null,"addr_floor":null}},{"type":"Feature","id":685,"geometry":{"type":"Point","coordinates":[7.6456716000000711,45.060826800000029]},"properties":{"OBJECTID":685,"F_id":"node/10852570103","access":"yes","amenity":"bicycle_parking","bicycle_parking":"stands","capacity":"8","covered":null,"fee":"no","survey_date":null,"building":null,"operator":null,"motorcycle":null,"lit":null,"opening_hours":null,"smoothness":null,"supervised":null,"surface":null,"indoor":null,"check_date":null,"name":null,"mapillary":null,"source":null,"check_date_capacity":null,"panoramax":null,"description":null,"operator_type":null,"addr_street":null,"addr_city":null,"addr_housenumber":null,"fixme":null,"website":null,"wheelchair":null,"level":null,"backrest":null,"addr_postcode":null,"colour":null,"moped":null,"bike_ride":null,"location":null,"capacity_cargo_bike":null,"addr_floor":null}},{"type":"Feature","id":686,"geometry":{"type":"Point","coordinates":[7.6416307000000643,45.064688700000033]},"properties":{"OBJECTID":686,"F_id":"node/10852593711","access":"yes","amenity":"bicycle_parking","bicycle_parking":"stands","capacity":"8","covered":"no","fee":"no","survey_date":null,"building":null,"operator":null,"motorcycle":null,"lit":null,"opening_hours":null,"smoothness":null,"supervised":null,"surface":null,"indoor":null,"check_date":null,"name":null,"mapillary":null,"source":null,"check_date_capacity":null,"panoramax":null,"description":null,"operator_type":null,"addr_street":null,"addr_city":null,"addr_housenumber":null,"fixme":null,"website":null,"wheelchair":null,"level":null,"backrest":null,"addr_postcode":null,"colour":null,"moped":null,"bike_ride":null,"location":null,"capacity_cargo_bike":null,"addr_floor":null}},{"type":"Feature","id":687,"geometry":{"type":"Point","coordinates":[7.6400756000000456,45.064736200000027]},"properties":{"OBJECTID":687,"F_id":"node/10852593712","access":"yes","amenity":"bicycle_parking","bicycle_parking":"stands","capacity":"8","covered":null,"fee":"no","survey_date":null,"building":null,"operator":null,"motorcycle":null,"lit":null,"opening_hours":null,"smoothness":null,"supervised":null,"surface":null,"indoor":null,"check_date":null,"name":null,"mapillary":null,"source":null,"check_date_capacity":null,"panoramax":null,"description":null,"operator_type":null,"addr_street":null,"addr_city":null,"addr_housenumber":null,"fixme":null,"website":null,"wheelchair":null,"level":null,"backrest":null,"addr_postcode":null,"colour":null,"moped":null,"bike_ride":null,"location":null,"capacity_cargo_bike":null,"addr_floor":null}},{"type":"Feature","id":688,"geometry":{"type":"Point","coordinates":[7.6410083000000668,45.064355100000057]},"properties":{"OBJECTID":688,"F_id":"node/10852593713","access":"yes","amenity":"bicycle_parking","bicycle_parking":"stands","capacity":"4","covered":null,"fee":"no","survey_date":null,"building":null,"operator":null,"motorcycle":null,"lit":null,"opening_hours":null,"smoothness":null,"supervised":null,"surface":null,"indoor":null,"check_date":null,"name":null,"mapillary":null,"source":null,"check_date_capacity":null,"panoramax":null,"description":null,"operator_type":null,"addr_street":null,"addr_city":null,"addr_housenumber":null,"fixme":null,"website":null,"wheelchair":null,"level":null,"backrest":null,"addr_postcode":null,"colour":null,"moped":null,"bike_ride":null,"location":null,"capacity_cargo_bike":null,"addr_floor":null}},{"type":"Feature","id":689,"geometry":{"type":"Point","coordinates":[7.6380859000000214,45.061575000000062]},"properties":{"OBJECTID":689,"F_id":"node/10852593727","access":"yes","amenity":"bicycle_parking","bicycle_parking":"stands","capacity":"8","covered":"no","fee":"no","survey_date":null,"building":null,"operator":null,"motorcycle":null,"lit":null,"opening_hours":null,"smoothness":null,"supervised":null,"surface":null,"indoor":null,"check_date":null,"name":null,"mapillary":null,"source":null,"check_date_capacity":null,"panoramax":null,"description":null,"operator_type":null,"addr_street":null,"addr_city":null,"addr_housenumber":null,"fixme":null,"website":null,"wheelchair":null,"level":null,"backrest":null,"addr_postcode":null,"colour":null,"moped":null,"bike_ride":null,"location":null,"capacity_cargo_bike":null,"addr_floor":null}},{"type":"Feature","id":691,"geometry":{"type":"Point","coordinates":[7.6543869000000768,45.059617600000081]},"properties":{"OBJECTID":691,"F_id":"node/10853204514","access":"yes","amenity":"bicycle_parking","bicycle_parking":"stands","capacity":"8","covered":"no","fee":"no","survey_date":null,"building":null,"operator":null,"motorcycle":null,"lit":null,"opening_hours":null,"smoothness":null,"supervised":null,"surface":null,"indoor":null,"check_date":null,"name":null,"mapillary":null,"source":null,"check_date_capacity":null,"panoramax":null,"description":null,"operator_type":null,"addr_street":null,"addr_city":null,"addr_housenumber":null,"fixme":null,"website":null,"wheelchair":null,"level":null,"backrest":null,"addr_postcode":null,"colour":null,"moped":null,"bike_ride":null,"location":null,"capacity_cargo_bike":null,"addr_floor":null}},{"type":"Feature","id":692,"geometry":{"type":"Point","coordinates":[7.6337305000000697,45.049078700000052]},"properties":{"OBJECTID":692,"F_id":"node/10864236934","access":"yes","amenity":"bicycle_parking","bicycle_parking":"stands","capacity":"6","covered":null,"fee":"no","survey_date":null,"building":null,"operator":null,"motorcycle":null,"lit":null,"opening_hours":null,"smoothness":null,"supervised":null,"surface":null,"indoor":null,"check_date":null,"name":null,"mapillary":null,"source":null,"check_date_capacity":null,"panoramax":null,"description":null,"operator_type":null,"addr_street":null,"addr_city":null,"addr_housenumber":null,"fixme":null,"website":null,"wheelchair":null,"level":null,"backrest":null,"addr_postcode":null,"colour":null,"moped":null,"bike_ride":null,"location":null,"capacity_cargo_bike":null,"addr_floor":null}},{"type":"Feature","id":693,"geometry":{"type":"Point","coordinates":[7.6313674000000447,45.046664400000054]},"properties":{"OBJECTID":693,"F_id":"node/10864236935","access":"yes","amenity":"bicycle_parking","bicycle_parking":"stands","capacity":"6","covered":"no","fee":"no","survey_date":null,"building":null,"operator":null,"motorcycle":null,"lit":null,"opening_hours":null,"smoothness":null,"supervised":null,"surface":null,"indoor":null,"check_date":null,"name":null,"mapillary":null,"source":null,"check_date_capacity":null,"panoramax":null,"description":null,"operator_type":null,"addr_street":null,"addr_city":null,"addr_housenumber":null,"fixme":null,"website":null,"wheelchair":null,"level":null,"backrest":null,"addr_postcode":null,"colour":null,"moped":null,"bike_ride":null,"location":null,"capacity_cargo_bike":null,"addr_floor":null}},{"type":"Feature","id":694,"geometry":{"type":"Point","coordinates":[7.6296857000000387,45.047384500000078]},"properties":{"OBJECTID":694,"F_id":"node/10864236936","access":"yes","amenity":"bicycle_parking","bicycle_parking":"stands","capacity":"4","covered":null,"fee":"no","survey_date":null,"building":null,"operator":null,"motorcycle":null,"lit":null,"opening_hours":null,"smoothness":null,"supervised":null,"surface":null,"indoor":null,"check_date":null,"name":null,"mapillary":null,"source":null,"check_date_capacity":null,"panoramax":null,"description":null,"operator_type":null,"addr_street":null,"addr_city":null,"addr_housenumber":null,"fixme":null,"website":null,"wheelchair":null,"level":null,"backrest":null,"addr_postcode":null,"colour":null,"moped":null,"bike_ride":null,"location":null,"capacity_cargo_bike":null,"addr_floor":null}},{"type":"Feature","id":698,"geometry":{"type":"Point","coordinates":[7.6319227000000751,45.060910700000079]},"properties":{"OBJECTID":698,"F_id":"node/10871415399","access":"yes","amenity":"bicycle_parking","bicycle_parking":"stands","capacity":"8","covered":"no","fee":"no","survey_date":null,"building":null,"operator":null,"motorcycle":null,"lit":null,"opening_hours":null,"smoothness":null,"supervised":null,"surface":null,"indoor":null,"check_date":null,"name":null,"mapillary":null,"source":null,"check_date_capacity":null,"panoramax":null,"description":null,"operator_type":null,"addr_street":null,"addr_city":null,"addr_housenumber":null,"fixme":null,"website":null,"wheelchair":null,"level":null,"backrest":null,"addr_postcode":null,"colour":null,"moped":null,"bike_ride":null,"location":null,"capacity_cargo_bike":null,"addr_floor":null}},{"type":"Feature","id":699,"geometry":{"type":"Point","coordinates":[7.6343393000000219,45.057777900000076]},"properties":{"OBJECTID":699,"F_id":"node/10871415400","access":"yes","amenity":"bicycle_parking","bicycle_parking":"stands","capacity":"8","covered":"no","fee":"no","survey_date":null,"building":null,"operator":null,"motorcycle":null,"lit":null,"opening_hours":null,"smoothness":null,"supervised":null,"surface":null,"indoor":null,"check_date":null,"name":null,"mapillary":null,"source":null,"check_date_capacity":null,"panoramax":null,"description":null,"operator_type":null,"addr_street":null,"addr_city":null,"addr_housenumber":null,"fixme":null,"website":null,"wheelchair":null,"level":null,"backrest":null,"addr_postcode":null,"colour":null,"moped":null,"bike_ride":null,"location":null,"capacity_cargo_bike":null,"addr_floor":null}},{"type":"Feature","id":705,"geometry":{"type":"Point","coordinates":[7.6326777000000448,45.051556800000071]},"properties":{"OBJECTID":705,"F_id":"node/10873504947","access":"yes","amenity":"bicycle_parking","bicycle_parking":"stands","capacity":"6","covered":null,"fee":"no","survey_date":null,"building":null,"operator":null,"motorcycle":null,"lit":null,"opening_hours":null,"smoothness":null,"supervised":null,"surface":null,"indoor":null,"check_date":null,"name":null,"mapillary":null,"source":null,"check_date_capacity":null,"panoramax":null,"description":null,"operator_type":null,"addr_street":null,"addr_city":null,"addr_housenumber":null,"fixme":null,"website":null,"wheelchair":null,"level":null,"backrest":null,"addr_postcode":null,"colour":null,"moped":null,"bike_ride":null,"location":null,"capacity_cargo_bike":null,"addr_floor":null}},{"type":"Feature","id":706,"geometry":{"type":"Point","coordinates":[7.6484612000000425,45.054739600000062]},"properties":{"OBJECTID":706,"F_id":"node/10873504948","access":"yes","amenity":"bicycle_parking","bicycle_parking":"stands","capacity":"4","covered":null,"fee":"no","survey_date":null,"building":null,"operator":null,"motorcycle":null,"lit":null,"opening_hours":null,"smoothness":null,"supervised":null,"surface":null,"indoor":null,"check_date":null,"name":null,"mapillary":null,"source":null,"check_date_capacity":null,"panoramax":null,"description":null,"operator_type":null,"addr_street":null,"addr_city":null,"addr_housenumber":null,"fixme":null,"website":null,"wheelchair":null,"level":null,"backrest":null,"addr_postcode":null,"colour":null,"moped":null,"bike_ride":null,"location":null,"capacity_cargo_bike":null,"addr_floor":null}},{"type":"Feature","id":707,"geometry":{"type":"Point","coordinates":[7.6491458000000421,45.055086900000049]},"properties":{"OBJECTID":707,"F_id":"node/10873504949","access":"yes","amenity":"bicycle_parking","bicycle_parking":"stands","capacity":"8","covered":"no","fee":"no","survey_date":null,"building":null,"operator":null,"motorcycle":null,"lit":null,"opening_hours":null,"smoothness":null,"supervised":null,"surface":null,"indoor":null,"check_date":null,"name":null,"mapillary":null,"source":null,"check_date_capacity":null,"panoramax":null,"description":null,"operator_type":null,"addr_street":null,"addr_city":null,"addr_housenumber":null,"fixme":null,"website":null,"wheelchair":null,"level":null,"backrest":null,"addr_postcode":null,"colour":null,"moped":null,"bike_ride":null,"location":null,"capacity_cargo_bike":null,"addr_floor":null}},{"type":"Feature","id":708,"geometry":{"type":"Point","coordinates":[7.6495817000000557,45.055044700000053]},"properties":{"OBJECTID":708,"F_id":"node/10873504950","access":"yes","amenity":"bicycle_parking","bicycle_parking":"stands","capacity":"4","covered":"no","fee":"no","survey_date":null,"building":null,"operator":null,"motorcycle":null,"lit":null,"opening_hours":null,"smoothness":null,"supervised":null,"surface":null,"indoor":null,"check_date":null,"name":null,"mapillary":null,"source":null,"check_date_capacity":null,"panoramax":null,"description":null,"operator_type":null,"addr_street":null,"addr_city":null,"addr_housenumber":null,"fixme":null,"website":null,"wheelchair":null,"level":null,"backrest":null,"addr_postcode":null,"colour":null,"moped":null,"bike_ride":null,"location":null,"capacity_cargo_bike":null,"addr_floor":null}},{"type":"Feature","id":709,"geometry":{"type":"Point","coordinates":[7.6796982000000753,45.092863000000079]},"properties":{"OBJECTID":709,"F_id":"node/10873504951","access":"yes","amenity":"bicycle_parking","bicycle_parking":"stands","capacity":"8","covered":null,"fee":"no","survey_date":null,"building":null,"operator":null,"motorcycle":null,"lit":null,"opening_hours":null,"smoothness":null,"supervised":null,"surface":null,"indoor":null,"check_date":null,"name":null,"mapillary":null,"source":null,"check_date_capacity":null,"panoramax":null,"description":null,"operator_type":null,"addr_street":null,"addr_city":null,"addr_housenumber":null,"fixme":null,"website":null,"wheelchair":null,"level":null,"backrest":null,"addr_postcode":null,"colour":null,"moped":null,"bike_ride":null,"location":null,"capacity_cargo_bike":null,"addr_floor":null}},{"type":"Feature","id":710,"geometry":{"type":"Point","coordinates":[7.6911727000000383,45.101941300000078]},"properties":{"OBJECTID":710,"F_id":"node/10873504962","access":"yes","amenity":"bicycle_parking","bicycle_parking":"stands","capacity":"4","covered":null,"fee":"no","survey_date":null,"building":null,"operator":null,"motorcycle":null,"lit":null,"opening_hours":null,"smoothness":null,"supervised":null,"surface":null,"indoor":null,"check_date":null,"name":null,"mapillary":null,"source":null,"check_date_capacity":null,"panoramax":null,"description":null,"operator_type":null,"addr_street":null,"addr_city":null,"addr_housenumber":null,"fixme":null,"website":null,"wheelchair":null,"level":null,"backrest":null,"addr_postcode":null,"colour":null,"moped":null,"bike_ride":null,"location":null,"capacity_cargo_bike":null,"addr_floor":null}},{"type":"Feature","id":711,"geometry":{"type":"Point","coordinates":[7.679097400000046,45.091359500000067]},"properties":{"OBJECTID":711,"F_id":"node/10873504963","access":"yes","amenity":"bicycle_parking","bicycle_parking":"stands","capacity":"8","covered":null,"fee":"no","survey_date":null,"building":null,"operator":null,"motorcycle":null,"lit":null,"opening_hours":null,"smoothness":null,"supervised":null,"surface":null,"indoor":null,"check_date":null,"name":null,"mapillary":null,"source":null,"check_date_capacity":null,"panoramax":null,"description":null,"operator_type":null,"addr_street":null,"addr_city":null,"addr_housenumber":null,"fixme":null,"website":null,"wheelchair":null,"level":null,"backrest":null,"addr_postcode":null,"colour":null,"moped":null,"bike_ride":null,"location":null,"capacity_cargo_bike":null,"addr_floor":null}},{"type":"Feature","id":712,"geometry":{"type":"Point","coordinates":[7.6742969000000585,45.08456110000003]},"properties":{"OBJECTID":712,"F_id":"node/10873504964","access":"yes","amenity":"bicycle_parking","bicycle_parking":"stands","capacity":"8","covered":null,"fee":"no","survey_date":null,"building":null,"operator":null,"motorcycle":null,"lit":null,"opening_hours":null,"smoothness":null,"supervised":null,"surface":null,"indoor":null,"check_date":null,"name":null,"mapillary":null,"source":null,"check_date_capacity":null,"panoramax":null,"description":null,"operator_type":null,"addr_street":null,"addr_city":null,"addr_housenumber":null,"fixme":null,"website":null,"wheelchair":null,"level":null,"backrest":null,"addr_postcode":null,"colour":null,"moped":null,"bike_ride":null,"location":null,"capacity_cargo_bike":null,"addr_floor":null}},{"type":"Feature","id":713,"geometry":{"type":"Point","coordinates":[7.6721159000000512,45.081557000000032]},"properties":{"OBJECTID":713,"F_id":"node/10873504965","access":"yes","amenity":"bicycle_parking","bicycle_parking":"stands","capacity":"6","covered":null,"fee":"no","survey_date":null,"building":null,"operator":null,"motorcycle":null,"lit":null,"opening_hours":null,"smoothness":null,"supervised":null,"surface":null,"indoor":null,"check_date":null,"name":null,"mapillary":null,"source":null,"check_date_capacity":null,"panoramax":null,"description":null,"operator_type":null,"addr_street":null,"addr_city":null,"addr_housenumber":null,"fixme":null,"website":null,"wheelchair":null,"level":null,"backrest":null,"addr_postcode":null,"colour":null,"moped":null,"bike_ride":null,"location":null,"capacity_cargo_bike":null,"addr_floor":null}},{"type":"Feature","id":714,"geometry":{"type":"Point","coordinates":[7.6692570000000728,45.078010100000029]},"properties":{"OBJECTID":714,"F_id":"node/10873504966","access":"yes","amenity":"bicycle_parking","bicycle_parking":"stands","capacity":"4","covered":"no","fee":"no","survey_date":null,"building":null,"operator":null,"motorcycle":null,"lit":null,"opening_hours":null,"smoothness":null,"supervised":null,"surface":null,"indoor":null,"check_date":null,"name":null,"mapillary":null,"source":null,"check_date_capacity":null,"panoramax":null,"description":null,"operator_type":null,"addr_street":null,"addr_city":null,"addr_housenumber":null,"fixme":null,"website":null,"wheelchair":null,"level":null,"backrest":null,"addr_postcode":null,"colour":null,"moped":null,"bike_ride":null,"location":null,"capacity_cargo_bike":null,"addr_floor":null}},{"type":"Feature","id":715,"geometry":{"type":"Point","coordinates":[7.6695057000000588,45.077188100000058]},"properties":{"OBJECTID":715,"F_id":"node/10873504967","access":"yes","amenity":"bicycle_parking","bicycle_parking":"stands","capacity":"4","covered":"no","fee":"no","survey_date":null,"building":null,"operator":null,"motorcycle":null,"lit":null,"opening_hours":null,"smoothness":null,"supervised":null,"surface":null,"indoor":null,"check_date":null,"name":null,"mapillary":null,"source":null,"check_date_capacity":null,"panoramax":null,"description":null,"operator_type":null,"addr_street":null,"addr_city":null,"addr_housenumber":null,"fixme":null,"website":null,"wheelchair":null,"level":null,"backrest":null,"addr_postcode":null,"colour":null,"moped":null,"bike_ride":null,"location":null,"capacity_cargo_bike":null,"addr_floor":null}},{"type":"Feature","id":716,"geometry":{"type":"Point","coordinates":[7.6642252000000326,45.069736900000066]},"properties":{"OBJECTID":716,"F_id":"node/10873504969","access":"yes","amenity":"bicycle_parking","bicycle_parking":"stands","capacity":"8","covered":null,"fee":"no","survey_date":null,"building":null,"operator":null,"motorcycle":null,"lit":null,"opening_hours":null,"smoothness":null,"supervised":null,"surface":null,"indoor":null,"check_date":null,"name":null,"mapillary":null,"source":null,"check_date_capacity":null,"panoramax":null,"description":null,"operator_type":null,"addr_street":null,"addr_city":null,"addr_housenumber":null,"fixme":null,"website":null,"wheelchair":null,"level":null,"backrest":null,"addr_postcode":null,"colour":null,"moped":null,"bike_ride":null,"location":null,"capacity_cargo_bike":null,"addr_floor":null}},{"type":"Feature","id":717,"geometry":{"type":"Point","coordinates":[7.6635110000000282,45.068716300000062]},"properties":{"OBJECTID":717,"F_id":"node/10873504970","access":"yes","amenity":"bicycle_parking","bicycle_parking":"stands","capacity":"8","covered":"no","fee":"no","survey_date":null,"building":null,"operator":null,"motorcycle":null,"lit":null,"opening_hours":null,"smoothness":null,"supervised":null,"surface":null,"indoor":null,"check_date":null,"name":null,"mapillary":null,"source":null,"check_date_capacity":null,"panoramax":null,"description":null,"operator_type":null,"addr_street":null,"addr_city":null,"addr_housenumber":null,"fixme":null,"website":null,"wheelchair":null,"level":null,"backrest":null,"addr_postcode":null,"colour":null,"moped":null,"bike_ride":null,"location":null,"capacity_cargo_bike":null,"addr_floor":null}},{"type":"Feature","id":718,"geometry":{"type":"Point","coordinates":[7.6625320000000556,45.066841400000044]},"properties":{"OBJECTID":718,"F_id":"node/10873504971","access":"yes","amenity":"bicycle_parking","bicycle_parking":"stands","capacity":"12","covered":null,"fee":"no","survey_date":null,"building":null,"operator":null,"motorcycle":null,"lit":null,"opening_hours":null,"smoothness":null,"supervised":null,"surface":null,"indoor":null,"check_date":null,"name":null,"mapillary":null,"source":null,"check_date_capacity":null,"panoramax":null,"description":null,"operator_type":null,"addr_street":null,"addr_city":null,"addr_housenumber":null,"fixme":null,"website":null,"wheelchair":null,"level":null,"backrest":null,"addr_postcode":null,"colour":null,"moped":null,"bike_ride":null,"location":null,"capacity_cargo_bike":null,"addr_floor":null}},{"type":"Feature","id":719,"geometry":{"type":"Point","coordinates":[7.6569262000000435,45.061592700000062]},"properties":{"OBJECTID":719,"F_id":"node/10873504973","access":"yes","amenity":"bicycle_parking","bicycle_parking":"stands","capacity":"2","covered":"no","fee":"no","survey_date":null,"building":null,"operator":null,"motorcycle":null,"lit":null,"opening_hours":null,"smoothness":null,"supervised":null,"surface":null,"indoor":null,"check_date":null,"name":null,"mapillary":null,"source":null,"check_date_capacity":null,"panoramax":null,"description":null,"operator_type":null,"addr_street":null,"addr_city":null,"addr_housenumber":null,"fixme":null,"website":null,"wheelchair":null,"level":null,"backrest":null,"addr_postcode":null,"colour":null,"moped":null,"bike_ride":null,"location":null,"capacity_cargo_bike":null,"addr_floor":null}},{"type":"Feature","id":720,"geometry":{"type":"Point","coordinates":[7.6520553000000291,45.06005330000005]},"properties":{"OBJECTID":720,"F_id":"node/10873504974","access":"yes","amenity":"bicycle_parking","bicycle_parking":"stands","capacity":"4","covered":"no","fee":"no","survey_date":null,"building":null,"operator":null,"motorcycle":null,"lit":null,"opening_hours":null,"smoothness":null,"supervised":null,"surface":null,"indoor":null,"check_date":null,"name":null,"mapillary":null,"source":null,"check_date_capacity":null,"panoramax":null,"description":null,"operator_type":null,"addr_street":null,"addr_city":null,"addr_housenumber":null,"fixme":null,"website":null,"wheelchair":null,"level":null,"backrest":null,"addr_postcode":null,"colour":null,"moped":null,"bike_ride":null,"location":null,"capacity_cargo_bike":null,"addr_floor":null}},{"type":"Feature","id":721,"geometry":{"type":"Point","coordinates":[7.6365200000000755,45.061541500000033]},"properties":{"OBJECTID":721,"F_id":"node/10873504975","access":null,"amenity":"bicycle_parking","bicycle_parking":"stands","capacity":"8","covered":null,"fee":null,"survey_date":null,"building":null,"operator":null,"motorcycle":null,"lit":null,"opening_hours":null,"smoothness":null,"supervised":null,"surface":null,"indoor":null,"check_date":null,"name":null,"mapillary":null,"source":null,"check_date_capacity":null,"panoramax":null,"description":null,"operator_type":null,"addr_street":null,"addr_city":null,"addr_housenumber":null,"fixme":null,"website":null,"wheelchair":null,"level":null,"backrest":null,"addr_postcode":null,"colour":null,"moped":null,"bike_ride":null,"location":null,"capacity_cargo_bike":null,"addr_floor":null}},{"type":"Feature","id":722,"geometry":{"type":"Point","coordinates":[7.6346860000000447,45.061217600000077]},"properties":{"OBJECTID":722,"F_id":"node/10873504976","access":"yes","amenity":"bicycle_parking","bicycle_parking":"stands","capacity":"4","covered":"no","fee":"no","survey_date":null,"building":null,"operator":null,"motorcycle":null,"lit":null,"opening_hours":null,"smoothness":null,"supervised":null,"surface":null,"indoor":null,"check_date":null,"name":null,"mapillary":null,"source":null,"check_date_capacity":null,"panoramax":null,"description":null,"operator_type":null,"addr_street":null,"addr_city":null,"addr_housenumber":null,"fixme":null,"website":null,"wheelchair":null,"level":null,"backrest":null,"addr_postcode":null,"colour":null,"moped":null,"bike_ride":null,"location":null,"capacity_cargo_bike":null,"addr_floor":null}},{"type":"Feature","id":723,"geometry":{"type":"Point","coordinates":[7.6346371000000204,45.058588800000052]},"properties":{"OBJECTID":723,"F_id":"node/10873504985","access":"yes","amenity":"bicycle_parking","bicycle_parking":"stands","capacity":"6","covered":"no","fee":"no","survey_date":null,"building":null,"operator":null,"motorcycle":null,"lit":null,"opening_hours":null,"smoothness":null,"supervised":null,"surface":null,"indoor":null,"check_date":null,"name":null,"mapillary":null,"source":null,"check_date_capacity":null,"panoramax":null,"description":null,"operator_type":null,"addr_street":null,"addr_city":null,"addr_housenumber":null,"fixme":null,"website":null,"wheelchair":null,"level":null,"backrest":null,"addr_postcode":null,"colour":null,"moped":null,"bike_ride":null,"location":null,"capacity_cargo_bike":null,"addr_floor":null}},{"type":"Feature","id":724,"geometry":{"type":"Point","coordinates":[7.6345874000000435,45.058588800000052]},"properties":{"OBJECTID":724,"F_id":"node/10873504986","access":"yes","amenity":"bicycle_parking","bicycle_parking":"stands","capacity":"6","covered":"no","fee":"no","survey_date":null,"building":null,"operator":null,"motorcycle":null,"lit":null,"opening_hours":null,"smoothness":null,"supervised":null,"surface":null,"indoor":null,"check_date":null,"name":null,"mapillary":null,"source":null,"check_date_capacity":null,"panoramax":null,"description":null,"operator_type":null,"addr_street":null,"addr_city":null,"addr_housenumber":null,"fixme":null,"website":null,"wheelchair":null,"level":null,"backrest":null,"addr_postcode":null,"colour":null,"moped":null,"bike_ride":null,"location":null,"capacity_cargo_bike":null,"addr_floor":null}},{"type":"Feature","id":726,"geometry":{"type":"Point","coordinates":[7.6695044000000507,45.077110400000038]},"properties":{"OBJECTID":726,"F_id":"node/10874232260","access":"yes","amenity":"bicycle_parking","bicycle_parking":"stands","capacity":"8","covered":"no","fee":"no","survey_date":null,"building":null,"operator":null,"motorcycle":null,"lit":null,"opening_hours":null,"smoothness":null,"supervised":null,"surface":null,"indoor":null,"check_date":null,"name":null,"mapillary":null,"source":null,"check_date_capacity":null,"panoramax":null,"description":null,"operator_type":null,"addr_street":null,"addr_city":null,"addr_housenumber":null,"fixme":null,"website":null,"wheelchair":null,"level":null,"backrest":null,"addr_postcode":null,"colour":null,"moped":null,"bike_ride":null,"location":null,"capacity_cargo_bike":null,"addr_floor":null}},{"type":"Feature","id":729,"geometry":{"type":"Point","coordinates":[7.6791546000000608,45.075524200000075]},"properties":{"OBJECTID":729,"F_id":"node/10883132771","access":"yes","amenity":"bicycle_parking","bicycle_parking":"stands","capacity":null,"covered":"no","fee":"no","survey_date":null,"building":null,"operator":null,"motorcycle":null,"lit":null,"opening_hours":null,"smoothness":null,"supervised":null,"surface":null,"indoor":null,"check_date":null,"name":null,"mapillary":null,"source":null,"check_date_capacity":null,"panoramax":null,"description":null,"operator_type":null,"addr_street":null,"addr_city":null,"addr_housenumber":null,"fixme":null,"website":null,"wheelchair":null,"level":null,"backrest":null,"addr_postcode":null,"colour":null,"moped":null,"bike_ride":null,"location":null,"capacity_cargo_bike":null,"addr_floor":null}},{"type":"Feature","id":730,"geometry":{"type":"Point","coordinates":[7.6843017000000486,45.062925600000028]},"properties":{"OBJECTID":730,"F_id":"node/10884404308","access":"yes","amenity":"bicycle_parking","bicycle_parking":"wide_stands","capacity":"10","covered":"no","fee":"no","survey_date":null,"building":null,"operator":null,"motorcycle":null,"lit":null,"opening_hours":null,"smoothness":null,"supervised":null,"surface":null,"indoor":null,"check_date":null,"name":null,"mapillary":null,"source":null,"check_date_capacity":null,"panoramax":null,"description":null,"operator_type":null,"addr_street":null,"addr_city":null,"addr_housenumber":null,"fixme":null,"website":null,"wheelchair":null,"level":null,"backrest":null,"addr_postcode":null,"colour":null,"moped":null,"bike_ride":null,"location":null,"capacity_cargo_bike":null,"addr_floor":null}},{"type":"Feature","id":743,"geometry":{"type":"Point","coordinates":[7.6451591000000576,45.073250600000051]},"properties":{"OBJECTID":743,"F_id":"node/10901383359","access":"private","amenity":"bicycle_parking","bicycle_parking":"stands","capacity":"10","covered":"no","fee":"no","survey_date":null,"building":null,"operator":null,"motorcycle":null,"lit":null,"opening_hours":null,"smoothness":null,"supervised":null,"surface":null,"indoor":null,"check_date":null,"name":null,"mapillary":null,"source":null,"check_date_capacity":null,"panoramax":null,"description":null,"operator_type":null,"addr_street":null,"addr_city":null,"addr_housenumber":null,"fixme":null,"website":null,"wheelchair":null,"level":null,"backrest":null,"addr_postcode":null,"colour":null,"moped":null,"bike_ride":null,"location":null,"capacity_cargo_bike":null,"addr_floor":null}},{"type":"Feature","id":746,"geometry":{"type":"Point","coordinates":[7.6340275000000588,45.046372600000041]},"properties":{"OBJECTID":746,"F_id":"node/10904588369","access":"yes","amenity":"bicycle_parking","bicycle_parking":"stands","capacity":"6","covered":"no","fee":"no","survey_date":null,"building":null,"operator":null,"motorcycle":null,"lit":null,"opening_hours":null,"smoothness":null,"supervised":null,"surface":null,"indoor":null,"check_date":null,"name":null,"mapillary":null,"source":null,"check_date_capacity":null,"panoramax":null,"description":null,"operator_type":null,"addr_street":null,"addr_city":null,"addr_housenumber":null,"fixme":null,"website":null,"wheelchair":null,"level":null,"backrest":null,"addr_postcode":null,"colour":null,"moped":null,"bike_ride":null,"location":null,"capacity_cargo_bike":null,"addr_floor":null}},{"type":"Feature","id":750,"geometry":{"type":"Point","coordinates":[7.6357783000000268,45.048447600000031]},"properties":{"OBJECTID":750,"F_id":"node/10904635285","access":"yes","amenity":"bicycle_parking","bicycle_parking":"stands","capacity":"6","covered":null,"fee":"no","survey_date":null,"building":null,"operator":null,"motorcycle":null,"lit":null,"opening_hours":null,"smoothness":null,"supervised":null,"surface":null,"indoor":null,"check_date":null,"name":null,"mapillary":null,"source":null,"check_date_capacity":null,"panoramax":null,"description":null,"operator_type":null,"addr_street":null,"addr_city":null,"addr_housenumber":null,"fixme":null,"website":null,"wheelchair":null,"level":null,"backrest":null,"addr_postcode":null,"colour":null,"moped":null,"bike_ride":null,"location":null,"capacity_cargo_bike":null,"addr_floor":null}},{"type":"Feature","id":752,"geometry":{"type":"Point","coordinates":[7.6387569000000326,45.029255600000056]},"properties":{"OBJECTID":752,"F_id":"node/10911706715","access":"yes","amenity":"bicycle_parking","bicycle_parking":"stands","capacity":"8","covered":null,"fee":"no","survey_date":null,"building":null,"operator":null,"motorcycle":null,"lit":null,"opening_hours":null,"smoothness":null,"supervised":null,"surface":null,"indoor":null,"check_date":null,"name":null,"mapillary":null,"source":null,"check_date_capacity":null,"panoramax":null,"description":null,"operator_type":null,"addr_street":null,"addr_city":null,"addr_housenumber":null,"fixme":null,"website":null,"wheelchair":null,"level":null,"backrest":null,"addr_postcode":null,"colour":null,"moped":null,"bike_ride":null,"location":null,"capacity_cargo_bike":null,"addr_floor":null}},{"type":"Feature","id":760,"geometry":{"type":"Point","coordinates":[7.6760534000000575,45.073610900000062]},"properties":{"OBJECTID":760,"F_id":"node/10951467161","access":"yes","amenity":"bicycle_parking","bicycle_parking":"stands","capacity":"10","covered":"no","fee":null,"survey_date":null,"building":null,"operator":null,"motorcycle":null,"lit":null,"opening_hours":null,"smoothness":null,"supervised":null,"surface":null,"indoor":null,"check_date":null,"name":null,"mapillary":null,"source":null,"check_date_capacity":null,"panoramax":null,"description":null,"operator_type":null,"addr_street":null,"addr_city":null,"addr_housenumber":null,"fixme":null,"website":null,"wheelchair":null,"level":null,"backrest":null,"addr_postcode":null,"colour":null,"moped":null,"bike_ride":null,"location":null,"capacity_cargo_bike":null,"addr_floor":null}},{"type":"Feature","id":761,"geometry":{"type":"Point","coordinates":[7.6758202000000324,45.073689900000034]},"properties":{"OBJECTID":761,"F_id":"node/10951467173","access":"yes","amenity":"bicycle_parking","bicycle_parking":"stands","capacity":"10","covered":"no","fee":null,"survey_date":null,"building":null,"operator":null,"motorcycle":null,"lit":null,"opening_hours":null,"smoothness":null,"supervised":null,"surface":null,"indoor":null,"check_date":null,"name":null,"mapillary":null,"source":null,"check_date_capacity":null,"panoramax":null,"description":null,"operator_type":null,"addr_street":null,"addr_city":null,"addr_housenumber":null,"fixme":null,"website":null,"wheelchair":null,"level":null,"backrest":null,"addr_postcode":null,"colour":null,"moped":null,"bike_ride":null,"location":null,"capacity_cargo_bike":null,"addr_floor":null}},{"type":"Feature","id":762,"geometry":{"type":"Point","coordinates":[7.6666494000000398,45.073181000000034]},"properties":{"OBJECTID":762,"F_id":"node/10959344809","access":"yes","amenity":"bicycle_parking","bicycle_parking":"stands","capacity":"5","covered":"no","fee":"no","survey_date":null,"building":null,"operator":null,"motorcycle":null,"lit":null,"opening_hours":null,"smoothness":null,"supervised":null,"surface":null,"indoor":null,"check_date":null,"name":null,"mapillary":null,"source":null,"check_date_capacity":null,"panoramax":null,"description":null,"operator_type":null,"addr_street":null,"addr_city":null,"addr_housenumber":null,"fixme":null,"website":null,"wheelchair":null,"level":null,"backrest":null,"addr_postcode":null,"colour":null,"moped":null,"bike_ride":null,"location":null,"capacity_cargo_bike":null,"addr_floor":null}},{"type":"Feature","id":763,"geometry":{"type":"Point","coordinates":[7.7014312000000587,45.073225100000059]},"properties":{"OBJECTID":763,"F_id":"node/10994156059","access":null,"amenity":"bicycle_parking","bicycle_parking":"stands","capacity":"4","covered":"no","fee":"no","survey_date":null,"building":null,"operator":null,"motorcycle":null,"lit":null,"opening_hours":null,"smoothness":null,"supervised":null,"surface":null,"indoor":null,"check_date":null,"name":null,"mapillary":null,"source":null,"check_date_capacity":null,"panoramax":null,"description":null,"operator_type":"public","addr_street":null,"addr_city":null,"addr_housenumber":null,"fixme":null,"website":null,"wheelchair":null,"level":null,"backrest":null,"addr_postcode":null,"colour":null,"moped":null,"bike_ride":null,"location":null,"capacity_cargo_bike":null,"addr_floor":null}},{"type":"Feature","id":764,"geometry":{"type":"Point","coordinates":[7.7014510000000769,45.073267800000053]},"properties":{"OBJECTID":764,"F_id":"node/10994156060","access":null,"amenity":"bicycle_parking","bicycle_parking":"stands","capacity":"6","covered":"no","fee":"no","survey_date":null,"building":null,"operator":null,"motorcycle":null,"lit":null,"opening_hours":null,"smoothness":null,"supervised":null,"surface":null,"indoor":null,"check_date":null,"name":null,"mapillary":null,"source":null,"check_date_capacity":null,"panoramax":null,"description":null,"operator_type":"public","addr_street":null,"addr_city":null,"addr_housenumber":null,"fixme":null,"website":null,"wheelchair":null,"level":null,"backrest":null,"addr_postcode":null,"colour":null,"moped":null,"bike_ride":null,"location":null,"capacity_cargo_bike":null,"addr_floor":null}},{"type":"Feature","id":765,"geometry":{"type":"Point","coordinates":[7.7007478000000447,45.073755000000062]},"properties":{"OBJECTID":765,"F_id":"node/10994232050","access":null,"amenity":"bicycle_parking","bicycle_parking":"stands","capacity":"8","covered":"no","fee":"no","survey_date":null,"building":null,"operator":null,"motorcycle":null,"lit":null,"opening_hours":null,"smoothness":null,"supervised":null,"surface":null,"indoor":null,"check_date":null,"name":null,"mapillary":null,"source":null,"check_date_capacity":null,"panoramax":null,"description":null,"operator_type":null,"addr_street":null,"addr_city":null,"addr_housenumber":null,"fixme":null,"website":null,"wheelchair":null,"level":null,"backrest":null,"addr_postcode":null,"colour":null,"moped":null,"bike_ride":null,"location":null,"capacity_cargo_bike":null,"addr_floor":null}},{"type":"Feature","id":766,"geometry":{"type":"Point","coordinates":[7.6421526000000313,45.062473200000056]},"properties":{"OBJECTID":766,"F_id":"node/10994635793","access":"yes","amenity":"bicycle_parking","bicycle_parking":"stands","capacity":"6","covered":"no","fee":"no","survey_date":null,"building":null,"operator":null,"motorcycle":null,"lit":null,"opening_hours":null,"smoothness":null,"supervised":null,"surface":null,"indoor":null,"check_date":null,"name":null,"mapillary":null,"source":null,"check_date_capacity":null,"panoramax":null,"description":null,"operator_type":null,"addr_street":null,"addr_city":null,"addr_housenumber":null,"fixme":null,"website":null,"wheelchair":null,"level":null,"backrest":null,"addr_postcode":null,"colour":null,"moped":null,"bike_ride":null,"location":null,"capacity_cargo_bike":null,"addr_floor":null}},{"type":"Feature","id":772,"geometry":{"type":"Point","coordinates":[7.6845005000000697,45.051108300000067]},"properties":{"OBJECTID":772,"F_id":"node/11082056515","access":"yes","amenity":"bicycle_parking","bicycle_parking":"stands","capacity":"4","covered":"no","fee":null,"survey_date":null,"building":null,"operator":null,"motorcycle":null,"lit":null,"opening_hours":null,"smoothness":null,"supervised":null,"surface":null,"indoor":null,"check_date":null,"name":null,"mapillary":null,"source":null,"check_date_capacity":null,"panoramax":null,"description":null,"operator_type":null,"addr_street":null,"addr_city":null,"addr_housenumber":null,"fixme":null,"website":null,"wheelchair":null,"level":null,"backrest":null,"addr_postcode":null,"colour":null,"moped":null,"bike_ride":null,"location":null,"capacity_cargo_bike":null,"addr_floor":null}},{"type":"Feature","id":773,"geometry":{"type":"Point","coordinates":[7.684581000000037,45.05123720000006]},"properties":{"OBJECTID":773,"F_id":"node/11082056516","access":"yes","amenity":"bicycle_parking","bicycle_parking":"stands","capacity":"4","covered":null,"fee":null,"survey_date":null,"building":null,"operator":null,"motorcycle":null,"lit":null,"opening_hours":null,"smoothness":null,"supervised":null,"surface":null,"indoor":null,"check_date":null,"name":null,"mapillary":null,"source":null,"check_date_capacity":null,"panoramax":null,"description":null,"operator_type":null,"addr_street":null,"addr_city":null,"addr_housenumber":null,"fixme":null,"website":null,"wheelchair":null,"level":null,"backrest":null,"addr_postcode":null,"colour":null,"moped":null,"bike_ride":null,"location":null,"capacity_cargo_bike":null,"addr_floor":null}},{"type":"Feature","id":774,"geometry":{"type":"Point","coordinates":[7.6846711000000596,45.051368800000034]},"properties":{"OBJECTID":774,"F_id":"node/11082056517","access":"yes","amenity":"bicycle_parking","bicycle_parking":"stands","capacity":"8","covered":null,"fee":null,"survey_date":null,"building":null,"operator":null,"motorcycle":null,"lit":null,"opening_hours":null,"smoothness":null,"supervised":null,"surface":null,"indoor":null,"check_date":null,"name":null,"mapillary":null,"source":null,"check_date_capacity":null,"panoramax":null,"description":null,"operator_type":null,"addr_street":null,"addr_city":null,"addr_housenumber":null,"fixme":null,"website":null,"wheelchair":null,"level":null,"backrest":null,"addr_postcode":null,"colour":null,"moped":null,"bike_ride":null,"location":null,"capacity_cargo_bike":null,"addr_floor":null}},{"type":"Feature","id":775,"geometry":{"type":"Point","coordinates":[7.6795284000000379,45.084340000000054]},"properties":{"OBJECTID":775,"F_id":"node/11084637605","access":null,"amenity":"bicycle_parking","bicycle_parking":"stands","capacity":"6","covered":"no","fee":null,"survey_date":"2025-07-28","building":null,"operator":null,"motorcycle":null,"lit":null,"opening_hours":null,"smoothness":null,"supervised":null,"surface":null,"indoor":null,"check_date":null,"name":null,"mapillary":null,"source":null,"check_date_capacity":null,"panoramax":null,"description":null,"operator_type":null,"addr_street":null,"addr_city":null,"addr_housenumber":null,"fixme":null,"website":null,"wheelchair":null,"level":null,"backrest":null,"addr_postcode":null,"colour":null,"moped":null,"bike_ride":null,"location":null,"capacity_cargo_bike":null,"addr_floor":null}},{"type":"Feature","id":777,"geometry":{"type":"Point","coordinates":[7.6855871000000207,45.049786300000051]},"properties":{"OBJECTID":777,"F_id":"node/11182198684","access":null,"amenity":"bicycle_parking","bicycle_parking":null,"capacity":null,"covered":null,"fee":null,"survey_date":null,"building":null,"operator":null,"motorcycle":null,"lit":null,"opening_hours":null,"smoothness":null,"supervised":null,"surface":null,"indoor":null,"check_date":null,"name":null,"mapillary":null,"source":null,"check_date_capacity":null,"panoramax":null,"description":null,"operator_type":null,"addr_street":"Viale Virgilio","addr_city":null,"addr_housenumber":"96","fixme":null,"website":null,"wheelchair":null,"level":null,"backrest":null,"addr_postcode":"10126","colour":null,"moped":null,"bike_ride":null,"location":null,"capacity_cargo_bike":null,"addr_floor":null}},{"type":"Feature","id":778,"geometry":{"type":"Point","coordinates":[7.6429943000000549,45.035132500000032]},"properties":{"OBJECTID":778,"F_id":"node/11189060645","access":null,"amenity":"bicycle_parking","bicycle_parking":"stands","capacity":"6","covered":"no","fee":null,"survey_date":null,"building":null,"operator":null,"motorcycle":null,"lit":null,"opening_hours":null,"smoothness":null,"supervised":null,"surface":null,"indoor":null,"check_date":null,"name":null,"mapillary":null,"source":null,"check_date_capacity":null,"panoramax":null,"description":null,"operator_type":null,"addr_street":null,"addr_city":null,"addr_housenumber":null,"fixme":null,"website":null,"wheelchair":null,"level":null,"backrest":null,"addr_postcode":null,"colour":null,"moped":null,"bike_ride":null,"location":null,"capacity_cargo_bike":null,"addr_floor":null}},{"type":"Feature","id":779,"geometry":{"type":"Point","coordinates":[7.6961248000000637,45.067004900000029]},"properties":{"OBJECTID":779,"F_id":"node/11238380037","access":"yes","amenity":"bicycle_parking","bicycle_parking":"stands","capacity":"4","covered":"no","fee":"no","survey_date":null,"building":null,"operator":null,"motorcycle":null,"lit":null,"opening_hours":null,"smoothness":null,"supervised":null,"surface":null,"indoor":null,"check_date":null,"name":null,"mapillary":null,"source":null,"check_date_capacity":null,"panoramax":null,"description":null,"operator_type":null,"addr_street":null,"addr_city":null,"addr_housenumber":null,"fixme":null,"website":null,"wheelchair":null,"level":null,"backrest":null,"addr_postcode":null,"colour":null,"moped":null,"bike_ride":null,"location":null,"capacity_cargo_bike":null,"addr_floor":null}},{"type":"Feature","id":780,"geometry":{"type":"Point","coordinates":[7.6959423000000697,45.066955300000075]},"properties":{"OBJECTID":780,"F_id":"node/11238380038","access":"yes","amenity":"bicycle_parking","bicycle_parking":"stands","capacity":"14","covered":"no","fee":"no","survey_date":null,"building":null,"operator":null,"motorcycle":null,"lit":null,"opening_hours":null,"smoothness":null,"supervised":null,"surface":null,"indoor":null,"check_date":null,"name":null,"mapillary":null,"source":null,"check_date_capacity":null,"panoramax":null,"description":null,"operator_type":null,"addr_street":null,"addr_city":null,"addr_housenumber":null,"fixme":null,"website":null,"wheelchair":null,"level":null,"backrest":null,"addr_postcode":null,"colour":null,"moped":null,"bike_ride":null,"location":null,"capacity_cargo_bike":null,"addr_floor":null}},{"type":"Feature","id":781,"geometry":{"type":"Point","coordinates":[7.6960370000000466,45.066930100000036]},"properties":{"OBJECTID":781,"F_id":"node/11238380039","access":"yes","amenity":"bicycle_parking","bicycle_parking":"stands","capacity":"10","covered":"no","fee":"no","survey_date":null,"building":null,"operator":null,"motorcycle":null,"lit":null,"opening_hours":null,"smoothness":null,"supervised":null,"surface":null,"indoor":null,"check_date":null,"name":null,"mapillary":null,"source":null,"check_date_capacity":null,"panoramax":null,"description":null,"operator_type":null,"addr_street":null,"addr_city":null,"addr_housenumber":null,"fixme":null,"website":null,"wheelchair":null,"level":null,"backrest":null,"addr_postcode":null,"colour":null,"moped":null,"bike_ride":null,"location":null,"capacity_cargo_bike":null,"addr_floor":null}},{"type":"Feature","id":783,"geometry":{"type":"Point","coordinates":[7.65467110000003,45.053402700000049]},"properties":{"OBJECTID":783,"F_id":"node/11274729769","access":null,"amenity":"bicycle_parking","bicycle_parking":"stands","capacity":"4","covered":"no","fee":null,"survey_date":null,"building":null,"operator":null,"motorcycle":null,"lit":null,"opening_hours":null,"smoothness":null,"supervised":null,"surface":null,"indoor":null,"check_date":null,"name":null,"mapillary":null,"source":null,"check_date_capacity":null,"panoramax":null,"description":null,"operator_type":null,"addr_street":null,"addr_city":null,"addr_housenumber":null,"fixme":null,"website":null,"wheelchair":null,"level":null,"backrest":null,"addr_postcode":null,"colour":null,"moped":null,"bike_ride":null,"location":null,"capacity_cargo_bike":null,"addr_floor":null}},{"type":"Feature","id":784,"geometry":{"type":"Point","coordinates":[7.6533287000000314,45.053999300000044]},"properties":{"OBJECTID":784,"F_id":"node/11274729869","access":null,"amenity":"bicycle_parking","bicycle_parking":"wall_loops","capacity":"4","covered":"no","fee":null,"survey_date":null,"building":null,"operator":null,"motorcycle":null,"lit":null,"opening_hours":null,"smoothness":null,"supervised":null,"surface":null,"indoor":null,"check_date":null,"name":null,"mapillary":null,"source":null,"check_date_capacity":null,"panoramax":null,"description":null,"operator_type":null,"addr_street":null,"addr_city":null,"addr_housenumber":null,"fixme":null,"website":null,"wheelchair":null,"level":null,"backrest":null,"addr_postcode":null,"colour":null,"moped":null,"bike_ride":null,"location":null,"capacity_cargo_bike":null,"addr_floor":null}},{"type":"Feature","id":785,"geometry":{"type":"Point","coordinates":[7.6500368000000663,45.03833700000007]},"properties":{"OBJECTID":785,"F_id":"node/11274729969","access":null,"amenity":"bicycle_parking","bicycle_parking":null,"capacity":null,"covered":"no","fee":null,"survey_date":null,"building":null,"operator":null,"motorcycle":null,"lit":null,"opening_hours":null,"smoothness":null,"supervised":null,"surface":null,"indoor":null,"check_date":null,"name":null,"mapillary":null,"source":null,"check_date_capacity":null,"panoramax":null,"description":null,"operator_type":null,"addr_street":null,"addr_city":null,"addr_housenumber":null,"fixme":null,"website":null,"wheelchair":null,"level":null,"backrest":null,"addr_postcode":null,"colour":null,"moped":null,"bike_ride":null,"location":null,"capacity_cargo_bike":null,"addr_floor":null}},{"type":"Feature","id":786,"geometry":{"type":"Point","coordinates":[7.688446200000044,45.055334800000026]},"properties":{"OBJECTID":786,"F_id":"node/11274729970","access":null,"amenity":"bicycle_parking","bicycle_parking":"stands","capacity":"12","covered":"no","fee":null,"survey_date":null,"building":null,"operator":null,"motorcycle":null,"lit":null,"opening_hours":null,"smoothness":null,"supervised":null,"surface":null,"indoor":null,"check_date":null,"name":null,"mapillary":null,"source":null,"check_date_capacity":null,"panoramax":null,"description":null,"operator_type":null,"addr_street":null,"addr_city":null,"addr_housenumber":null,"fixme":null,"website":null,"wheelchair":null,"level":null,"backrest":null,"addr_postcode":null,"colour":null,"moped":null,"bike_ride":null,"location":null,"capacity_cargo_bike":null,"addr_floor":null}},{"type":"Feature","id":787,"geometry":{"type":"Point","coordinates":[7.6882201000000236,45.062261900000067]},"properties":{"OBJECTID":787,"F_id":"node/11277111680","access":"yes","amenity":"bicycle_parking","bicycle_parking":"stands","capacity":"8","covered":"no","fee":"no","survey_date":null,"building":null,"operator":null,"motorcycle":null,"lit":null,"opening_hours":null,"smoothness":null,"supervised":null,"surface":null,"indoor":null,"check_date":null,"name":null,"mapillary":null,"source":null,"check_date_capacity":null,"panoramax":null,"description":null,"operator_type":null,"addr_street":null,"addr_city":null,"addr_housenumber":null,"fixme":null,"website":null,"wheelchair":null,"level":null,"backrest":null,"addr_postcode":null,"colour":null,"moped":null,"bike_ride":null,"location":null,"capacity_cargo_bike":null,"addr_floor":null}},{"type":"Feature","id":788,"geometry":{"type":"Point","coordinates":[7.6884135000000242,45.062316600000031]},"properties":{"OBJECTID":788,"F_id":"node/11277111681","access":"yes","amenity":"bicycle_parking","bicycle_parking":"stands","capacity":"10","covered":"no","fee":"no","survey_date":null,"building":null,"operator":null,"motorcycle":null,"lit":null,"opening_hours":null,"smoothness":null,"supervised":null,"surface":null,"indoor":null,"check_date":null,"name":null,"mapillary":null,"source":null,"check_date_capacity":null,"panoramax":null,"description":null,"operator_type":null,"addr_street":null,"addr_city":null,"addr_housenumber":null,"fixme":null,"website":null,"wheelchair":null,"level":null,"backrest":null,"addr_postcode":null,"colour":null,"moped":null,"bike_ride":null,"location":null,"capacity_cargo_bike":null,"addr_floor":null}},{"type":"Feature","id":791,"geometry":{"type":"Point","coordinates":[7.6681344000000422,45.076642200000038]},"properties":{"OBJECTID":791,"F_id":"node/11357989903","access":null,"amenity":"bicycle_parking","bicycle_parking":"stands","capacity":"8","covered":"no","fee":null,"survey_date":null,"building":null,"operator":null,"motorcycle":null,"lit":null,"opening_hours":null,"smoothness":null,"supervised":null,"surface":null,"indoor":null,"check_date":null,"name":null,"mapillary":null,"source":null,"check_date_capacity":null,"panoramax":null,"description":null,"operator_type":null,"addr_street":null,"addr_city":null,"addr_housenumber":null,"fixme":null,"website":null,"wheelchair":null,"level":null,"backrest":null,"addr_postcode":null,"colour":null,"moped":null,"bike_ride":null,"location":null,"capacity_cargo_bike":null,"addr_floor":null}},{"type":"Feature","id":792,"geometry":{"type":"Point","coordinates":[7.6679134000000317,45.076416300000062]},"properties":{"OBJECTID":792,"F_id":"node/11357996666","access":null,"amenity":"bicycle_parking","bicycle_parking":"stands","capacity":"4","covered":"no","fee":null,"survey_date":null,"building":null,"operator":null,"motorcycle":null,"lit":null,"opening_hours":null,"smoothness":null,"supervised":null,"surface":null,"indoor":null,"check_date":null,"name":null,"mapillary":null,"source":null,"check_date_capacity":null,"panoramax":null,"description":null,"operator_type":null,"addr_street":null,"addr_city":null,"addr_housenumber":null,"fixme":null,"website":null,"wheelchair":null,"level":null,"backrest":null,"addr_postcode":null,"colour":null,"moped":null,"bike_ride":null,"location":null,"capacity_cargo_bike":null,"addr_floor":null}},{"type":"Feature","id":793,"geometry":{"type":"Point","coordinates":[7.6952457000000436,45.069303200000036]},"properties":{"OBJECTID":793,"F_id":"node/11368531149","access":null,"amenity":"bicycle_parking","bicycle_parking":"stands","capacity":"6","covered":"no","fee":null,"survey_date":null,"building":null,"operator":null,"motorcycle":null,"lit":null,"opening_hours":null,"smoothness":null,"supervised":null,"surface":null,"indoor":null,"check_date":null,"name":null,"mapillary":null,"source":null,"check_date_capacity":null,"panoramax":null,"description":null,"operator_type":null,"addr_street":null,"addr_city":null,"addr_housenumber":null,"fixme":null,"website":null,"wheelchair":null,"level":null,"backrest":null,"addr_postcode":null,"colour":null,"moped":null,"bike_ride":null,"location":null,"capacity_cargo_bike":null,"addr_floor":null}},{"type":"Feature","id":794,"geometry":{"type":"Point","coordinates":[7.7040592000000743,45.065910900000063]},"properties":{"OBJECTID":794,"F_id":"node/11379545987","access":null,"amenity":"bicycle_parking","bicycle_parking":"wall_loops","capacity":"3","covered":"no","fee":null,"survey_date":null,"building":null,"operator":null,"motorcycle":null,"lit":null,"opening_hours":null,"smoothness":null,"supervised":null,"surface":null,"indoor":null,"check_date":null,"name":null,"mapillary":null,"source":null,"check_date_capacity":null,"panoramax":null,"description":null,"operator_type":null,"addr_street":null,"addr_city":null,"addr_housenumber":null,"fixme":null,"website":null,"wheelchair":null,"level":null,"backrest":null,"addr_postcode":null,"colour":null,"moped":null,"bike_ride":null,"location":null,"capacity_cargo_bike":null,"addr_floor":null}},{"type":"Feature","id":795,"geometry":{"type":"Point","coordinates":[7.7040427000000591,45.065901900000028]},"properties":{"OBJECTID":795,"F_id":"node/11379561478","access":null,"amenity":"bicycle_parking","bicycle_parking":"stands","capacity":"10","covered":"no","fee":null,"survey_date":null,"building":null,"operator":null,"motorcycle":null,"lit":null,"opening_hours":null,"smoothness":null,"supervised":null,"surface":null,"indoor":null,"check_date":null,"name":null,"mapillary":null,"source":null,"check_date_capacity":null,"panoramax":null,"description":null,"operator_type":null,"addr_street":null,"addr_city":null,"addr_housenumber":null,"fixme":null,"website":null,"wheelchair":null,"level":null,"backrest":null,"addr_postcode":null,"colour":null,"moped":null,"bike_ride":null,"location":null,"capacity_cargo_bike":null,"addr_floor":null}},{"type":"Feature","id":797,"geometry":{"type":"Point","coordinates":[7.6697716000000469,45.082821700000068]},"properties":{"OBJECTID":797,"F_id":"node/11505942798","access":"yes","amenity":"bicycle_parking","bicycle_parking":"stands","capacity":"3","covered":"no","fee":"no","survey_date":null,"building":null,"operator":null,"motorcycle":null,"lit":null,"opening_hours":null,"smoothness":null,"supervised":null,"surface":null,"indoor":null,"check_date":null,"name":null,"mapillary":null,"source":null,"check_date_capacity":null,"panoramax":null,"description":null,"operator_type":null,"addr_street":null,"addr_city":null,"addr_housenumber":null,"fixme":null,"website":null,"wheelchair":null,"level":null,"backrest":null,"addr_postcode":null,"colour":null,"moped":null,"bike_ride":null,"location":null,"capacity_cargo_bike":null,"addr_floor":null}},{"type":"Feature","id":798,"geometry":{"type":"Point","coordinates":[7.6927935000000502,45.075309900000036]},"properties":{"OBJECTID":798,"F_id":"node/11622870823","access":"yes","amenity":"bicycle_parking","bicycle_parking":"stands","capacity":"8","covered":"no","fee":"no","survey_date":null,"building":null,"operator":null,"motorcycle":null,"lit":null,"opening_hours":null,"smoothness":null,"supervised":null,"surface":null,"indoor":null,"check_date":null,"name":null,"mapillary":null,"source":null,"check_date_capacity":null,"panoramax":null,"description":null,"operator_type":null,"addr_street":null,"addr_city":null,"addr_housenumber":null,"fixme":null,"website":null,"wheelchair":null,"level":null,"backrest":null,"addr_postcode":null,"colour":null,"moped":null,"bike_ride":null,"location":null,"capacity_cargo_bike":null,"addr_floor":null}},{"type":"Feature","id":799,"geometry":{"type":"Point","coordinates":[7.6935345000000552,45.074552900000072]},"properties":{"OBJECTID":799,"F_id":"node/11622870824","access":"yes","amenity":"bicycle_parking","bicycle_parking":"stands","capacity":"6","covered":"no","fee":"no","survey_date":null,"building":null,"operator":null,"motorcycle":null,"lit":null,"opening_hours":null,"smoothness":null,"supervised":null,"surface":null,"indoor":null,"check_date":null,"name":null,"mapillary":null,"source":null,"check_date_capacity":null,"panoramax":null,"description":null,"operator_type":null,"addr_street":null,"addr_city":null,"addr_housenumber":null,"fixme":null,"website":null,"wheelchair":null,"level":null,"backrest":null,"addr_postcode":null,"colour":null,"moped":null,"bike_ride":null,"location":null,"capacity_cargo_bike":null,"addr_floor":null}},{"type":"Feature","id":800,"geometry":{"type":"Point","coordinates":[7.6748813000000382,45.03730580000007]},"properties":{"OBJECTID":800,"F_id":"node/11648561445","access":null,"amenity":"bicycle_parking","bicycle_parking":null,"capacity":null,"covered":"no","fee":null,"survey_date":null,"building":null,"operator":null,"motorcycle":null,"lit":null,"opening_hours":null,"smoothness":null,"supervised":null,"surface":null,"indoor":null,"check_date":null,"name":null,"mapillary":null,"source":null,"check_date_capacity":null,"panoramax":null,"description":null,"operator_type":null,"addr_street":null,"addr_city":null,"addr_housenumber":null,"fixme":null,"website":null,"wheelchair":null,"level":null,"backrest":null,"addr_postcode":null,"colour":null,"moped":null,"bike_ride":null,"location":null,"capacity_cargo_bike":null,"addr_floor":null}},{"type":"Feature","id":801,"geometry":{"type":"Point","coordinates":[7.6749336000000312,45.037304600000027]},"properties":{"OBJECTID":801,"F_id":"node/11648573495","access":null,"amenity":"bicycle_parking","bicycle_parking":null,"capacity":null,"covered":"no","fee":null,"survey_date":null,"building":null,"operator":null,"motorcycle":null,"lit":null,"opening_hours":null,"smoothness":null,"supervised":null,"surface":null,"indoor":null,"check_date":null,"name":null,"mapillary":null,"source":null,"check_date_capacity":null,"panoramax":null,"description":null,"operator_type":null,"addr_street":null,"addr_city":null,"addr_housenumber":null,"fixme":null,"website":null,"wheelchair":null,"level":null,"backrest":null,"addr_postcode":null,"colour":null,"moped":null,"bike_ride":null,"location":null,"capacity_cargo_bike":null,"addr_floor":null}},{"type":"Feature","id":802,"geometry":{"type":"Point","coordinates":[7.6644342000000734,45.045607400000051]},"properties":{"OBJECTID":802,"F_id":"node/11673243325","access":null,"amenity":"bicycle_parking","bicycle_parking":"wall_loops","capacity":null,"covered":"no","fee":null,"survey_date":null,"building":null,"operator":null,"motorcycle":null,"lit":null,"opening_hours":null,"smoothness":null,"supervised":null,"surface":null,"indoor":null,"check_date":null,"name":null,"mapillary":null,"source":null,"check_date_capacity":null,"panoramax":null,"description":null,"operator_type":null,"addr_street":null,"addr_city":null,"addr_housenumber":null,"fixme":null,"website":null,"wheelchair":null,"level":null,"backrest":null,"addr_postcode":null,"colour":null,"moped":null,"bike_ride":null,"location":null,"capacity_cargo_bike":null,"addr_floor":null}},{"type":"Feature","id":803,"geometry":{"type":"Point","coordinates":[7.6642697000000339,45.045695500000079]},"properties":{"OBJECTID":803,"F_id":"node/11673291208","access":null,"amenity":"bicycle_parking","bicycle_parking":"wall_loops","capacity":null,"covered":"no","fee":null,"survey_date":null,"building":null,"operator":null,"motorcycle":null,"lit":null,"opening_hours":null,"smoothness":null,"supervised":null,"surface":null,"indoor":null,"check_date":null,"name":null,"mapillary":null,"source":null,"check_date_capacity":null,"panoramax":null,"description":null,"operator_type":null,"addr_street":null,"addr_city":null,"addr_housenumber":null,"fixme":null,"website":null,"wheelchair":null,"level":null,"backrest":null,"addr_postcode":null,"colour":null,"moped":null,"bike_ride":null,"location":null,"capacity_cargo_bike":null,"addr_floor":null}},{"type":"Feature","id":815,"geometry":{"type":"Point","coordinates":[7.7101480000000606,45.072345800000051]},"properties":{"OBJECTID":815,"F_id":"node/11717312584","access":null,"amenity":"bicycle_parking","bicycle_parking":"stands","capacity":"12","covered":"no","fee":null,"survey_date":null,"building":null,"operator":null,"motorcycle":null,"lit":null,"opening_hours":null,"smoothness":null,"supervised":null,"surface":null,"indoor":null,"check_date":null,"name":null,"mapillary":null,"source":null,"check_date_capacity":null,"panoramax":null,"description":null,"operator_type":null,"addr_street":null,"addr_city":null,"addr_housenumber":null,"fixme":null,"website":null,"wheelchair":null,"level":null,"backrest":null,"addr_postcode":null,"colour":null,"moped":null,"bike_ride":null,"location":null,"capacity_cargo_bike":null,"addr_floor":null}},{"type":"Feature","id":816,"geometry":{"type":"Point","coordinates":[7.654892200000063,45.04167620000004]},"properties":{"OBJECTID":816,"F_id":"node/11766605054","access":null,"amenity":"bicycle_parking","bicycle_parking":"stands","capacity":"4","covered":"no","fee":null,"survey_date":null,"building":null,"operator":null,"motorcycle":null,"lit":null,"opening_hours":null,"smoothness":null,"supervised":null,"surface":null,"indoor":null,"check_date":null,"name":null,"mapillary":null,"source":null,"check_date_capacity":null,"panoramax":null,"description":null,"operator_type":null,"addr_street":null,"addr_city":null,"addr_housenumber":null,"fixme":null,"website":null,"wheelchair":null,"level":null,"backrest":null,"addr_postcode":null,"colour":null,"moped":null,"bike_ride":null,"location":null,"capacity_cargo_bike":null,"addr_floor":null}},{"type":"Feature","id":818,"geometry":{"type":"Point","coordinates":[7.699226000000067,45.07057350000008]},"properties":{"OBJECTID":818,"F_id":"node/11832980125","access":null,"amenity":"bicycle_parking","bicycle_parking":"stands","capacity":"16","covered":"no","fee":null,"survey_date":null,"building":null,"operator":null,"motorcycle":null,"lit":null,"opening_hours":null,"smoothness":null,"supervised":null,"surface":null,"indoor":null,"check_date":null,"name":null,"mapillary":null,"source":null,"check_date_capacity":null,"panoramax":null,"description":null,"operator_type":null,"addr_street":null,"addr_city":null,"addr_housenumber":null,"fixme":null,"website":null,"wheelchair":null,"level":null,"backrest":null,"addr_postcode":null,"colour":null,"moped":null,"bike_ride":null,"location":null,"capacity_cargo_bike":null,"addr_floor":null}},{"type":"Feature","id":819,"geometry":{"type":"Point","coordinates":[7.6986270000000445,45.071034000000054]},"properties":{"OBJECTID":819,"F_id":"node/11832986276","access":null,"amenity":"bicycle_parking","bicycle_parking":"stands","capacity":"8","covered":"no","fee":null,"survey_date":null,"building":null,"operator":null,"motorcycle":null,"lit":null,"opening_hours":null,"smoothness":null,"supervised":null,"surface":null,"indoor":null,"check_date":null,"name":null,"mapillary":null,"source":null,"check_date_capacity":null,"panoramax":null,"description":null,"operator_type":null,"addr_street":null,"addr_city":null,"addr_housenumber":null,"fixme":null,"website":null,"wheelchair":null,"level":null,"backrest":null,"addr_postcode":null,"colour":null,"moped":null,"bike_ride":null,"location":null,"capacity_cargo_bike":null,"addr_floor":null}},{"type":"Feature","id":820,"geometry":{"type":"Point","coordinates":[7.699292200000059,45.07060720000004]},"properties":{"OBJECTID":820,"F_id":"node/11832991702","access":null,"amenity":"bicycle_parking","bicycle_parking":"stands","capacity":"4","covered":"no","fee":null,"survey_date":null,"building":null,"operator":null,"motorcycle":null,"lit":null,"opening_hours":null,"smoothness":null,"supervised":null,"surface":null,"indoor":null,"check_date":null,"name":null,"mapillary":null,"source":null,"check_date_capacity":null,"panoramax":null,"description":null,"operator_type":null,"addr_street":null,"addr_city":null,"addr_housenumber":null,"fixme":null,"website":null,"wheelchair":null,"level":null,"backrest":null,"addr_postcode":null,"colour":null,"moped":null,"bike_ride":null,"location":null,"capacity_cargo_bike":null,"addr_floor":null}},{"type":"Feature","id":824,"geometry":{"type":"Point","coordinates":[7.6657679000000485,45.053093900000079]},"properties":{"OBJECTID":824,"F_id":"node/11913808736","access":null,"amenity":"bicycle_parking","bicycle_parking":"stands","capacity":"6","covered":"no","fee":null,"survey_date":null,"building":null,"operator":null,"motorcycle":null,"lit":null,"opening_hours":null,"smoothness":null,"supervised":null,"surface":null,"indoor":null,"check_date":null,"name":null,"mapillary":null,"source":null,"check_date_capacity":null,"panoramax":null,"description":null,"operator_type":null,"addr_street":null,"addr_city":null,"addr_housenumber":null,"fixme":null,"website":null,"wheelchair":null,"level":null,"backrest":null,"addr_postcode":null,"colour":null,"moped":null,"bike_ride":null,"location":null,"capacity_cargo_bike":null,"addr_floor":null}},{"type":"Feature","id":825,"geometry":{"type":"Point","coordinates":[7.6730655000000638,45.042430000000081]},"properties":{"OBJECTID":825,"F_id":"node/11933465157","access":null,"amenity":"bicycle_parking","bicycle_parking":"stands","capacity":"15","covered":"no","fee":null,"survey_date":null,"building":null,"operator":null,"motorcycle":null,"lit":null,"opening_hours":null,"smoothness":null,"supervised":null,"surface":null,"indoor":null,"check_date":null,"name":null,"mapillary":null,"source":null,"check_date_capacity":null,"panoramax":null,"description":null,"operator_type":null,"addr_street":null,"addr_city":null,"addr_housenumber":null,"fixme":null,"website":null,"wheelchair":null,"level":null,"backrest":null,"addr_postcode":null,"colour":null,"moped":null,"bike_ride":null,"location":null,"capacity_cargo_bike":null,"addr_floor":null}},{"type":"Feature","id":826,"geometry":{"type":"Point","coordinates":[7.6487787000000367,45.096460400000069]},"properties":{"OBJECTID":826,"F_id":"node/11950499859","access":null,"amenity":"bicycle_parking","bicycle_parking":"stands","capacity":"6","covered":"no","fee":"no","survey_date":null,"building":null,"operator":null,"motorcycle":null,"lit":null,"opening_hours":null,"smoothness":null,"supervised":null,"surface":null,"indoor":null,"check_date":null,"name":null,"mapillary":null,"source":null,"check_date_capacity":null,"panoramax":null,"description":null,"operator_type":null,"addr_street":null,"addr_city":null,"addr_housenumber":null,"fixme":null,"website":null,"wheelchair":null,"level":null,"backrest":null,"addr_postcode":null,"colour":null,"moped":null,"bike_ride":null,"location":null,"capacity_cargo_bike":null,"addr_floor":null}},{"type":"Feature","id":827,"geometry":{"type":"Point","coordinates":[7.6746678000000657,45.092576200000053]},"properties":{"OBJECTID":827,"F_id":"node/11963628161","access":null,"amenity":"bicycle_parking","bicycle_parking":"stands","capacity":"22","covered":"no","fee":null,"survey_date":null,"building":null,"operator":null,"motorcycle":null,"lit":null,"opening_hours":null,"smoothness":null,"supervised":null,"surface":null,"indoor":null,"check_date":null,"name":null,"mapillary":null,"source":null,"check_date_capacity":null,"panoramax":null,"description":null,"operator_type":null,"addr_street":null,"addr_city":null,"addr_housenumber":null,"fixme":null,"website":null,"wheelchair":null,"level":null,"backrest":null,"addr_postcode":null,"colour":null,"moped":null,"bike_ride":null,"location":null,"capacity_cargo_bike":null,"addr_floor":null}},{"type":"Feature","id":828,"geometry":{"type":"Point","coordinates":[7.6990290000000527,45.070239800000081]},"properties":{"OBJECTID":828,"F_id":"node/11964721442","access":null,"amenity":"bicycle_parking","bicycle_parking":"stands","capacity":"6","covered":"no","fee":"no","survey_date":null,"building":null,"operator":null,"motorcycle":null,"lit":null,"opening_hours":null,"smoothness":null,"supervised":null,"surface":null,"indoor":null,"check_date":null,"name":null,"mapillary":null,"source":null,"check_date_capacity":null,"panoramax":null,"description":null,"operator_type":null,"addr_street":null,"addr_city":null,"addr_housenumber":null,"fixme":null,"website":null,"wheelchair":null,"level":null,"backrest":null,"addr_postcode":null,"colour":null,"moped":null,"bike_ride":null,"location":null,"capacity_cargo_bike":null,"addr_floor":null}},{"type":"Feature","id":830,"geometry":{"type":"Point","coordinates":[7.6924416000000519,45.065060200000062]},"properties":{"OBJECTID":830,"F_id":"node/11966746787","access":null,"amenity":"bicycle_parking","bicycle_parking":"stands","capacity":"30","covered":"no","fee":null,"survey_date":null,"building":null,"operator":null,"motorcycle":null,"lit":null,"opening_hours":null,"smoothness":null,"supervised":null,"surface":null,"indoor":null,"check_date":null,"name":null,"mapillary":null,"source":null,"check_date_capacity":null,"panoramax":null,"description":null,"operator_type":null,"addr_street":null,"addr_city":null,"addr_housenumber":null,"fixme":null,"website":null,"wheelchair":null,"level":null,"backrest":null,"addr_postcode":null,"colour":null,"moped":null,"bike_ride":null,"location":null,"capacity_cargo_bike":null,"addr_floor":null}},{"type":"Feature","id":831,"geometry":{"type":"Point","coordinates":[7.6933992000000444,45.064969000000076]},"properties":{"OBJECTID":831,"F_id":"node/11966792060","access":null,"amenity":"bicycle_parking","bicycle_parking":"stands","capacity":null,"covered":"no","fee":null,"survey_date":null,"building":null,"operator":null,"motorcycle":null,"lit":null,"opening_hours":null,"smoothness":null,"supervised":null,"surface":null,"indoor":null,"check_date":null,"name":null,"mapillary":null,"source":null,"check_date_capacity":null,"panoramax":null,"description":null,"operator_type":null,"addr_street":null,"addr_city":null,"addr_housenumber":null,"fixme":null,"website":null,"wheelchair":null,"level":null,"backrest":null,"addr_postcode":null,"colour":null,"moped":null,"bike_ride":null,"location":null,"capacity_cargo_bike":null,"addr_floor":null}},{"type":"Feature","id":835,"geometry":{"type":"Point","coordinates":[7.6817292000000634,45.057981200000029]},"properties":{"OBJECTID":835,"F_id":"node/11983479625","access":null,"amenity":"bicycle_parking","bicycle_parking":"stands","capacity":"16","covered":"no","fee":null,"survey_date":null,"building":null,"operator":null,"motorcycle":null,"lit":null,"opening_hours":null,"smoothness":null,"supervised":null,"surface":null,"indoor":null,"check_date":null,"name":null,"mapillary":null,"source":null,"check_date_capacity":null,"panoramax":null,"description":null,"operator_type":null,"addr_street":null,"addr_city":null,"addr_housenumber":null,"fixme":null,"website":null,"wheelchair":null,"level":null,"backrest":null,"addr_postcode":null,"colour":null,"moped":null,"bike_ride":null,"location":null,"capacity_cargo_bike":null,"addr_floor":null}},{"type":"Feature","id":836,"geometry":{"type":"Point","coordinates":[7.6817677000000231,45.057966700000065]},"properties":{"OBJECTID":836,"F_id":"node/11983497399","access":null,"amenity":"bicycle_parking","bicycle_parking":"stands","capacity":"6","covered":"no","fee":null,"survey_date":null,"building":null,"operator":null,"motorcycle":null,"lit":null,"opening_hours":null,"smoothness":null,"supervised":null,"surface":null,"indoor":null,"check_date":null,"name":null,"mapillary":null,"source":null,"check_date_capacity":null,"panoramax":null,"description":null,"operator_type":null,"addr_street":null,"addr_city":null,"addr_housenumber":null,"fixme":null,"website":null,"wheelchair":null,"level":null,"backrest":null,"addr_postcode":null,"colour":null,"moped":null,"bike_ride":null,"location":null,"capacity_cargo_bike":null,"addr_floor":null}},{"type":"Feature","id":838,"geometry":{"type":"Point","coordinates":[7.6870472000000518,45.059711900000025]},"properties":{"OBJECTID":838,"F_id":"node/12009896156","access":null,"amenity":"bicycle_parking","bicycle_parking":"stands","capacity":"4","covered":"no","fee":null,"survey_date":null,"building":null,"operator":null,"motorcycle":null,"lit":null,"opening_hours":null,"smoothness":null,"supervised":null,"surface":null,"indoor":null,"check_date":null,"name":null,"mapillary":null,"source":null,"check_date_capacity":null,"panoramax":null,"description":null,"operator_type":null,"addr_street":null,"addr_city":null,"addr_housenumber":null,"fixme":null,"website":null,"wheelchair":null,"level":null,"backrest":null,"addr_postcode":null,"colour":null,"moped":null,"bike_ride":null,"location":null,"capacity_cargo_bike":null,"addr_floor":null}},{"type":"Feature","id":839,"geometry":{"type":"Point","coordinates":[7.7000445000000468,45.069839800000068]},"properties":{"OBJECTID":839,"F_id":"node/12020238320","access":null,"amenity":"bicycle_parking","bicycle_parking":"stands","capacity":"6","covered":"no","fee":null,"survey_date":null,"building":null,"operator":null,"motorcycle":null,"lit":null,"opening_hours":null,"smoothness":null,"supervised":null,"surface":null,"indoor":null,"check_date":null,"name":null,"mapillary":null,"source":null,"check_date_capacity":null,"panoramax":null,"description":null,"operator_type":null,"addr_street":null,"addr_city":null,"addr_housenumber":null,"fixme":null,"website":null,"wheelchair":null,"level":null,"backrest":null,"addr_postcode":null,"colour":null,"moped":null,"bike_ride":null,"location":null,"capacity_cargo_bike":null,"addr_floor":null}},{"type":"Feature","id":840,"geometry":{"type":"Point","coordinates":[7.6842427000000271,45.06571660000003]},"properties":{"OBJECTID":840,"F_id":"node/12068659438","access":null,"amenity":"bicycle_parking","bicycle_parking":"wall_loops","capacity":"9","covered":"no","fee":null,"survey_date":null,"building":null,"operator":null,"motorcycle":null,"lit":null,"opening_hours":null,"smoothness":null,"supervised":null,"surface":null,"indoor":null,"check_date":null,"name":null,"mapillary":null,"source":null,"check_date_capacity":null,"panoramax":null,"description":null,"operator_type":null,"addr_street":null,"addr_city":null,"addr_housenumber":null,"fixme":null,"website":null,"wheelchair":null,"level":null,"backrest":null,"addr_postcode":null,"colour":null,"moped":null,"bike_ride":null,"location":null,"capacity_cargo_bike":null,"addr_floor":null}},{"type":"Feature","id":842,"geometry":{"type":"Point","coordinates":[7.6796125000000757,45.084284900000057]},"properties":{"OBJECTID":842,"F_id":"node/12079627878","access":null,"amenity":"bicycle_parking","bicycle_parking":"stands","capacity":"6","covered":"no","fee":"no","survey_date":"2024-07-29","building":null,"operator":null,"motorcycle":null,"lit":null,"opening_hours":null,"smoothness":null,"supervised":null,"surface":null,"indoor":null,"check_date":null,"name":null,"mapillary":null,"source":null,"check_date_capacity":null,"panoramax":null,"description":null,"operator_type":null,"addr_street":null,"addr_city":null,"addr_housenumber":null,"fixme":null,"website":null,"wheelchair":null,"level":null,"backrest":null,"addr_postcode":null,"colour":null,"moped":null,"bike_ride":null,"location":null,"capacity_cargo_bike":null,"addr_floor":null}},{"type":"Feature","id":843,"geometry":{"type":"Point","coordinates":[7.639559600000041,45.086380900000051]},"properties":{"OBJECTID":843,"F_id":"node/12120421659","access":null,"amenity":"bicycle_parking","bicycle_parking":null,"capacity":"16","covered":null,"fee":null,"survey_date":"2024-08-19","building":null,"operator":null,"motorcycle":null,"lit":null,"opening_hours":null,"smoothness":null,"supervised":null,"surface":null,"indoor":null,"check_date":null,"name":null,"mapillary":null,"source":null,"check_date_capacity":null,"panoramax":null,"description":null,"operator_type":null,"addr_street":null,"addr_city":null,"addr_housenumber":null,"fixme":null,"website":null,"wheelchair":null,"level":null,"backrest":null,"addr_postcode":null,"colour":null,"moped":null,"bike_ride":null,"location":null,"capacity_cargo_bike":null,"addr_floor":null}},{"type":"Feature","id":844,"geometry":{"type":"Point","coordinates":[7.6650208000000362,45.05052470000004]},"properties":{"OBJECTID":844,"F_id":"node/12153279090","access":null,"amenity":"bicycle_parking","bicycle_parking":null,"capacity":null,"covered":"no","fee":null,"survey_date":null,"building":null,"operator":null,"motorcycle":null,"lit":null,"opening_hours":null,"smoothness":null,"supervised":null,"surface":null,"indoor":null,"check_date":null,"name":null,"mapillary":null,"source":null,"check_date_capacity":null,"panoramax":null,"description":null,"operator_type":null,"addr_street":null,"addr_city":null,"addr_housenumber":null,"fixme":null,"website":null,"wheelchair":null,"level":null,"backrest":null,"addr_postcode":null,"colour":null,"moped":null,"bike_ride":null,"location":null,"capacity_cargo_bike":null,"addr_floor":null}},{"type":"Feature","id":845,"geometry":{"type":"Point","coordinates":[7.6631855000000542,45.076121200000046]},"properties":{"OBJECTID":845,"F_id":"node/12165781957","access":"yes","amenity":"bicycle_parking","bicycle_parking":"stands","capacity":"6","covered":"no","fee":"no","survey_date":null,"building":null,"operator":null,"motorcycle":null,"lit":null,"opening_hours":null,"smoothness":null,"supervised":null,"surface":null,"indoor":null,"check_date":null,"name":null,"mapillary":null,"source":null,"check_date_capacity":null,"panoramax":null,"description":null,"operator_type":null,"addr_street":null,"addr_city":null,"addr_housenumber":null,"fixme":null,"website":null,"wheelchair":null,"level":null,"backrest":null,"addr_postcode":null,"colour":null,"moped":null,"bike_ride":null,"location":null,"capacity_cargo_bike":null,"addr_floor":null}},{"type":"Feature","id":846,"geometry":{"type":"Point","coordinates":[7.6630861000000436,45.076108300000044]},"properties":{"OBJECTID":846,"F_id":"node/12165781958","access":"yes","amenity":"bicycle_parking","bicycle_parking":"stands","capacity":"4","covered":"no","fee":"no","survey_date":null,"building":null,"operator":null,"motorcycle":null,"lit":null,"opening_hours":null,"smoothness":null,"supervised":null,"surface":null,"indoor":null,"check_date":null,"name":null,"mapillary":null,"source":null,"check_date_capacity":null,"panoramax":null,"description":null,"operator_type":null,"addr_street":null,"addr_city":null,"addr_housenumber":null,"fixme":null,"website":null,"wheelchair":null,"level":null,"backrest":null,"addr_postcode":null,"colour":null,"moped":null,"bike_ride":null,"location":null,"capacity_cargo_bike":null,"addr_floor":null}},{"type":"Feature","id":847,"geometry":{"type":"Point","coordinates":[7.6502744000000575,45.077230000000043]},"properties":{"OBJECTID":847,"F_id":"node/12165839584","access":"yes","amenity":"bicycle_parking","bicycle_parking":"stands","capacity":"8","covered":"no","fee":"no","survey_date":null,"building":null,"operator":null,"motorcycle":null,"lit":null,"opening_hours":null,"smoothness":null,"supervised":null,"surface":null,"indoor":null,"check_date":null,"name":null,"mapillary":null,"source":null,"check_date_capacity":null,"panoramax":null,"description":null,"operator_type":null,"addr_street":null,"addr_city":null,"addr_housenumber":null,"fixme":null,"website":null,"wheelchair":null,"level":null,"backrest":null,"addr_postcode":null,"colour":null,"moped":null,"bike_ride":null,"location":null,"capacity_cargo_bike":null,"addr_floor":null}},{"type":"Feature","id":848,"geometry":{"type":"Point","coordinates":[7.642261200000064,45.076061700000025]},"properties":{"OBJECTID":848,"F_id":"node/12165839590","access":"yes","amenity":"bicycle_parking","bicycle_parking":"stands","capacity":"12","covered":"no","fee":"no","survey_date":null,"building":null,"operator":null,"motorcycle":null,"lit":null,"opening_hours":null,"smoothness":null,"supervised":null,"surface":null,"indoor":null,"check_date":null,"name":null,"mapillary":null,"source":null,"check_date_capacity":null,"panoramax":null,"description":null,"operator_type":null,"addr_street":null,"addr_city":null,"addr_housenumber":null,"fixme":null,"website":null,"wheelchair":null,"level":null,"backrest":null,"addr_postcode":null,"colour":null,"moped":null,"bike_ride":null,"location":null,"capacity_cargo_bike":null,"addr_floor":null}},{"type":"Feature","id":849,"geometry":{"type":"Point","coordinates":[7.679157000000032,45.049114700000075]},"properties":{"OBJECTID":849,"F_id":"node/12168185377","access":"yes","amenity":"bicycle_parking","bicycle_parking":"stands","capacity":"14","covered":"no","fee":"no","survey_date":null,"building":null,"operator":null,"motorcycle":null,"lit":null,"opening_hours":null,"smoothness":null,"supervised":null,"surface":null,"indoor":null,"check_date":null,"name":null,"mapillary":null,"source":null,"check_date_capacity":null,"panoramax":null,"description":null,"operator_type":null,"addr_street":null,"addr_city":null,"addr_housenumber":null,"fixme":null,"website":null,"wheelchair":null,"level":null,"backrest":null,"addr_postcode":null,"colour":null,"moped":null,"bike_ride":null,"location":null,"capacity_cargo_bike":null,"addr_floor":null}},{"type":"Feature","id":850,"geometry":{"type":"Point","coordinates":[7.6719217000000413,45.036817800000051]},"properties":{"OBJECTID":850,"F_id":"node/12168185381","access":"yes","amenity":"bicycle_parking","bicycle_parking":"stands","capacity":"12","covered":"no","fee":"no","survey_date":null,"building":null,"operator":null,"motorcycle":null,"lit":null,"opening_hours":null,"smoothness":null,"supervised":null,"surface":null,"indoor":null,"check_date":null,"name":null,"mapillary":null,"source":null,"check_date_capacity":null,"panoramax":null,"description":null,"operator_type":null,"addr_street":null,"addr_city":null,"addr_housenumber":null,"fixme":null,"website":null,"wheelchair":null,"level":null,"backrest":null,"addr_postcode":null,"colour":null,"moped":null,"bike_ride":null,"location":null,"capacity_cargo_bike":null,"addr_floor":null}},{"type":"Feature","id":853,"geometry":{"type":"Point","coordinates":[7.6909333000000402,45.073636800000031]},"properties":{"OBJECTID":853,"F_id":"node/12182105961","access":"yes","amenity":"bicycle_parking","bicycle_parking":"wall_loops","capacity":"36","covered":"no","fee":"no","survey_date":null,"building":null,"operator":null,"motorcycle":null,"lit":null,"opening_hours":null,"smoothness":null,"supervised":null,"surface":null,"indoor":null,"check_date":null,"name":null,"mapillary":null,"source":null,"check_date_capacity":null,"panoramax":null,"description":null,"operator_type":null,"addr_street":null,"addr_city":null,"addr_housenumber":null,"fixme":null,"website":null,"wheelchair":null,"level":null,"backrest":null,"addr_postcode":null,"colour":null,"moped":null,"bike_ride":null,"location":null,"capacity_cargo_bike":null,"addr_floor":null}},{"type":"Feature","id":854,"geometry":{"type":"Point","coordinates":[7.6922749000000294,45.081367000000057]},"properties":{"OBJECTID":854,"F_id":"node/12208848355","access":"yes","amenity":"bicycle_parking","bicycle_parking":"stands","capacity":"8","covered":"no","fee":"no","survey_date":null,"building":null,"operator":null,"motorcycle":null,"lit":null,"opening_hours":null,"smoothness":null,"supervised":null,"surface":null,"indoor":null,"check_date":null,"name":null,"mapillary":null,"source":null,"check_date_capacity":null,"panoramax":null,"description":null,"operator_type":null,"addr_street":null,"addr_city":null,"addr_housenumber":null,"fixme":null,"website":null,"wheelchair":null,"level":null,"backrest":null,"addr_postcode":null,"colour":null,"moped":null,"bike_ride":null,"location":null,"capacity_cargo_bike":null,"addr_floor":null}},{"type":"Feature","id":855,"geometry":{"type":"Point","coordinates":[7.6725517000000423,45.07580820000004]},"properties":{"OBJECTID":855,"F_id":"node/12227768290","access":null,"amenity":"bicycle_parking","bicycle_parking":"stands","capacity":"10","covered":"no","fee":null,"survey_date":null,"building":null,"operator":null,"motorcycle":null,"lit":null,"opening_hours":null,"smoothness":null,"supervised":null,"surface":null,"indoor":null,"check_date":null,"name":null,"mapillary":null,"source":null,"check_date_capacity":null,"panoramax":null,"description":null,"operator_type":null,"addr_street":null,"addr_city":null,"addr_housenumber":null,"fixme":null,"website":null,"wheelchair":null,"level":null,"backrest":null,"addr_postcode":null,"colour":null,"moped":null,"bike_ride":null,"location":null,"capacity_cargo_bike":null,"addr_floor":null}},{"type":"Feature","id":856,"geometry":{"type":"Point","coordinates":[7.656526900000074,45.041507000000081]},"properties":{"OBJECTID":856,"F_id":"node/12233636601","access":null,"amenity":"bicycle_parking","bicycle_parking":"stands","capacity":"4","covered":"no","fee":null,"survey_date":null,"building":null,"operator":null,"motorcycle":null,"lit":null,"opening_hours":null,"smoothness":null,"supervised":null,"surface":null,"indoor":null,"check_date":null,"name":null,"mapillary":null,"source":null,"check_date_capacity":null,"panoramax":null,"description":null,"operator_type":null,"addr_street":null,"addr_city":null,"addr_housenumber":null,"fixme":null,"website":null,"wheelchair":null,"level":null,"backrest":null,"addr_postcode":null,"colour":null,"moped":null,"bike_ride":null,"location":null,"capacity_cargo_bike":null,"addr_floor":null}},{"type":"Feature","id":857,"geometry":{"type":"Point","coordinates":[7.6783573000000729,45.054073500000072]},"properties":{"OBJECTID":857,"F_id":"node/12365551375","access":null,"amenity":"bicycle_parking","bicycle_parking":"stands","capacity":"20","covered":"no","fee":null,"survey_date":null,"building":null,"operator":null,"motorcycle":null,"lit":null,"opening_hours":null,"smoothness":null,"supervised":null,"surface":null,"indoor":null,"check_date":null,"name":null,"mapillary":null,"source":null,"check_date_capacity":null,"panoramax":null,"description":null,"operator_type":null,"addr_street":null,"addr_city":null,"addr_housenumber":null,"fixme":null,"website":null,"wheelchair":null,"level":null,"backrest":null,"addr_postcode":null,"colour":null,"moped":null,"bike_ride":null,"location":null,"capacity_cargo_bike":null,"addr_floor":null}},{"type":"Feature","id":860,"geometry":{"type":"Point","coordinates":[7.6570397000000412,45.061538600000063]},"properties":{"OBJECTID":860,"F_id":"node/12394489858","access":null,"amenity":"bicycle_parking","bicycle_parking":"stands","capacity":"6","covered":"no","fee":null,"survey_date":null,"building":null,"operator":null,"motorcycle":null,"lit":null,"opening_hours":null,"smoothness":null,"supervised":null,"surface":null,"indoor":null,"check_date":null,"name":null,"mapillary":null,"source":null,"check_date_capacity":null,"panoramax":null,"description":null,"operator_type":null,"addr_street":null,"addr_city":null,"addr_housenumber":null,"fixme":null,"website":null,"wheelchair":null,"level":null,"backrest":null,"addr_postcode":null,"colour":null,"moped":null,"bike_ride":null,"location":null,"capacity_cargo_bike":null,"addr_floor":null}},{"type":"Feature","id":861,"geometry":{"type":"Point","coordinates":[7.6572035000000369,45.061491700000033]},"properties":{"OBJECTID":861,"F_id":"node/12394522606","access":null,"amenity":"bicycle_parking","bicycle_parking":"stands","capacity":"6","covered":"no","fee":null,"survey_date":null,"building":null,"operator":null,"motorcycle":null,"lit":null,"opening_hours":null,"smoothness":null,"supervised":null,"surface":null,"indoor":null,"check_date":null,"name":null,"mapillary":null,"source":null,"check_date_capacity":null,"panoramax":null,"description":null,"operator_type":null,"addr_street":null,"addr_city":null,"addr_housenumber":null,"fixme":null,"website":null,"wheelchair":null,"level":null,"backrest":null,"addr_postcode":null,"colour":null,"moped":null,"bike_ride":null,"location":null,"capacity_cargo_bike":null,"addr_floor":null}},{"type":"Feature","id":862,"geometry":{"type":"Point","coordinates":[7.6734391000000528,45.074958700000025]},"properties":{"OBJECTID":862,"F_id":"node/12423084564","access":null,"amenity":"bicycle_parking","bicycle_parking":"stands","capacity":"6","covered":"no","fee":null,"survey_date":null,"building":null,"operator":null,"motorcycle":null,"lit":null,"opening_hours":null,"smoothness":null,"supervised":null,"surface":null,"indoor":null,"check_date":null,"name":null,"mapillary":null,"source":null,"check_date_capacity":null,"panoramax":null,"description":null,"operator_type":null,"addr_street":null,"addr_city":null,"addr_housenumber":null,"fixme":null,"website":null,"wheelchair":null,"level":null,"backrest":null,"addr_postcode":null,"colour":null,"moped":null,"bike_ride":null,"location":null,"capacity_cargo_bike":null,"addr_floor":null}},{"type":"Feature","id":863,"geometry":{"type":"Point","coordinates":[7.6736046000000329,45.074797700000033]},"properties":{"OBJECTID":863,"F_id":"node/12423088352","access":null,"amenity":"bicycle_parking","bicycle_parking":"stands","capacity":"12","covered":"no","fee":null,"survey_date":null,"building":null,"operator":null,"motorcycle":null,"lit":null,"opening_hours":null,"smoothness":null,"supervised":null,"surface":null,"indoor":null,"check_date":null,"name":null,"mapillary":null,"source":null,"check_date_capacity":null,"panoramax":null,"description":null,"operator_type":null,"addr_street":null,"addr_city":null,"addr_housenumber":null,"fixme":null,"website":null,"wheelchair":null,"level":null,"backrest":null,"addr_postcode":null,"colour":null,"moped":null,"bike_ride":null,"location":null,"capacity_cargo_bike":null,"addr_floor":null}},{"type":"Feature","id":868,"geometry":{"type":"Point","coordinates":[7.721746200000041,45.077646200000061]},"properties":{"OBJECTID":868,"F_id":"node/12532140545","access":null,"amenity":"bicycle_parking","bicycle_parking":"wall_loops","capacity":null,"covered":"no","fee":"no","survey_date":null,"building":null,"operator":null,"motorcycle":null,"lit":null,"opening_hours":null,"smoothness":null,"supervised":null,"surface":null,"indoor":null,"check_date":null,"name":null,"mapillary":null,"source":null,"check_date_capacity":null,"panoramax":null,"description":null,"operator_type":null,"addr_street":null,"addr_city":null,"addr_housenumber":null,"fixme":null,"website":null,"wheelchair":null,"level":null,"backrest":null,"addr_postcode":null,"colour":null,"moped":null,"bike_ride":null,"location":null,"capacity_cargo_bike":null,"addr_floor":null}},{"type":"Feature","id":869,"geometry":{"type":"Point","coordinates":[7.7219156000000453,45.07768980000003]},"properties":{"OBJECTID":869,"F_id":"node/12532140547","access":null,"amenity":"bicycle_parking","bicycle_parking":"wall_loops","capacity":null,"covered":"no","fee":"no","survey_date":null,"building":null,"operator":null,"motorcycle":null,"lit":null,"opening_hours":null,"smoothness":null,"supervised":null,"surface":null,"indoor":null,"check_date":null,"name":null,"mapillary":null,"source":null,"check_date_capacity":null,"panoramax":null,"description":null,"operator_type":null,"addr_street":null,"addr_city":null,"addr_housenumber":null,"fixme":null,"website":null,"wheelchair":null,"level":null,"backrest":null,"addr_postcode":null,"colour":null,"moped":null,"bike_ride":null,"location":null,"capacity_cargo_bike":null,"addr_floor":null}},{"type":"Feature","id":871,"geometry":{"type":"Point","coordinates":[7.6413360000000239,45.052042700000072]},"properties":{"OBJECTID":871,"F_id":"node/12604248402","access":"yes","amenity":"bicycle_parking","bicycle_parking":"lockers","capacity":"12","covered":null,"fee":"no","survey_date":null,"building":null,"operator":null,"motorcycle":null,"lit":null,"opening_hours":null,"smoothness":null,"supervised":null,"surface":null,"indoor":null,"check_date":null,"name":null,"mapillary":null,"source":null,"check_date_capacity":null,"panoramax":null,"description":null,"operator_type":null,"addr_street":null,"addr_city":null,"addr_housenumber":null,"fixme":null,"website":null,"wheelchair":null,"level":null,"backrest":null,"addr_postcode":null,"colour":null,"moped":null,"bike_ride":null,"location":null,"capacity_cargo_bike":null,"addr_floor":null}},{"type":"Feature","id":872,"geometry":{"type":"Point","coordinates":[7.693943900000022,45.067673200000058]},"properties":{"OBJECTID":872,"F_id":"node/12634222020","access":null,"amenity":"bicycle_parking","bicycle_parking":"wall_loops","capacity":null,"covered":"no","fee":null,"survey_date":null,"building":null,"operator":null,"motorcycle":null,"lit":null,"opening_hours":null,"smoothness":null,"supervised":null,"surface":null,"indoor":null,"check_date":null,"name":null,"mapillary":null,"source":null,"check_date_capacity":null,"panoramax":null,"description":null,"operator_type":null,"addr_street":null,"addr_city":null,"addr_housenumber":null,"fixme":null,"website":null,"wheelchair":null,"level":null,"backrest":null,"addr_postcode":null,"colour":null,"moped":null,"bike_ride":null,"location":null,"capacity_cargo_bike":null,"addr_floor":null}},{"type":"Feature","id":873,"geometry":{"type":"Point","coordinates":[7.6939103000000273,45.067760700000065]},"properties":{"OBJECTID":873,"F_id":"node/12634416056","access":null,"amenity":"bicycle_parking","bicycle_parking":"wall_loops","capacity":"3","covered":"no","fee":null,"survey_date":null,"building":null,"operator":null,"motorcycle":null,"lit":null,"opening_hours":null,"smoothness":null,"supervised":null,"surface":null,"indoor":null,"check_date":null,"name":null,"mapillary":null,"source":null,"check_date_capacity":null,"panoramax":null,"description":null,"operator_type":null,"addr_street":null,"addr_city":null,"addr_housenumber":null,"fixme":null,"website":null,"wheelchair":null,"level":null,"backrest":null,"addr_postcode":null,"colour":null,"moped":null,"bike_ride":null,"location":null,"capacity_cargo_bike":null,"addr_floor":null}},{"type":"Feature","id":874,"geometry":{"type":"Point","coordinates":[7.6939082000000667,45.067666700000075]},"properties":{"OBJECTID":874,"F_id":"node/12634535120","access":null,"amenity":"bicycle_parking","bicycle_parking":"wall_loops","capacity":null,"covered":"no","fee":null,"survey_date":null,"building":null,"operator":null,"motorcycle":null,"lit":null,"opening_hours":null,"smoothness":null,"supervised":null,"surface":null,"indoor":null,"check_date":null,"name":null,"mapillary":null,"source":null,"check_date_capacity":null,"panoramax":null,"description":null,"operator_type":null,"addr_street":null,"addr_city":null,"addr_housenumber":null,"fixme":null,"website":null,"wheelchair":null,"level":null,"backrest":null,"addr_postcode":null,"colour":null,"moped":null,"bike_ride":null,"location":null,"capacity_cargo_bike":null,"addr_floor":null}},{"type":"Feature","id":875,"geometry":{"type":"Point","coordinates":[7.6939770000000749,45.067677900000035]},"properties":{"OBJECTID":875,"F_id":"node/12634548501","access":null,"amenity":"bicycle_parking","bicycle_parking":"wall_loops","capacity":null,"covered":"no","fee":null,"survey_date":null,"building":null,"operator":null,"motorcycle":null,"lit":null,"opening_hours":null,"smoothness":null,"supervised":null,"surface":null,"indoor":null,"check_date":null,"name":null,"mapillary":null,"source":null,"check_date_capacity":null,"panoramax":null,"description":null,"operator_type":null,"addr_street":null,"addr_city":null,"addr_housenumber":null,"fixme":null,"website":null,"wheelchair":null,"level":null,"backrest":null,"addr_postcode":null,"colour":null,"moped":null,"bike_ride":null,"location":null,"capacity_cargo_bike":null,"addr_floor":null}},{"type":"Feature","id":876,"geometry":{"type":"Point","coordinates":[7.6888971000000765,45.062911500000041]},"properties":{"OBJECTID":876,"F_id":"node/12650442898","access":"yes","amenity":"bicycle_parking","bicycle_parking":"stands","capacity":"16","covered":"no","fee":"no","survey_date":null,"building":null,"operator":null,"motorcycle":null,"lit":null,"opening_hours":null,"smoothness":null,"supervised":null,"surface":null,"indoor":null,"check_date":null,"name":null,"mapillary":null,"source":null,"check_date_capacity":null,"panoramax":null,"description":null,"operator_type":null,"addr_street":null,"addr_city":null,"addr_housenumber":null,"fixme":null,"website":null,"wheelchair":null,"level":null,"backrest":null,"addr_postcode":null,"colour":null,"moped":null,"bike_ride":null,"location":null,"capacity_cargo_bike":null,"addr_floor":null}},{"type":"Feature","id":877,"geometry":{"type":"Point","coordinates":[7.6867107000000487,45.061984700000039]},"properties":{"OBJECTID":877,"F_id":"node/12681485187","access":"yes","amenity":"bicycle_parking","bicycle_parking":"stands","capacity":"2","covered":"no","fee":"no","survey_date":null,"building":null,"operator":null,"motorcycle":null,"lit":null,"opening_hours":null,"smoothness":null,"supervised":null,"surface":null,"indoor":null,"check_date":null,"name":null,"mapillary":null,"source":null,"check_date_capacity":null,"panoramax":null,"description":null,"operator_type":null,"addr_street":null,"addr_city":null,"addr_housenumber":null,"fixme":null,"website":null,"wheelchair":null,"level":null,"backrest":null,"addr_postcode":null,"colour":null,"moped":null,"bike_ride":null,"location":null,"capacity_cargo_bike":null,"addr_floor":null}},{"type":"Feature","id":878,"geometry":{"type":"Point","coordinates":[7.6867357000000425,45.061976700000059]},"properties":{"OBJECTID":878,"F_id":"node/12681485188","access":"yes","amenity":"bicycle_parking","bicycle_parking":"stands","capacity":"2","covered":"no","fee":"no","survey_date":null,"building":null,"operator":null,"motorcycle":null,"lit":null,"opening_hours":null,"smoothness":null,"supervised":null,"surface":null,"indoor":null,"check_date":null,"name":null,"mapillary":null,"source":null,"check_date_capacity":null,"panoramax":null,"description":null,"operator_type":null,"addr_street":null,"addr_city":null,"addr_housenumber":null,"fixme":null,"website":null,"wheelchair":null,"level":null,"backrest":null,"addr_postcode":null,"colour":null,"moped":null,"bike_ride":null,"location":null,"capacity_cargo_bike":null,"addr_floor":null}},{"type":"Feature","id":880,"geometry":{"type":"Point","coordinates":[7.6261649000000489,45.078182500000025]},"properties":{"OBJECTID":880,"F_id":"node/12712831795","access":null,"amenity":"bicycle_parking","bicycle_parking":"stands","capacity":"8","covered":"no","fee":null,"survey_date":null,"building":null,"operator":null,"motorcycle":null,"lit":null,"opening_hours":null,"smoothness":null,"supervised":null,"surface":null,"indoor":null,"check_date":null,"name":null,"mapillary":null,"source":null,"check_date_capacity":null,"panoramax":null,"description":null,"operator_type":null,"addr_street":null,"addr_city":null,"addr_housenumber":null,"fixme":null,"website":null,"wheelchair":null,"level":null,"backrest":null,"addr_postcode":null,"colour":null,"moped":null,"bike_ride":null,"location":null,"capacity_cargo_bike":null,"addr_floor":null}},{"type":"Feature","id":881,"geometry":{"type":"Point","coordinates":[7.6261379000000602,45.078137200000072]},"properties":{"OBJECTID":881,"F_id":"node/12712880205","access":null,"amenity":"bicycle_parking","bicycle_parking":"stands","capacity":"8","covered":"no","fee":null,"survey_date":null,"building":null,"operator":null,"motorcycle":null,"lit":null,"opening_hours":null,"smoothness":null,"supervised":null,"surface":null,"indoor":null,"check_date":null,"name":null,"mapillary":null,"source":null,"check_date_capacity":null,"panoramax":null,"description":null,"operator_type":null,"addr_street":null,"addr_city":null,"addr_housenumber":null,"fixme":null,"website":null,"wheelchair":null,"level":null,"backrest":null,"addr_postcode":null,"colour":null,"moped":null,"bike_ride":null,"location":null,"capacity_cargo_bike":null,"addr_floor":null}},{"type":"Feature","id":882,"geometry":{"type":"Point","coordinates":[7.6283553000000666,45.084353200000066]},"properties":{"OBJECTID":882,"F_id":"node/12791438497","access":"permit","amenity":"bicycle_parking","bicycle_parking":"wall_loops","capacity":"5","covered":"yes","fee":"no","survey_date":null,"building":null,"operator":"Senior Residence","motorcycle":null,"lit":null,"opening_hours":null,"smoothness":null,"supervised":null,"surface":null,"indoor":null,"check_date":null,"name":null,"mapillary":null,"source":null,"check_date_capacity":null,"panoramax":null,"description":null,"operator_type":"private","addr_street":null,"addr_city":null,"addr_housenumber":null,"fixme":null,"website":null,"wheelchair":null,"level":null,"backrest":null,"addr_postcode":null,"colour":null,"moped":null,"bike_ride":null,"location":null,"capacity_cargo_bike":null,"addr_floor":null}},{"type":"Feature","id":883,"geometry":{"type":"Point","coordinates":[7.7050035000000321,45.066294900000059]},"properties":{"OBJECTID":883,"F_id":"node/12812076106","access":null,"amenity":"bicycle_parking","bicycle_parking":"stands","capacity":"6","covered":"no","fee":null,"survey_date":null,"building":null,"operator":null,"motorcycle":null,"lit":null,"opening_hours":null,"smoothness":null,"supervised":null,"surface":null,"indoor":null,"check_date":null,"name":null,"mapillary":null,"source":null,"check_date_capacity":null,"panoramax":null,"description":null,"operator_type":null,"addr_street":null,"addr_city":null,"addr_housenumber":null,"fixme":null,"website":null,"wheelchair":null,"level":null,"backrest":null,"addr_postcode":null,"colour":null,"moped":null,"bike_ride":null,"location":null,"capacity_cargo_bike":null,"addr_floor":null}},{"type":"Feature","id":887,"geometry":{"type":"Point","coordinates":[7.7124745000000416,45.090591800000027]},"properties":{"OBJECTID":887,"F_id":"node/12836186579","access":null,"amenity":"bicycle_parking","bicycle_parking":"wall_loops","capacity":null,"covered":"no","fee":null,"survey_date":null,"building":null,"operator":null,"motorcycle":null,"lit":null,"opening_hours":null,"smoothness":null,"supervised":null,"surface":null,"indoor":null,"check_date":null,"name":null,"mapillary":null,"source":null,"check_date_capacity":null,"panoramax":null,"description":null,"operator_type":null,"addr_street":null,"addr_city":null,"addr_housenumber":null,"fixme":null,"website":null,"wheelchair":null,"level":null,"backrest":null,"addr_postcode":null,"colour":null,"moped":null,"bike_ride":null,"location":null,"capacity_cargo_bike":null,"addr_floor":null}},{"type":"Feature","id":889,"geometry":{"type":"Point","coordinates":[7.7061896000000729,45.066789800000038]},"properties":{"OBJECTID":889,"F_id":"node/12843998249","access":null,"amenity":"bicycle_parking","bicycle_parking":"stands","capacity":"6","covered":"no","fee":null,"survey_date":null,"building":null,"operator":null,"motorcycle":null,"lit":null,"opening_hours":null,"smoothness":null,"supervised":null,"surface":null,"indoor":null,"check_date":null,"name":null,"mapillary":null,"source":null,"check_date_capacity":null,"panoramax":null,"description":null,"operator_type":null,"addr_street":null,"addr_city":null,"addr_housenumber":null,"fixme":null,"website":null,"wheelchair":null,"level":null,"backrest":null,"addr_postcode":null,"colour":null,"moped":null,"bike_ride":null,"location":null,"capacity_cargo_bike":null,"addr_floor":null}},{"type":"Feature","id":890,"geometry":{"type":"Point","coordinates":[7.6848832000000584,45.082669100000032]},"properties":{"OBJECTID":890,"F_id":"node/12852846568","access":"yes","amenity":"bicycle_parking","bicycle_parking":"stands","capacity":"10","covered":"no","fee":"no","survey_date":null,"building":null,"operator":null,"motorcycle":null,"lit":null,"opening_hours":null,"smoothness":null,"supervised":null,"surface":null,"indoor":null,"check_date":null,"name":null,"mapillary":null,"source":null,"check_date_capacity":null,"panoramax":null,"description":null,"operator_type":null,"addr_street":null,"addr_city":null,"addr_housenumber":null,"fixme":null,"website":null,"wheelchair":null,"level":null,"backrest":null,"addr_postcode":null,"colour":null,"moped":null,"bike_ride":null,"location":null,"capacity_cargo_bike":null,"addr_floor":null}},{"type":"Feature","id":893,"geometry":{"type":"Point","coordinates":[7.6560916000000248,45.076560200000074]},"properties":{"OBJECTID":893,"F_id":"node/12889467141","access":null,"amenity":"bicycle_parking","bicycle_parking":"stands","capacity":"6","covered":"no","fee":null,"survey_date":null,"building":null,"operator":null,"motorcycle":null,"lit":null,"opening_hours":null,"smoothness":null,"supervised":null,"surface":null,"indoor":null,"check_date":null,"name":null,"mapillary":null,"source":null,"check_date_capacity":null,"panoramax":null,"description":null,"operator_type":null,"addr_street":null,"addr_city":null,"addr_housenumber":null,"fixme":null,"website":null,"wheelchair":null,"level":null,"backrest":null,"addr_postcode":null,"colour":null,"moped":null,"bike_ride":null,"location":null,"capacity_cargo_bike":null,"addr_floor":null}},{"type":"Feature","id":894,"geometry":{"type":"Point","coordinates":[7.655944800000043,45.076421500000038]},"properties":{"OBJECTID":894,"F_id":"node/12889481110","access":null,"amenity":"bicycle_parking","bicycle_parking":"stands","capacity":"4","covered":"no","fee":null,"survey_date":null,"building":null,"operator":null,"motorcycle":null,"lit":null,"opening_hours":null,"smoothness":null,"supervised":null,"surface":null,"indoor":null,"check_date":null,"name":null,"mapillary":null,"source":null,"check_date_capacity":null,"panoramax":null,"description":null,"operator_type":null,"addr_street":null,"addr_city":null,"addr_housenumber":null,"fixme":null,"website":null,"wheelchair":null,"level":null,"backrest":null,"addr_postcode":null,"colour":null,"moped":null,"bike_ride":null,"location":null,"capacity_cargo_bike":null,"addr_floor":null}},{"type":"Feature","id":895,"geometry":{"type":"Point","coordinates":[7.6560887000000548,45.076483300000064]},"properties":{"OBJECTID":895,"F_id":"node/12889485179","access":null,"amenity":"bicycle_parking","bicycle_parking":"stands","capacity":"10","covered":"no","fee":null,"survey_date":null,"building":null,"operator":null,"motorcycle":null,"lit":null,"opening_hours":null,"smoothness":null,"supervised":null,"surface":null,"indoor":null,"check_date":null,"name":null,"mapillary":null,"source":null,"check_date_capacity":null,"panoramax":null,"description":null,"operator_type":null,"addr_street":null,"addr_city":null,"addr_housenumber":null,"fixme":null,"website":null,"wheelchair":null,"level":null,"backrest":null,"addr_postcode":null,"colour":null,"moped":null,"bike_ride":null,"location":null,"capacity_cargo_bike":null,"addr_floor":null}},{"type":"Feature","id":896,"geometry":{"type":"Point","coordinates":[7.656062400000053,45.076559700000075]},"properties":{"OBJECTID":896,"F_id":"node/12889485978","access":null,"amenity":"bicycle_parking","bicycle_parking":"stands","capacity":"4","covered":"no","fee":null,"survey_date":null,"building":null,"operator":null,"motorcycle":null,"lit":null,"opening_hours":null,"smoothness":null,"supervised":null,"surface":null,"indoor":null,"check_date":null,"name":null,"mapillary":null,"source":null,"check_date_capacity":null,"panoramax":null,"description":null,"operator_type":null,"addr_street":null,"addr_city":null,"addr_housenumber":null,"fixme":null,"website":null,"wheelchair":null,"level":null,"backrest":null,"addr_postcode":null,"colour":null,"moped":null,"bike_ride":null,"location":null,"capacity_cargo_bike":null,"addr_floor":null}},{"type":"Feature","id":897,"geometry":{"type":"Point","coordinates":[7.6560634000000505,45.076574500000049]},"properties":{"OBJECTID":897,"F_id":"node/12889486162","access":null,"amenity":"bicycle_parking","bicycle_parking":"stands","capacity":"6","covered":"no","fee":null,"survey_date":null,"building":null,"operator":null,"motorcycle":null,"lit":null,"opening_hours":null,"smoothness":null,"supervised":null,"surface":null,"indoor":null,"check_date":null,"name":null,"mapillary":null,"source":null,"check_date_capacity":null,"panoramax":null,"description":null,"operator_type":null,"addr_street":null,"addr_city":null,"addr_housenumber":null,"fixme":null,"website":null,"wheelchair":null,"level":null,"backrest":null,"addr_postcode":null,"colour":null,"moped":null,"bike_ride":null,"location":null,"capacity_cargo_bike":null,"addr_floor":null}},{"type":"Feature","id":898,"geometry":{"type":"Point","coordinates":[7.629030000000057,45.071050700000058]},"properties":{"OBJECTID":898,"F_id":"node/12896310110","access":null,"amenity":"bicycle_parking","bicycle_parking":"stands","capacity":"12","covered":"no","fee":null,"survey_date":null,"building":null,"operator":null,"motorcycle":null,"lit":null,"opening_hours":null,"smoothness":null,"supervised":null,"surface":null,"indoor":null,"check_date":null,"name":null,"mapillary":null,"source":null,"check_date_capacity":null,"panoramax":null,"description":null,"operator_type":null,"addr_street":null,"addr_city":null,"addr_housenumber":null,"fixme":null,"website":null,"wheelchair":null,"level":null,"backrest":null,"addr_postcode":null,"colour":null,"moped":null,"bike_ride":null,"location":null,"capacity_cargo_bike":null,"addr_floor":null}},{"type":"Feature","id":901,"geometry":{"type":"Point","coordinates":[7.6933080000000587,45.09118200000006]},"properties":{"OBJECTID":901,"F_id":"node/12914341079","access":null,"amenity":"bicycle_parking","bicycle_parking":"stands","capacity":"8","covered":"no","fee":null,"survey_date":null,"building":null,"operator":null,"motorcycle":null,"lit":null,"opening_hours":null,"smoothness":null,"supervised":null,"surface":null,"indoor":null,"check_date":null,"name":null,"mapillary":null,"source":null,"check_date_capacity":null,"panoramax":null,"description":null,"operator_type":null,"addr_street":null,"addr_city":null,"addr_housenumber":null,"fixme":null,"website":null,"wheelchair":null,"level":null,"backrest":null,"addr_postcode":null,"colour":null,"moped":null,"bike_ride":null,"location":null,"capacity_cargo_bike":null,"addr_floor":null}},{"type":"Feature","id":903,"geometry":{"type":"Point","coordinates":[7.7098359000000301,45.096848300000033]},"properties":{"OBJECTID":903,"F_id":"node/12914386658","access":null,"amenity":"bicycle_parking","bicycle_parking":"stands","capacity":null,"covered":"no","fee":null,"survey_date":null,"building":null,"operator":null,"motorcycle":null,"lit":null,"opening_hours":null,"smoothness":null,"supervised":null,"surface":null,"indoor":null,"check_date":null,"name":null,"mapillary":null,"source":null,"check_date_capacity":null,"panoramax":null,"description":null,"operator_type":null,"addr_street":null,"addr_city":null,"addr_housenumber":null,"fixme":null,"website":null,"wheelchair":null,"level":null,"backrest":null,"addr_postcode":null,"colour":null,"moped":null,"bike_ride":null,"location":null,"capacity_cargo_bike":null,"addr_floor":null}},{"type":"Feature","id":904,"geometry":{"type":"Point","coordinates":[7.7010305000000585,45.068472200000031]},"properties":{"OBJECTID":904,"F_id":"node/12915235956","access":null,"amenity":"bicycle_parking","bicycle_parking":"stands","capacity":"16","covered":"no","fee":null,"survey_date":null,"building":null,"operator":null,"motorcycle":null,"lit":null,"opening_hours":null,"smoothness":null,"supervised":null,"surface":null,"indoor":null,"check_date":null,"name":null,"mapillary":null,"source":null,"check_date_capacity":null,"panoramax":null,"description":null,"operator_type":null,"addr_street":null,"addr_city":null,"addr_housenumber":null,"fixme":null,"website":null,"wheelchair":null,"level":null,"backrest":null,"addr_postcode":null,"colour":null,"moped":null,"bike_ride":null,"location":null,"capacity_cargo_bike":null,"addr_floor":null}},{"type":"Feature","id":905,"geometry":{"type":"Point","coordinates":[7.6469390000000317,45.070617600000048]},"properties":{"OBJECTID":905,"F_id":"node/12951928674","access":null,"amenity":"bicycle_parking","bicycle_parking":"stands","capacity":"4","covered":"no","fee":null,"survey_date":null,"building":null,"operator":null,"motorcycle":null,"lit":null,"opening_hours":null,"smoothness":null,"supervised":null,"surface":null,"indoor":null,"check_date":null,"name":null,"mapillary":null,"source":null,"check_date_capacity":null,"panoramax":null,"description":null,"operator_type":null,"addr_street":null,"addr_city":null,"addr_housenumber":null,"fixme":null,"website":null,"wheelchair":null,"level":null,"backrest":null,"addr_postcode":null,"colour":null,"moped":null,"bike_ride":null,"location":null,"capacity_cargo_bike":null,"addr_floor":null}},{"type":"Feature","id":906,"geometry":{"type":"Point","coordinates":[7.6766439000000446,45.080430900000067]},"properties":{"OBJECTID":906,"F_id":"node/12960979068","access":null,"amenity":"bicycle_parking","bicycle_parking":"stands","capacity":"4","covered":"no","fee":null,"survey_date":null,"building":null,"operator":null,"motorcycle":null,"lit":null,"opening_hours":null,"smoothness":null,"supervised":null,"surface":null,"indoor":null,"check_date":null,"name":null,"mapillary":null,"source":null,"check_date_capacity":null,"panoramax":null,"description":null,"operator_type":null,"addr_street":null,"addr_city":null,"addr_housenumber":null,"fixme":null,"website":null,"wheelchair":null,"level":null,"backrest":null,"addr_postcode":null,"colour":null,"moped":null,"bike_ride":null,"location":null,"capacity_cargo_bike":null,"addr_floor":null}},{"type":"Feature","id":907,"geometry":{"type":"Point","coordinates":[7.6759693000000766,45.080560000000048]},"properties":{"OBJECTID":907,"F_id":"node/12960995980","access":null,"amenity":"bicycle_parking","bicycle_parking":"stands","capacity":"2","covered":"no","fee":null,"survey_date":null,"building":null,"operator":null,"motorcycle":null,"lit":null,"opening_hours":null,"smoothness":null,"supervised":null,"surface":null,"indoor":null,"check_date":null,"name":null,"mapillary":null,"source":null,"check_date_capacity":null,"panoramax":null,"description":null,"operator_type":null,"addr_street":null,"addr_city":null,"addr_housenumber":null,"fixme":null,"website":null,"wheelchair":null,"level":null,"backrest":null,"addr_postcode":null,"colour":null,"moped":null,"bike_ride":null,"location":null,"capacity_cargo_bike":null,"addr_floor":null}},{"type":"Feature","id":908,"geometry":{"type":"Point","coordinates":[7.674467800000059,45.076202700000067]},"properties":{"OBJECTID":908,"F_id":"node/12962232569","access":null,"amenity":"bicycle_parking","bicycle_parking":"wall_loops","capacity":"4","covered":"no","fee":null,"survey_date":null,"building":null,"operator":null,"motorcycle":null,"lit":null,"opening_hours":null,"smoothness":null,"supervised":null,"surface":null,"indoor":null,"check_date":null,"name":null,"mapillary":null,"source":null,"check_date_capacity":null,"panoramax":null,"description":null,"operator_type":null,"addr_street":null,"addr_city":null,"addr_housenumber":null,"fixme":null,"website":null,"wheelchair":null,"level":null,"backrest":null,"addr_postcode":null,"colour":null,"moped":null,"bike_ride":null,"location":null,"capacity_cargo_bike":null,"addr_floor":null}},{"type":"Feature","id":910,"geometry":{"type":"Point","coordinates":[7.7073056000000406,45.067232800000056]},"properties":{"OBJECTID":910,"F_id":"node/12986009917","access":null,"amenity":"bicycle_parking","bicycle_parking":"stands","capacity":"8","covered":"no","fee":null,"survey_date":null,"building":null,"operator":null,"motorcycle":null,"lit":null,"opening_hours":null,"smoothness":null,"supervised":null,"surface":null,"indoor":null,"check_date":null,"name":null,"mapillary":null,"source":null,"check_date_capacity":null,"panoramax":null,"description":null,"operator_type":null,"addr_street":null,"addr_city":null,"addr_housenumber":null,"fixme":null,"website":null,"wheelchair":null,"level":null,"backrest":null,"addr_postcode":null,"colour":null,"moped":null,"bike_ride":null,"location":null,"capacity_cargo_bike":null,"addr_floor":null}},{"type":"Feature","id":911,"geometry":{"type":"Point","coordinates":[7.7005442000000244,45.096515000000068]},"properties":{"OBJECTID":911,"F_id":"node/12989981504","access":"yes","amenity":"bicycle_parking","bicycle_parking":"stands","capacity":"8","covered":"no","fee":"no","survey_date":null,"building":null,"operator":null,"motorcycle":"yes","lit":null,"opening_hours":null,"smoothness":null,"supervised":null,"surface":null,"indoor":"no","check_date":null,"name":null,"mapillary":null,"source":null,"check_date_capacity":null,"panoramax":null,"description":null,"operator_type":null,"addr_street":null,"addr_city":null,"addr_housenumber":null,"fixme":null,"website":null,"wheelchair":null,"level":null,"backrest":null,"addr_postcode":null,"colour":null,"moped":"yes","bike_ride":null,"location":null,"capacity_cargo_bike":null,"addr_floor":null}},{"type":"Feature","id":912,"geometry":{"type":"Point","coordinates":[7.6592989000000671,45.088906300000076]},"properties":{"OBJECTID":912,"F_id":"node/12996199743","access":null,"amenity":"bicycle_parking","bicycle_parking":"stands","capacity":"8","covered":"no","fee":null,"survey_date":null,"building":null,"operator":null,"motorcycle":null,"lit":null,"opening_hours":null,"smoothness":null,"supervised":null,"surface":null,"indoor":null,"check_date":null,"name":null,"mapillary":null,"source":null,"check_date_capacity":null,"panoramax":null,"description":null,"operator_type":null,"addr_street":null,"addr_city":null,"addr_housenumber":null,"fixme":null,"website":null,"wheelchair":null,"level":null,"backrest":null,"addr_postcode":null,"colour":null,"moped":null,"bike_ride":null,"location":null,"capacity_cargo_bike":null,"addr_floor":null}},{"type":"Feature","id":913,"geometry":{"type":"Point","coordinates":[7.7007788000000232,45.096653700000047]},"properties":{"OBJECTID":913,"F_id":"node/12997304022","access":"yes","amenity":"bicycle_parking","bicycle_parking":"stands","capacity":"20","covered":"no","fee":"no","survey_date":null,"building":null,"operator":null,"motorcycle":"yes","lit":null,"opening_hours":null,"smoothness":null,"supervised":null,"surface":null,"indoor":"no","check_date":null,"name":null,"mapillary":null,"source":null,"check_date_capacity":null,"panoramax":null,"description":null,"operator_type":null,"addr_street":null,"addr_city":null,"addr_housenumber":null,"fixme":null,"website":null,"wheelchair":null,"level":null,"backrest":null,"addr_postcode":null,"colour":null,"moped":"yes","bike_ride":null,"location":null,"capacity_cargo_bike":null,"addr_floor":null}},{"type":"Feature","id":914,"geometry":{"type":"Point","coordinates":[7.6974193000000355,45.071123100000079]},"properties":{"OBJECTID":914,"F_id":"node/13011786017","access":null,"amenity":"bicycle_parking","bicycle_parking":"stands","capacity":"6","covered":"no","fee":null,"survey_date":null,"building":null,"operator":null,"motorcycle":null,"lit":null,"opening_hours":null,"smoothness":null,"supervised":null,"surface":null,"indoor":null,"check_date":null,"name":null,"mapillary":null,"source":null,"check_date_capacity":null,"panoramax":null,"description":null,"operator_type":null,"addr_street":null,"addr_city":null,"addr_housenumber":null,"fixme":null,"website":null,"wheelchair":null,"level":null,"backrest":null,"addr_postcode":null,"colour":null,"moped":null,"bike_ride":null,"location":null,"capacity_cargo_bike":null,"addr_floor":null}},{"type":"Feature","id":915,"geometry":{"type":"Point","coordinates":[7.6972690000000625,45.071012000000053]},"properties":{"OBJECTID":915,"F_id":"node/13011795861","access":null,"amenity":"bicycle_parking","bicycle_parking":"stands","capacity":"8","covered":"no","fee":null,"survey_date":null,"building":null,"operator":null,"motorcycle":null,"lit":null,"opening_hours":null,"smoothness":null,"supervised":null,"surface":null,"indoor":null,"check_date":null,"name":null,"mapillary":null,"source":null,"check_date_capacity":null,"panoramax":null,"description":null,"operator_type":null,"addr_street":null,"addr_city":null,"addr_housenumber":null,"fixme":null,"website":null,"wheelchair":null,"level":null,"backrest":null,"addr_postcode":null,"colour":null,"moped":null,"bike_ride":null,"location":null,"capacity_cargo_bike":null,"addr_floor":null}},{"type":"Feature","id":919,"geometry":{"type":"Point","coordinates":[7.669355400000029,45.087121900000056]},"properties":{"OBJECTID":919,"F_id":"node/13026966312","access":null,"amenity":"bicycle_parking","bicycle_parking":"stands","capacity":"4","covered":"no","fee":null,"survey_date":null,"building":null,"operator":null,"motorcycle":null,"lit":null,"opening_hours":null,"smoothness":null,"supervised":null,"surface":null,"indoor":null,"check_date":null,"name":null,"mapillary":null,"source":null,"check_date_capacity":null,"panoramax":null,"description":null,"operator_type":null,"addr_street":null,"addr_city":null,"addr_housenumber":null,"fixme":null,"website":null,"wheelchair":null,"level":null,"backrest":null,"addr_postcode":null,"colour":null,"moped":null,"bike_ride":null,"location":null,"capacity_cargo_bike":null,"addr_floor":null}},{"type":"Feature","id":920,"geometry":{"type":"Point","coordinates":[7.6693316000000209,45.087004900000068]},"properties":{"OBJECTID":920,"F_id":"node/13026970105","access":null,"amenity":"bicycle_parking","bicycle_parking":"stands","capacity":"8","covered":"no","fee":null,"survey_date":null,"building":null,"operator":null,"motorcycle":null,"lit":null,"opening_hours":null,"smoothness":null,"supervised":null,"surface":null,"indoor":null,"check_date":null,"name":null,"mapillary":null,"source":null,"check_date_capacity":null,"panoramax":null,"description":null,"operator_type":null,"addr_street":null,"addr_city":null,"addr_housenumber":null,"fixme":null,"website":null,"wheelchair":null,"level":null,"backrest":null,"addr_postcode":null,"colour":null,"moped":null,"bike_ride":null,"location":null,"capacity_cargo_bike":null,"addr_floor":null}},{"type":"Feature","id":921,"geometry":{"type":"Point","coordinates":[7.6680691000000252,45.08439560000005]},"properties":{"OBJECTID":921,"F_id":"node/13026972875","access":null,"amenity":"bicycle_parking","bicycle_parking":"stands","capacity":"6","covered":"no","fee":null,"survey_date":null,"building":null,"operator":null,"motorcycle":null,"lit":null,"opening_hours":null,"smoothness":null,"supervised":null,"surface":null,"indoor":null,"check_date":null,"name":null,"mapillary":null,"source":null,"check_date_capacity":null,"panoramax":null,"description":null,"operator_type":null,"addr_street":null,"addr_city":null,"addr_housenumber":null,"fixme":null,"website":null,"wheelchair":null,"level":null,"backrest":null,"addr_postcode":null,"colour":null,"moped":null,"bike_ride":null,"location":null,"capacity_cargo_bike":null,"addr_floor":null}},{"type":"Feature","id":922,"geometry":{"type":"Point","coordinates":[7.6784981000000698,45.085922000000039]},"properties":{"OBJECTID":922,"F_id":"node/13031144492","access":null,"amenity":"bicycle_parking","bicycle_parking":"stands","capacity":"10","covered":null,"fee":null,"survey_date":"2025-07-28","building":null,"operator":null,"motorcycle":null,"lit":null,"opening_hours":null,"smoothness":null,"supervised":null,"surface":null,"indoor":null,"check_date":null,"name":null,"mapillary":null,"source":null,"check_date_capacity":null,"panoramax":null,"description":null,"operator_type":null,"addr_street":null,"addr_city":null,"addr_housenumber":null,"fixme":null,"website":null,"wheelchair":null,"level":null,"backrest":null,"addr_postcode":null,"colour":null,"moped":null,"bike_ride":null,"location":null,"capacity_cargo_bike":null,"addr_floor":null}},{"type":"Feature","id":923,"geometry":{"type":"Point","coordinates":[7.6777994000000263,45.083316400000058]},"properties":{"OBJECTID":923,"F_id":"node/13031764500","access":null,"amenity":"bicycle_parking","bicycle_parking":"stands","capacity":"6","covered":"no","fee":null,"survey_date":"2025-07-28","building":null,"operator":null,"motorcycle":null,"lit":null,"opening_hours":null,"smoothness":null,"supervised":null,"surface":null,"indoor":null,"check_date":null,"name":null,"mapillary":null,"source":null,"check_date_capacity":null,"panoramax":null,"description":null,"operator_type":null,"addr_street":null,"addr_city":null,"addr_housenumber":null,"fixme":null,"website":null,"wheelchair":null,"level":null,"backrest":null,"addr_postcode":null,"colour":null,"moped":null,"bike_ride":null,"location":null,"capacity_cargo_bike":null,"addr_floor":null}},{"type":"Feature","id":924,"geometry":{"type":"Point","coordinates":[7.6776881000000685,45.083357600000056]},"properties":{"OBJECTID":924,"F_id":"node/13031764501","access":null,"amenity":"bicycle_parking","bicycle_parking":"stands","capacity":"2","covered":"no","fee":null,"survey_date":"2025-07-28","building":null,"operator":null,"motorcycle":null,"lit":null,"opening_hours":null,"smoothness":null,"supervised":null,"surface":null,"indoor":null,"check_date":null,"name":null,"mapillary":null,"source":null,"check_date_capacity":null,"panoramax":null,"description":null,"operator_type":null,"addr_street":null,"addr_city":null,"addr_housenumber":null,"fixme":null,"website":null,"wheelchair":null,"level":null,"backrest":null,"addr_postcode":null,"colour":null,"moped":null,"bike_ride":null,"location":null,"capacity_cargo_bike":null,"addr_floor":null}},{"type":"Feature","id":925,"geometry":{"type":"Point","coordinates":[7.6777493000000732,45.083016500000042]},"properties":{"OBJECTID":925,"F_id":"node/13031764505","access":null,"amenity":"bicycle_parking","bicycle_parking":"stands","capacity":"6","covered":null,"fee":null,"survey_date":"2025-07-28","building":null,"operator":null,"motorcycle":null,"lit":null,"opening_hours":null,"smoothness":null,"supervised":null,"surface":null,"indoor":null,"check_date":null,"name":null,"mapillary":null,"source":null,"check_date_capacity":null,"panoramax":null,"description":null,"operator_type":null,"addr_street":null,"addr_city":null,"addr_housenumber":null,"fixme":null,"website":null,"wheelchair":null,"level":null,"backrest":null,"addr_postcode":null,"colour":null,"moped":null,"bike_ride":null,"location":null,"capacity_cargo_bike":null,"addr_floor":null}},{"type":"Feature","id":926,"geometry":{"type":"Point","coordinates":[7.6785147000000507,45.082165100000054]},"properties":{"OBJECTID":926,"F_id":"node/13031773532","access":null,"amenity":"bicycle_parking","bicycle_parking":null,"capacity":"8","covered":null,"fee":null,"survey_date":"2025-07-28","building":null,"operator":null,"motorcycle":null,"lit":null,"opening_hours":null,"smoothness":null,"supervised":null,"surface":null,"indoor":null,"check_date":null,"name":null,"mapillary":null,"source":null,"check_date_capacity":null,"panoramax":null,"description":null,"operator_type":null,"addr_street":null,"addr_city":null,"addr_housenumber":null,"fixme":null,"website":null,"wheelchair":null,"level":null,"backrest":null,"addr_postcode":null,"colour":null,"moped":null,"bike_ride":null,"location":null,"capacity_cargo_bike":null,"addr_floor":null}},{"type":"Feature","id":927,"geometry":{"type":"Point","coordinates":[7.6786714000000416,45.082253800000046]},"properties":{"OBJECTID":927,"F_id":"node/13031773533","access":null,"amenity":"bicycle_parking","bicycle_parking":null,"capacity":"2","covered":null,"fee":null,"survey_date":"2025-07-28","building":null,"operator":null,"motorcycle":null,"lit":null,"opening_hours":null,"smoothness":null,"supervised":null,"surface":null,"indoor":null,"check_date":null,"name":null,"mapillary":null,"source":null,"check_date_capacity":null,"panoramax":null,"description":null,"operator_type":null,"addr_street":null,"addr_city":null,"addr_housenumber":null,"fixme":null,"website":null,"wheelchair":null,"level":null,"backrest":null,"addr_postcode":null,"colour":null,"moped":null,"bike_ride":null,"location":null,"capacity_cargo_bike":null,"addr_floor":null}},{"type":"Feature","id":928,"geometry":{"type":"Point","coordinates":[7.6771586000000411,45.082281700000067]},"properties":{"OBJECTID":928,"F_id":"node/13031774310","access":null,"amenity":"bicycle_parking","bicycle_parking":"stands","capacity":"12","covered":"no","fee":null,"survey_date":"2025-07-28","building":null,"operator":null,"motorcycle":null,"lit":null,"opening_hours":null,"smoothness":null,"supervised":null,"surface":null,"indoor":null,"check_date":null,"name":null,"mapillary":null,"source":null,"check_date_capacity":null,"panoramax":null,"description":null,"operator_type":null,"addr_street":null,"addr_city":null,"addr_housenumber":null,"fixme":null,"website":null,"wheelchair":null,"level":null,"backrest":null,"addr_postcode":null,"colour":null,"moped":null,"bike_ride":null,"location":null,"capacity_cargo_bike":null,"addr_floor":null}},{"type":"Feature","id":929,"geometry":{"type":"Point","coordinates":[7.6780874000000381,45.082106800000076]},"properties":{"OBJECTID":929,"F_id":"node/13031783911","access":null,"amenity":"bicycle_parking","bicycle_parking":null,"capacity":"4","covered":null,"fee":null,"survey_date":"2025-07-28","building":null,"operator":null,"motorcycle":null,"lit":null,"opening_hours":null,"smoothness":null,"supervised":null,"surface":null,"indoor":null,"check_date":null,"name":null,"mapillary":null,"source":null,"check_date_capacity":null,"panoramax":null,"description":null,"operator_type":null,"addr_street":null,"addr_city":null,"addr_housenumber":null,"fixme":null,"website":null,"wheelchair":null,"level":null,"backrest":null,"addr_postcode":null,"colour":null,"moped":null,"bike_ride":null,"location":null,"capacity_cargo_bike":null,"addr_floor":null}},{"type":"Feature","id":933,"geometry":{"type":"Point","coordinates":[7.6801419000000237,45.076597700000036]},"properties":{"OBJECTID":933,"F_id":"node/13074641241","access":null,"amenity":"bicycle_parking","bicycle_parking":"stands","capacity":null,"covered":"no","fee":null,"survey_date":null,"building":null,"operator":null,"motorcycle":null,"lit":null,"opening_hours":null,"smoothness":null,"supervised":null,"surface":null,"indoor":null,"check_date":null,"name":null,"mapillary":null,"source":null,"check_date_capacity":null,"panoramax":null,"description":null,"operator_type":null,"addr_street":null,"addr_city":null,"addr_housenumber":null,"fixme":null,"website":null,"wheelchair":null,"level":null,"backrest":null,"addr_postcode":null,"colour":null,"moped":null,"bike_ride":null,"location":null,"capacity_cargo_bike":null,"addr_floor":null}},{"type":"Feature","id":936,"geometry":{"type":"Point","coordinates":[7.6719198000000688,45.021410500000059]},"properties":{"OBJECTID":936,"F_id":"node/13137540508","access":null,"amenity":"bicycle_parking","bicycle_parking":"wall_loops","capacity":null,"covered":"yes","fee":null,"survey_date":null,"building":null,"operator":null,"motorcycle":null,"lit":null,"opening_hours":null,"smoothness":null,"supervised":null,"surface":null,"indoor":null,"check_date":null,"name":null,"mapillary":null,"source":null,"check_date_capacity":null,"panoramax":null,"description":null,"operator_type":null,"addr_street":null,"addr_city":null,"addr_housenumber":null,"fixme":null,"website":null,"wheelchair":null,"level":null,"backrest":null,"addr_postcode":null,"colour":null,"moped":null,"bike_ride":null,"location":null,"capacity_cargo_bike":null,"addr_floor":null}},{"type":"Feature","id":937,"geometry":{"type":"Point","coordinates":[7.6736922000000618,45.07277490000007]},"properties":{"OBJECTID":937,"F_id":"node/13142731612","access":null,"amenity":"bicycle_parking","bicycle_parking":"stands","capacity":"8","covered":"no","fee":null,"survey_date":null,"building":null,"operator":null,"motorcycle":null,"lit":null,"opening_hours":null,"smoothness":null,"supervised":null,"surface":null,"indoor":null,"check_date":null,"name":null,"mapillary":null,"source":null,"check_date_capacity":null,"panoramax":null,"description":null,"operator_type":null,"addr_street":null,"addr_city":null,"addr_housenumber":null,"fixme":null,"website":null,"wheelchair":null,"level":null,"backrest":null,"addr_postcode":null,"colour":null,"moped":null,"bike_ride":null,"location":null,"capacity_cargo_bike":null,"addr_floor":null}},{"type":"Feature","id":938,"geometry":{"type":"Point","coordinates":[7.6749975000000745,45.071411400000045]},"properties":{"OBJECTID":938,"F_id":"node/13142999531","access":null,"amenity":"bicycle_parking","bicycle_parking":"stands","capacity":"6","covered":"no","fee":null,"survey_date":null,"building":null,"operator":null,"motorcycle":null,"lit":null,"opening_hours":null,"smoothness":null,"supervised":null,"surface":null,"indoor":null,"check_date":null,"name":null,"mapillary":null,"source":null,"check_date_capacity":null,"panoramax":null,"description":null,"operator_type":null,"addr_street":null,"addr_city":null,"addr_housenumber":null,"fixme":null,"website":null,"wheelchair":null,"level":null,"backrest":null,"addr_postcode":null,"colour":null,"moped":null,"bike_ride":null,"location":null,"capacity_cargo_bike":null,"addr_floor":null}},{"type":"Feature","id":939,"geometry":{"type":"Point","coordinates":[7.6973971000000461,45.073418300000071]},"properties":{"OBJECTID":939,"F_id":"node/13143013240","access":null,"amenity":"bicycle_parking","bicycle_parking":"stands","capacity":"4","covered":"no","fee":null,"survey_date":null,"building":null,"operator":null,"motorcycle":null,"lit":null,"opening_hours":null,"smoothness":null,"supervised":null,"surface":null,"indoor":null,"check_date":null,"name":null,"mapillary":null,"source":null,"check_date_capacity":null,"panoramax":null,"description":null,"operator_type":null,"addr_street":null,"addr_city":null,"addr_housenumber":null,"fixme":null,"website":null,"wheelchair":null,"level":null,"backrest":null,"addr_postcode":null,"colour":null,"moped":null,"bike_ride":null,"location":null,"capacity_cargo_bike":null,"addr_floor":null}},{"type":"Feature","id":940,"geometry":{"type":"Point","coordinates":[7.7003610000000435,45.074340300000074]},"properties":{"OBJECTID":940,"F_id":"node/13143022643","access":null,"amenity":"bicycle_parking","bicycle_parking":"stands","capacity":"14","covered":"no","fee":null,"survey_date":null,"building":null,"operator":null,"motorcycle":null,"lit":null,"opening_hours":null,"smoothness":null,"supervised":null,"surface":null,"indoor":null,"check_date":null,"name":null,"mapillary":null,"source":null,"check_date_capacity":null,"panoramax":null,"description":null,"operator_type":null,"addr_street":null,"addr_city":null,"addr_housenumber":null,"fixme":null,"website":null,"wheelchair":null,"level":null,"backrest":null,"addr_postcode":null,"colour":null,"moped":null,"bike_ride":null,"location":null,"capacity_cargo_bike":null,"addr_floor":null}},{"type":"Feature","id":941,"geometry":{"type":"Point","coordinates":[7.6975883000000636,45.073461800000075]},"properties":{"OBJECTID":941,"F_id":"node/13143034941","access":null,"amenity":"bicycle_parking","bicycle_parking":"stands","capacity":"4","covered":"no","fee":null,"survey_date":null,"building":null,"operator":null,"motorcycle":null,"lit":null,"opening_hours":null,"smoothness":null,"supervised":null,"surface":null,"indoor":null,"check_date":null,"name":null,"mapillary":null,"source":null,"check_date_capacity":null,"panoramax":null,"description":null,"operator_type":null,"addr_street":null,"addr_city":null,"addr_housenumber":null,"fixme":null,"website":null,"wheelchair":null,"level":null,"backrest":null,"addr_postcode":null,"colour":null,"moped":null,"bike_ride":null,"location":null,"capacity_cargo_bike":null,"addr_floor":null}},{"type":"Feature","id":942,"geometry":{"type":"Point","coordinates":[7.6975312000000713,45.073446900000079]},"properties":{"OBJECTID":942,"F_id":"node/13143041199","access":null,"amenity":"bicycle_parking","bicycle_parking":"stands","capacity":"4","covered":"no","fee":null,"survey_date":null,"building":null,"operator":null,"motorcycle":null,"lit":null,"opening_hours":null,"smoothness":null,"supervised":null,"surface":null,"indoor":null,"check_date":null,"name":null,"mapillary":null,"source":null,"check_date_capacity":null,"panoramax":null,"description":null,"operator_type":null,"addr_street":null,"addr_city":null,"addr_housenumber":null,"fixme":null,"website":null,"wheelchair":null,"level":null,"backrest":null,"addr_postcode":null,"colour":null,"moped":null,"bike_ride":null,"location":null,"capacity_cargo_bike":null,"addr_floor":null}},{"type":"Feature","id":943,"geometry":{"type":"Point","coordinates":[7.6740536000000361,45.07175200000006]},"properties":{"OBJECTID":943,"F_id":"node/13143056907","access":null,"amenity":"bicycle_parking","bicycle_parking":"stands","capacity":"8","covered":"no","fee":null,"survey_date":null,"building":null,"operator":null,"motorcycle":null,"lit":null,"opening_hours":null,"smoothness":null,"supervised":null,"surface":null,"indoor":null,"check_date":null,"name":null,"mapillary":null,"source":null,"check_date_capacity":null,"panoramax":null,"description":null,"operator_type":null,"addr_street":null,"addr_city":null,"addr_housenumber":null,"fixme":null,"website":null,"wheelchair":null,"level":null,"backrest":null,"addr_postcode":null,"colour":null,"moped":null,"bike_ride":null,"location":null,"capacity_cargo_bike":null,"addr_floor":null}},{"type":"Feature","id":944,"geometry":{"type":"Point","coordinates":[7.697461100000055,45.073433600000044]},"properties":{"OBJECTID":944,"F_id":"node/13143058309","access":null,"amenity":"bicycle_parking","bicycle_parking":"stands","capacity":"4","covered":"no","fee":null,"survey_date":null,"building":null,"operator":null,"motorcycle":null,"lit":null,"opening_hours":null,"smoothness":null,"supervised":null,"surface":null,"indoor":null,"check_date":null,"name":null,"mapillary":null,"source":null,"check_date_capacity":null,"panoramax":null,"description":null,"operator_type":null,"addr_street":null,"addr_city":null,"addr_housenumber":null,"fixme":null,"website":null,"wheelchair":null,"level":null,"backrest":null,"addr_postcode":null,"colour":null,"moped":null,"bike_ride":null,"location":null,"capacity_cargo_bike":null,"addr_floor":null}},{"type":"Feature","id":945,"geometry":{"type":"Point","coordinates":[7.6659007000000656,45.086929500000053]},"properties":{"OBJECTID":945,"F_id":"node/13175581648","access":null,"amenity":"bicycle_parking","bicycle_parking":"stands","capacity":"8","covered":"no","fee":null,"survey_date":null,"building":null,"operator":null,"motorcycle":null,"lit":null,"opening_hours":null,"smoothness":null,"supervised":null,"surface":null,"indoor":null,"check_date":null,"name":null,"mapillary":null,"source":null,"check_date_capacity":null,"panoramax":null,"description":null,"operator_type":null,"addr_street":null,"addr_city":null,"addr_housenumber":null,"fixme":null,"website":null,"wheelchair":null,"level":null,"backrest":null,"addr_postcode":null,"colour":null,"moped":null,"bike_ride":null,"location":null,"capacity_cargo_bike":null,"addr_floor":null}},{"type":"Feature","id":947,"geometry":{"type":"Point","coordinates":[7.6551947000000382,45.076124200000038]},"properties":{"OBJECTID":947,"F_id":"node/13231686483","access":null,"amenity":"bicycle_parking","bicycle_parking":"stands","capacity":"8","covered":"no","fee":null,"survey_date":null,"building":null,"operator":null,"motorcycle":null,"lit":null,"opening_hours":null,"smoothness":null,"supervised":null,"surface":null,"indoor":null,"check_date":null,"name":null,"mapillary":null,"source":null,"check_date_capacity":null,"panoramax":null,"description":null,"operator_type":null,"addr_street":null,"addr_city":null,"addr_housenumber":null,"fixme":null,"website":null,"wheelchair":null,"level":null,"backrest":null,"addr_postcode":null,"colour":null,"moped":null,"bike_ride":null,"location":null,"capacity_cargo_bike":null,"addr_floor":null}},{"type":"Feature","id":948,"geometry":{"type":"Point","coordinates":[7.6556455000000483,45.07623140000004]},"properties":{"OBJECTID":948,"F_id":"node/13231692502","access":null,"amenity":"bicycle_parking","bicycle_parking":"stands","capacity":"8","covered":"no","fee":null,"survey_date":null,"building":null,"operator":null,"motorcycle":null,"lit":null,"opening_hours":null,"smoothness":null,"supervised":null,"surface":null,"indoor":null,"check_date":null,"name":null,"mapillary":null,"source":null,"check_date_capacity":null,"panoramax":null,"description":null,"operator_type":null,"addr_street":null,"addr_city":null,"addr_housenumber":null,"fixme":null,"website":null,"wheelchair":null,"level":null,"backrest":null,"addr_postcode":null,"colour":null,"moped":null,"bike_ride":null,"location":null,"capacity_cargo_bike":null,"addr_floor":null}},{"type":"Feature","id":950,"geometry":{"type":"Point","coordinates":[7.6401266000000305,45.081440400000076]},"properties":{"OBJECTID":950,"F_id":"node/13273630892","access":null,"amenity":"bicycle_parking","bicycle_parking":"stands","capacity":"8","covered":"no","fee":null,"survey_date":null,"building":null,"operator":null,"motorcycle":null,"lit":null,"opening_hours":null,"smoothness":null,"supervised":null,"surface":null,"indoor":null,"check_date":null,"name":null,"mapillary":null,"source":null,"check_date_capacity":null,"panoramax":null,"description":null,"operator_type":null,"addr_street":null,"addr_city":null,"addr_housenumber":null,"fixme":null,"website":null,"wheelchair":null,"level":null,"backrest":null,"addr_postcode":null,"colour":null,"moped":null,"bike_ride":null,"location":null,"capacity_cargo_bike":null,"addr_floor":null}},{"type":"Feature","id":951,"geometry":{"type":"Point","coordinates":[7.6843620000000215,45.053189700000075]},"properties":{"OBJECTID":951,"F_id":"node/13283071994","access":null,"amenity":"bicycle_parking","bicycle_parking":"stands","capacity":"8","covered":"no","fee":"no","survey_date":null,"building":null,"operator":null,"motorcycle":null,"lit":null,"opening_hours":null,"smoothness":null,"supervised":null,"surface":null,"indoor":null,"check_date":null,"name":null,"mapillary":null,"source":null,"check_date_capacity":null,"panoramax":null,"description":null,"operator_type":null,"addr_street":null,"addr_city":null,"addr_housenumber":null,"fixme":null,"website":null,"wheelchair":null,"level":null,"backrest":null,"addr_postcode":null,"colour":null,"moped":null,"bike_ride":null,"location":null,"capacity_cargo_bike":null,"addr_floor":null}},{"type":"Feature","id":952,"geometry":{"type":"Point","coordinates":[7.684460500000057,45.055008600000065]},"properties":{"OBJECTID":952,"F_id":"node/13283086792","access":null,"amenity":"bicycle_parking","bicycle_parking":"floor","capacity":null,"covered":"no","fee":null,"survey_date":null,"building":null,"operator":null,"motorcycle":null,"lit":null,"opening_hours":null,"smoothness":null,"supervised":null,"surface":null,"indoor":null,"check_date":null,"name":null,"mapillary":null,"source":null,"check_date_capacity":null,"panoramax":"28714704-e27b-4729-8548-903341bbbf49","description":null,"operator_type":null,"addr_street":null,"addr_city":null,"addr_housenumber":null,"fixme":null,"website":null,"wheelchair":null,"level":null,"backrest":null,"addr_postcode":null,"colour":null,"moped":null,"bike_ride":null,"location":"surface","capacity_cargo_bike":null,"addr_floor":null}},{"type":"Feature","id":953,"geometry":{"type":"Point","coordinates":[7.6850247000000422,45.054090700000074]},"properties":{"OBJECTID":953,"F_id":"node/13283101982","access":null,"amenity":"bicycle_parking","bicycle_parking":"stands","capacity":"14","covered":"no","fee":null,"survey_date":null,"building":null,"operator":null,"motorcycle":null,"lit":null,"opening_hours":null,"smoothness":null,"supervised":null,"surface":null,"indoor":null,"check_date":null,"name":null,"mapillary":null,"source":null,"check_date_capacity":null,"panoramax":null,"description":null,"operator_type":null,"addr_street":null,"addr_city":null,"addr_housenumber":null,"fixme":null,"website":null,"wheelchair":null,"level":null,"backrest":null,"addr_postcode":null,"colour":null,"moped":null,"bike_ride":null,"location":null,"capacity_cargo_bike":null,"addr_floor":null}},{"type":"Feature","id":954,"geometry":{"type":"Point","coordinates":[7.6841255000000501,45.054693100000065]},"properties":{"OBJECTID":954,"F_id":"node/13283160701","access":null,"amenity":"bicycle_parking","bicycle_parking":"floor","capacity":null,"covered":"no","fee":null,"survey_date":null,"building":null,"operator":null,"motorcycle":null,"lit":null,"opening_hours":null,"smoothness":null,"supervised":null,"surface":null,"indoor":null,"check_date":null,"name":null,"mapillary":null,"source":null,"check_date_capacity":null,"panoramax":null,"description":null,"operator_type":null,"addr_street":null,"addr_city":null,"addr_housenumber":null,"fixme":null,"website":null,"wheelchair":null,"level":null,"backrest":null,"addr_postcode":null,"colour":null,"moped":null,"bike_ride":null,"location":null,"capacity_cargo_bike":null,"addr_floor":null}},{"type":"Feature","id":955,"geometry":{"type":"Point","coordinates":[7.6880642000000421,45.056496200000026]},"properties":{"OBJECTID":955,"F_id":"node/13283226975","access":null,"amenity":"bicycle_parking","bicycle_parking":"stands","capacity":"10","covered":"no","fee":null,"survey_date":null,"building":null,"operator":null,"motorcycle":null,"lit":null,"opening_hours":null,"smoothness":null,"supervised":null,"surface":null,"indoor":null,"check_date":null,"name":null,"mapillary":null,"source":null,"check_date_capacity":null,"panoramax":null,"description":null,"operator_type":null,"addr_street":null,"addr_city":null,"addr_housenumber":null,"fixme":null,"website":null,"wheelchair":null,"level":null,"backrest":null,"addr_postcode":null,"colour":null,"moped":null,"bike_ride":null,"location":null,"capacity_cargo_bike":null,"addr_floor":null}},{"type":"Feature","id":956,"geometry":{"type":"Point","coordinates":[7.61422390000007,45.074149100000056]},"properties":{"OBJECTID":956,"F_id":"node/13301048574","access":"yes","amenity":"bicycle_parking","bicycle_parking":"stands","capacity":"20","covered":"no","fee":"no","survey_date":null,"building":null,"operator":null,"motorcycle":null,"lit":null,"opening_hours":null,"smoothness":null,"supervised":null,"surface":null,"indoor":null,"check_date":null,"name":null,"mapillary":null,"source":null,"check_date_capacity":null,"panoramax":null,"description":null,"operator_type":null,"addr_street":null,"addr_city":null,"addr_housenumber":null,"fixme":null,"website":null,"wheelchair":null,"level":null,"backrest":null,"addr_postcode":null,"colour":null,"moped":null,"bike_ride":null,"location":null,"capacity_cargo_bike":null,"addr_floor":null}},{"type":"Feature","id":957,"geometry":{"type":"Point","coordinates":[7.629653400000052,45.083617000000061]},"properties":{"OBJECTID":957,"F_id":"node/13303872013","access":"yes","amenity":"bicycle_parking","bicycle_parking":"stands","capacity":"16","covered":"no","fee":"no","survey_date":null,"building":null,"operator":null,"motorcycle":null,"lit":null,"opening_hours":null,"smoothness":null,"supervised":null,"surface":null,"indoor":null,"check_date":"2025-11-14","name":null,"mapillary":null,"source":null,"check_date_capacity":null,"panoramax":null,"description":null,"operator_type":null,"addr_street":null,"addr_city":null,"addr_housenumber":null,"fixme":null,"website":null,"wheelchair":null,"level":null,"backrest":null,"addr_postcode":null,"colour":null,"moped":null,"bike_ride":null,"location":null,"capacity_cargo_bike":null,"addr_floor":null}},{"type":"Feature","id":958,"geometry":{"type":"Point","coordinates":[7.6815004000000613,45.064404000000081]},"properties":{"OBJECTID":958,"F_id":"node/13324660699","access":null,"amenity":"bicycle_parking","bicycle_parking":"stands","capacity":"8","covered":"no","fee":null,"survey_date":null,"building":null,"operator":null,"motorcycle":null,"lit":null,"opening_hours":null,"smoothness":null,"supervised":null,"surface":null,"indoor":null,"check_date":null,"name":null,"mapillary":null,"source":null,"check_date_capacity":null,"panoramax":null,"description":null,"operator_type":null,"addr_street":null,"addr_city":null,"addr_housenumber":null,"fixme":null,"website":null,"wheelchair":null,"level":null,"backrest":null,"addr_postcode":null,"colour":null,"moped":null,"bike_ride":null,"location":null,"capacity_cargo_bike":null,"addr_floor":null}},{"type":"Feature","id":959,"geometry":{"type":"Point","coordinates":[7.6541452000000731,45.082015100000035]},"properties":{"OBJECTID":959,"F_id":"node/13388403865","access":null,"amenity":"bicycle_parking","bicycle_parking":"bollard","capacity":"4","covered":"no","fee":"no","survey_date":null,"building":null,"operator":null,"motorcycle":null,"lit":null,"opening_hours":null,"smoothness":null,"supervised":null,"surface":null,"indoor":null,"check_date":null,"name":null,"mapillary":null,"source":null,"check_date_capacity":null,"panoramax":null,"description":null,"operator_type":null,"addr_street":null,"addr_city":null,"addr_housenumber":null,"fixme":null,"website":null,"wheelchair":null,"level":null,"backrest":null,"addr_postcode":null,"colour":null,"moped":null,"bike_ride":null,"location":null,"capacity_cargo_bike":null,"addr_floor":null}},{"type":"Feature","id":960,"geometry":{"type":"Point","coordinates":[7.6542422000000556,45.081982500000038]},"properties":{"OBJECTID":960,"F_id":"node/13388403866","access":null,"amenity":"bicycle_parking","bicycle_parking":"bollard","capacity":"4","covered":"no","fee":"no","survey_date":null,"building":null,"operator":null,"motorcycle":null,"lit":null,"opening_hours":null,"smoothness":null,"supervised":null,"surface":null,"indoor":null,"check_date":null,"name":null,"mapillary":null,"source":null,"check_date_capacity":null,"panoramax":null,"description":null,"operator_type":null,"addr_street":null,"addr_city":null,"addr_housenumber":null,"fixme":null,"website":null,"wheelchair":null,"level":null,"backrest":null,"addr_postcode":null,"colour":null,"moped":null,"bike_ride":null,"location":null,"capacity_cargo_bike":null,"addr_floor":null}},{"type":"Feature","id":964,"geometry":{"type":"Point","coordinates":[7.6740600000000541,45.090886600000033]},"properties":{"OBJECTID":964,"F_id":"node/13519936151","access":null,"amenity":"bicycle_parking","bicycle_parking":"wall_loops","capacity":"5","covered":"no","fee":null,"survey_date":null,"building":null,"operator":null,"motorcycle":null,"lit":null,"opening_hours":null,"smoothness":null,"supervised":null,"surface":null,"indoor":null,"check_date":null,"name":null,"mapillary":null,"source":null,"check_date_capacity":null,"panoramax":null,"description":null,"operator_type":null,"addr_street":null,"addr_city":null,"addr_housenumber":null,"fixme":null,"website":null,"wheelchair":null,"level":null,"backrest":null,"addr_postcode":null,"colour":null,"moped":null,"bike_ride":null,"location":null,"capacity_cargo_bike":null,"addr_floor":null}},{"type":"Feature","id":965,"geometry":{"type":"Point","coordinates":[7.6741542000000322,45.090883000000076]},"properties":{"OBJECTID":965,"F_id":"node/13519936152","access":null,"amenity":"bicycle_parking","bicycle_parking":"wall_loops","capacity":"5","covered":"no","fee":null,"survey_date":null,"building":null,"operator":null,"motorcycle":null,"lit":null,"opening_hours":null,"smoothness":null,"supervised":null,"surface":null,"indoor":null,"check_date":null,"name":null,"mapillary":null,"source":null,"check_date_capacity":null,"panoramax":null,"description":null,"operator_type":null,"addr_street":null,"addr_city":null,"addr_housenumber":null,"fixme":null,"website":null,"wheelchair":null,"level":null,"backrest":null,"addr_postcode":null,"colour":null,"moped":null,"bike_ride":null,"location":null,"capacity_cargo_bike":null,"addr_floor":null}},{"type":"Feature","id":970,"geometry":{"type":"Point","coordinates":[7.6813725000000659,45.073127000000056]},"properties":{"OBJECTID":970,"F_id":"node/13546835534","access":"yes","amenity":"bicycle_parking","bicycle_parking":"lockers","capacity":"4","covered":null,"fee":"no","survey_date":null,"building":null,"operator":null,"motorcycle":null,"lit":null,"opening_hours":null,"smoothness":null,"supervised":null,"surface":null,"indoor":null,"check_date":null,"name":null,"mapillary":null,"source":null,"check_date_capacity":null,"panoramax":null,"description":null,"operator_type":null,"addr_street":null,"addr_city":null,"addr_housenumber":null,"fixme":null,"website":null,"wheelchair":null,"level":null,"backrest":null,"addr_postcode":null,"colour":null,"moped":null,"bike_ride":null,"location":null,"capacity_cargo_bike":null,"addr_floor":null}},{"type":"Feature","id":971,"geometry":{"type":"Point","coordinates":[7.6758554000000458,45.080639100000042]},"properties":{"OBJECTID":971,"F_id":"node/13546875946","access":"yes","amenity":"bicycle_parking","bicycle_parking":"lockers","capacity":"8","covered":null,"fee":"no","survey_date":null,"building":null,"operator":null,"motorcycle":null,"lit":null,"opening_hours":null,"smoothness":null,"supervised":null,"surface":null,"indoor":null,"check_date":null,"name":null,"mapillary":null,"source":null,"check_date_capacity":null,"panoramax":null,"description":null,"operator_type":null,"addr_street":null,"addr_city":null,"addr_housenumber":null,"fixme":null,"website":null,"wheelchair":null,"level":null,"backrest":null,"addr_postcode":null,"colour":null,"moped":null,"bike_ride":null,"location":null,"capacity_cargo_bike":null,"addr_floor":null}},{"type":"Feature","id":972,"geometry":{"type":"Point","coordinates":[7.6752425000000244,45.080745900000068]},"properties":{"OBJECTID":972,"F_id":"node/13546896823","access":"yes","amenity":"bicycle_parking","bicycle_parking":"lockers","capacity":"2","covered":null,"fee":"no","survey_date":null,"building":null,"operator":null,"motorcycle":null,"lit":null,"opening_hours":null,"smoothness":null,"supervised":null,"surface":null,"indoor":null,"check_date":null,"name":null,"mapillary":null,"source":null,"check_date_capacity":null,"panoramax":null,"description":null,"operator_type":null,"addr_street":null,"addr_city":null,"addr_housenumber":null,"fixme":null,"website":null,"wheelchair":null,"level":null,"backrest":null,"addr_postcode":null,"colour":null,"moped":null,"bike_ride":null,"location":null,"capacity_cargo_bike":null,"addr_floor":null}},{"type":"Feature","id":973,"geometry":{"type":"Point","coordinates":[7.6744320000000243,45.080983500000059]},"properties":{"OBJECTID":973,"F_id":"node/13546896824","access":"yes","amenity":"bicycle_parking","bicycle_parking":"lockers","capacity":"2","covered":null,"fee":"no","survey_date":null,"building":null,"operator":null,"motorcycle":null,"lit":null,"opening_hours":null,"smoothness":null,"supervised":null,"surface":null,"indoor":null,"check_date":null,"name":null,"mapillary":null,"source":null,"check_date_capacity":null,"panoramax":null,"description":null,"operator_type":null,"addr_street":null,"addr_city":null,"addr_housenumber":null,"fixme":null,"website":null,"wheelchair":null,"level":null,"backrest":null,"addr_postcode":null,"colour":null,"moped":null,"bike_ride":null,"location":null,"capacity_cargo_bike":null,"addr_floor":null}},{"type":"Feature","id":974,"geometry":{"type":"Point","coordinates":[7.6755157000000622,45.080751500000076]},"properties":{"OBJECTID":974,"F_id":"node/13546898584","access":"yes","amenity":"bicycle_parking","bicycle_parking":"lockers","capacity":"6","covered":null,"fee":"no","survey_date":null,"building":null,"operator":null,"motorcycle":null,"lit":null,"opening_hours":null,"smoothness":null,"supervised":null,"surface":null,"indoor":null,"check_date":null,"name":null,"mapillary":null,"source":null,"check_date_capacity":null,"panoramax":null,"description":null,"operator_type":null,"addr_street":null,"addr_city":null,"addr_housenumber":null,"fixme":null,"website":null,"wheelchair":null,"level":null,"backrest":null,"addr_postcode":null,"colour":null,"moped":null,"bike_ride":null,"location":null,"capacity_cargo_bike":null,"addr_floor":null}},{"type":"Feature","id":975,"geometry":{"type":"Point","coordinates":[7.6736445000000231,45.081241900000066]},"properties":{"OBJECTID":975,"F_id":"node/13546904985","access":"yes","amenity":"bicycle_parking","bicycle_parking":"lockers","capacity":"6","covered":null,"fee":"no","survey_date":null,"building":null,"operator":null,"motorcycle":null,"lit":null,"opening_hours":null,"smoothness":null,"supervised":null,"surface":null,"indoor":null,"check_date":null,"name":null,"mapillary":null,"source":null,"check_date_capacity":null,"panoramax":null,"description":null,"operator_type":null,"addr_street":null,"addr_city":null,"addr_housenumber":null,"fixme":null,"website":null,"wheelchair":null,"level":null,"backrest":null,"addr_postcode":null,"colour":null,"moped":null,"bike_ride":null,"location":null,"capacity_cargo_bike":null,"addr_floor":null}},{"type":"Feature","id":978,"geometry":{"type":"Point","coordinates":[7.6733887000000323,45.089951800000051]},"properties":{"OBJECTID":978,"F_id":"node/13575952247","access":"yes","amenity":"bicycle_parking","bicycle_parking":"lockers","capacity":"8","covered":null,"fee":"no","survey_date":null,"building":null,"operator":null,"motorcycle":null,"lit":null,"opening_hours":null,"smoothness":null,"supervised":null,"surface":null,"indoor":null,"check_date":null,"name":null,"mapillary":null,"source":null,"check_date_capacity":null,"panoramax":null,"description":null,"operator_type":null,"addr_street":null,"addr_city":null,"addr_housenumber":null,"fixme":null,"website":null,"wheelchair":null,"level":null,"backrest":null,"addr_postcode":null,"colour":null,"moped":null,"bike_ride":null,"location":null,"capacity_cargo_bike":null,"addr_floor":null}},{"type":"Feature","id":981,"geometry":{"type":"Point","coordinates":[7.6838438000000338,45.067420500000026]},"properties":{"OBJECTID":981,"F_id":"node/13596044572","access":null,"amenity":"bicycle_parking","bicycle_parking":"stands","capacity":"2","covered":"no","fee":null,"survey_date":null,"building":null,"operator":null,"motorcycle":null,"lit":null,"opening_hours":null,"smoothness":null,"supervised":null,"surface":null,"indoor":null,"check_date":null,"name":null,"mapillary":null,"source":null,"check_date_capacity":null,"panoramax":null,"description":null,"operator_type":null,"addr_street":null,"addr_city":null,"addr_housenumber":null,"fixme":null,"website":null,"wheelchair":null,"level":null,"backrest":null,"addr_postcode":null,"colour":null,"moped":null,"bike_ride":null,"location":null,"capacity_cargo_bike":null,"addr_floor":null}},{"type":"Feature","id":982,"geometry":{"type":"Point","coordinates":[7.6827416000000426,45.065971500000046]},"properties":{"OBJECTID":982,"F_id":"node/13596076959","access":null,"amenity":"bicycle_parking","bicycle_parking":"stands","capacity":"4","covered":"no","fee":null,"survey_date":null,"building":null,"operator":null,"motorcycle":null,"lit":null,"opening_hours":null,"smoothness":null,"supervised":null,"surface":null,"indoor":null,"check_date":null,"name":null,"mapillary":null,"source":null,"check_date_capacity":null,"panoramax":null,"description":null,"operator_type":null,"addr_street":null,"addr_city":null,"addr_housenumber":null,"fixme":null,"website":null,"wheelchair":null,"level":null,"backrest":null,"addr_postcode":null,"colour":null,"moped":null,"bike_ride":null,"location":null,"capacity_cargo_bike":null,"addr_floor":null}},{"type":"Feature","id":983,"geometry":{"type":"Point","coordinates":[7.683892300000025,45.067493700000057]},"properties":{"OBJECTID":983,"F_id":"node/13596085961","access":null,"amenity":"bicycle_parking","bicycle_parking":"stands","capacity":"2","covered":"no","fee":null,"survey_date":null,"building":null,"operator":null,"motorcycle":null,"lit":null,"opening_hours":null,"smoothness":null,"supervised":null,"surface":null,"indoor":null,"check_date":null,"name":null,"mapillary":null,"source":null,"check_date_capacity":null,"panoramax":null,"description":null,"operator_type":null,"addr_street":null,"addr_city":null,"addr_housenumber":null,"fixme":null,"website":null,"wheelchair":null,"level":null,"backrest":null,"addr_postcode":null,"colour":null,"moped":null,"bike_ride":null,"location":null,"capacity_cargo_bike":null,"addr_floor":null}},{"type":"Feature","id":986,"geometry":{"type":"Point","coordinates":[7.6457349000000363,45.065643600000044]},"properties":{"OBJECTID":986,"F_id":"node/13598095085","access":null,"amenity":"bicycle_parking","bicycle_parking":"stands","capacity":"2","covered":"no","fee":null,"survey_date":null,"building":null,"operator":null,"motorcycle":null,"lit":null,"opening_hours":null,"smoothness":null,"supervised":null,"surface":null,"indoor":null,"check_date":null,"name":null,"mapillary":null,"source":null,"check_date_capacity":null,"panoramax":null,"description":null,"operator_type":null,"addr_street":null,"addr_city":null,"addr_housenumber":null,"fixme":null,"website":null,"wheelchair":null,"level":null,"backrest":null,"addr_postcode":null,"colour":null,"moped":null,"bike_ride":null,"location":null,"capacity_cargo_bike":null,"addr_floor":null}},{"type":"Feature","id":987,"geometry":{"type":"Point","coordinates":[7.6457319000000439,45.065707600000053]},"properties":{"OBJECTID":987,"F_id":"node/13598100656","access":null,"amenity":"bicycle_parking","bicycle_parking":"stands","capacity":"2","covered":"no","fee":null,"survey_date":null,"building":null,"operator":null,"motorcycle":null,"lit":null,"opening_hours":null,"smoothness":null,"supervised":null,"surface":null,"indoor":null,"check_date":null,"name":null,"mapillary":null,"source":null,"check_date_capacity":null,"panoramax":null,"description":null,"operator_type":null,"addr_street":null,"addr_city":null,"addr_housenumber":null,"fixme":null,"website":null,"wheelchair":null,"level":null,"backrest":null,"addr_postcode":null,"colour":null,"moped":null,"bike_ride":null,"location":null,"capacity_cargo_bike":null,"addr_floor":null}},{"type":"Feature","id":988,"geometry":{"type":"Point","coordinates":[7.6554695000000379,45.060495700000047]},"properties":{"OBJECTID":988,"F_id":"node/13598144705","access":null,"amenity":"bicycle_parking","bicycle_parking":"stands","capacity":"6","covered":"no","fee":null,"survey_date":null,"building":null,"operator":null,"motorcycle":null,"lit":null,"opening_hours":null,"smoothness":null,"supervised":null,"surface":null,"indoor":null,"check_date":null,"name":null,"mapillary":null,"source":null,"check_date_capacity":null,"panoramax":null,"description":null,"operator_type":null,"addr_street":null,"addr_city":null,"addr_housenumber":null,"fixme":null,"website":null,"wheelchair":null,"level":null,"backrest":null,"addr_postcode":null,"colour":null,"moped":null,"bike_ride":null,"location":null,"capacity_cargo_bike":null,"addr_floor":null}},{"type":"Feature","id":989,"geometry":{"type":"Point","coordinates":[7.6600628000000484,45.058118000000036]},"properties":{"OBJECTID":989,"F_id":"node/13598155604","access":null,"amenity":"bicycle_parking","bicycle_parking":"stands","capacity":"8","covered":"no","fee":null,"survey_date":null,"building":null,"operator":null,"motorcycle":null,"lit":null,"opening_hours":null,"smoothness":null,"supervised":null,"surface":null,"indoor":null,"check_date":null,"name":null,"mapillary":null,"source":null,"check_date_capacity":null,"panoramax":null,"description":null,"operator_type":null,"addr_street":null,"addr_city":null,"addr_housenumber":null,"fixme":null,"website":null,"wheelchair":null,"level":null,"backrest":null,"addr_postcode":null,"colour":null,"moped":null,"bike_ride":null,"location":null,"capacity_cargo_bike":null,"addr_floor":null}},{"type":"Feature","id":990,"geometry":{"type":"Point","coordinates":[7.6763302000000522,45.055444500000078]},"properties":{"OBJECTID":990,"F_id":"node/13598212089","access":"yes","amenity":"bicycle_parking","bicycle_parking":"stands","capacity":"4","covered":"no","fee":null,"survey_date":null,"building":null,"operator":null,"motorcycle":null,"lit":null,"opening_hours":null,"smoothness":null,"supervised":null,"surface":null,"indoor":null,"check_date":null,"name":null,"mapillary":null,"source":null,"check_date_capacity":null,"panoramax":null,"description":null,"operator_type":null,"addr_street":null,"addr_city":null,"addr_housenumber":null,"fixme":null,"website":null,"wheelchair":null,"level":null,"backrest":null,"addr_postcode":null,"colour":null,"moped":null,"bike_ride":null,"location":null,"capacity_cargo_bike":null,"addr_floor":null}},{"type":"Feature","id":991,"geometry":{"type":"Point","coordinates":[7.6762940000000413,45.055350300000043]},"properties":{"OBJECTID":991,"F_id":"node/13598230698","access":null,"amenity":"bicycle_parking","bicycle_parking":"stands","capacity":"2","covered":"no","fee":null,"survey_date":null,"building":null,"operator":null,"motorcycle":null,"lit":null,"opening_hours":null,"smoothness":null,"supervised":null,"surface":null,"indoor":null,"check_date":null,"name":null,"mapillary":null,"source":null,"check_date_capacity":null,"panoramax":null,"description":null,"operator_type":null,"addr_street":null,"addr_city":null,"addr_housenumber":null,"fixme":null,"website":null,"wheelchair":null,"level":null,"backrest":null,"addr_postcode":null,"colour":null,"moped":null,"bike_ride":null,"location":null,"capacity_cargo_bike":null,"addr_floor":null}},{"type":"Feature","id":992,"geometry":{"type":"Point","coordinates":[7.6791478000000666,45.055955700000027]},"properties":{"OBJECTID":992,"F_id":"node/13599387284","access":null,"amenity":"bicycle_parking","bicycle_parking":"stands","capacity":"2","covered":"no","fee":null,"survey_date":null,"building":null,"operator":null,"motorcycle":null,"lit":null,"opening_hours":null,"smoothness":null,"supervised":null,"surface":null,"indoor":null,"check_date":null,"name":null,"mapillary":null,"source":null,"check_date_capacity":null,"panoramax":null,"description":null,"operator_type":null,"addr_street":null,"addr_city":null,"addr_housenumber":null,"fixme":null,"website":null,"wheelchair":null,"level":null,"backrest":null,"addr_postcode":null,"colour":null,"moped":null,"bike_ride":null,"location":null,"capacity_cargo_bike":null,"addr_floor":null}},{"type":"Feature","id":993,"geometry":{"type":"Point","coordinates":[7.6787231000000702,45.055052600000067]},"properties":{"OBJECTID":993,"F_id":"node/13599401355","access":null,"amenity":"bicycle_parking","bicycle_parking":"stands","capacity":"2","covered":"no","fee":null,"survey_date":null,"building":null,"operator":null,"motorcycle":null,"lit":null,"opening_hours":null,"smoothness":null,"supervised":null,"surface":null,"indoor":null,"check_date":null,"name":null,"mapillary":null,"source":null,"check_date_capacity":null,"panoramax":null,"description":null,"operator_type":null,"addr_street":null,"addr_city":null,"addr_housenumber":null,"fixme":null,"website":null,"wheelchair":null,"level":null,"backrest":null,"addr_postcode":null,"colour":null,"moped":null,"bike_ride":null,"location":null,"capacity_cargo_bike":null,"addr_floor":null}},{"type":"Feature","id":994,"geometry":{"type":"Point","coordinates":[7.6787377000000561,45.055088700000056]},"properties":{"OBJECTID":994,"F_id":"node/13599402226","access":null,"amenity":"bicycle_parking","bicycle_parking":"stands","capacity":"2","covered":"no","fee":null,"survey_date":null,"building":null,"operator":null,"motorcycle":null,"lit":null,"opening_hours":null,"smoothness":null,"supervised":null,"surface":null,"indoor":null,"check_date":null,"name":null,"mapillary":null,"source":null,"check_date_capacity":null,"panoramax":null,"description":null,"operator_type":null,"addr_street":null,"addr_city":null,"addr_housenumber":null,"fixme":null,"website":null,"wheelchair":null,"level":null,"backrest":null,"addr_postcode":null,"colour":null,"moped":null,"bike_ride":null,"location":null,"capacity_cargo_bike":null,"addr_floor":null}},{"type":"Feature","id":995,"geometry":{"type":"Point","coordinates":[7.6789001000000212,45.055527900000072]},"properties":{"OBJECTID":995,"F_id":"node/13599413458","access":null,"amenity":"bicycle_parking","bicycle_parking":"stands","capacity":"2","covered":"no","fee":null,"survey_date":null,"building":null,"operator":null,"motorcycle":null,"lit":null,"opening_hours":null,"smoothness":null,"supervised":null,"surface":null,"indoor":null,"check_date":null,"name":null,"mapillary":null,"source":null,"check_date_capacity":null,"panoramax":null,"description":null,"operator_type":null,"addr_street":null,"addr_city":null,"addr_housenumber":null,"fixme":null,"website":null,"wheelchair":null,"level":null,"backrest":null,"addr_postcode":null,"colour":null,"moped":null,"bike_ride":null,"location":null,"capacity_cargo_bike":null,"addr_floor":null}},{"type":"Feature","id":996,"geometry":{"type":"Point","coordinates":[7.6791933000000654,45.056043800000054]},"properties":{"OBJECTID":996,"F_id":"node/13599420617","access":null,"amenity":"bicycle_parking","bicycle_parking":"stands","capacity":"2","covered":"no","fee":null,"survey_date":null,"building":null,"operator":null,"motorcycle":null,"lit":null,"opening_hours":null,"smoothness":null,"supervised":null,"surface":null,"indoor":null,"check_date":null,"name":null,"mapillary":null,"source":null,"check_date_capacity":null,"panoramax":null,"description":null,"operator_type":null,"addr_street":null,"addr_city":null,"addr_housenumber":null,"fixme":null,"website":null,"wheelchair":null,"level":null,"backrest":null,"addr_postcode":null,"colour":null,"moped":null,"bike_ride":null,"location":null,"capacity_cargo_bike":null,"addr_floor":null}},{"type":"Feature","id":997,"geometry":{"type":"Point","coordinates":[7.6801364000000376,45.055725700000039]},"properties":{"OBJECTID":997,"F_id":"node/13603076756","access":null,"amenity":"bicycle_parking","bicycle_parking":"stands","capacity":"2","covered":"no","fee":null,"survey_date":null,"building":null,"operator":null,"motorcycle":null,"lit":null,"opening_hours":null,"smoothness":null,"supervised":null,"surface":null,"indoor":null,"check_date":null,"name":null,"mapillary":null,"source":null,"check_date_capacity":null,"panoramax":null,"description":null,"operator_type":null,"addr_street":null,"addr_city":null,"addr_housenumber":null,"fixme":null,"website":null,"wheelchair":null,"level":null,"backrest":null,"addr_postcode":null,"colour":null,"moped":null,"bike_ride":null,"location":null,"capacity_cargo_bike":null,"addr_floor":null}},{"type":"Feature","id":998,"geometry":{"type":"Point","coordinates":[7.6800807000000759,45.055636400000026]},"properties":{"OBJECTID":998,"F_id":"node/13603139070","access":null,"amenity":"bicycle_parking","bicycle_parking":"stands","capacity":"2","covered":"no","fee":null,"survey_date":null,"building":null,"operator":null,"motorcycle":null,"lit":null,"opening_hours":null,"smoothness":null,"supervised":null,"surface":null,"indoor":null,"check_date":null,"name":null,"mapillary":null,"source":null,"check_date_capacity":null,"panoramax":null,"description":null,"operator_type":null,"addr_street":null,"addr_city":null,"addr_housenumber":null,"fixme":null,"website":null,"wheelchair":null,"level":null,"backrest":null,"addr_postcode":null,"colour":null,"moped":null,"bike_ride":null,"location":null,"capacity_cargo_bike":null,"addr_floor":null}},{"type":"Feature","id":1001,"geometry":{"type":"Point","coordinates":[7.6669165000000703,45.031125400000064]},"properties":{"OBJECTID":1001,"F_id":"node/13741891457","access":null,"amenity":"bicycle_parking","bicycle_parking":"stands","capacity":"8","covered":"no","fee":null,"survey_date":null,"building":null,"operator":null,"motorcycle":null,"lit":null,"opening_hours":null,"smoothness":null,"supervised":null,"surface":null,"indoor":null,"check_date":null,"name":null,"mapillary":null,"source":null,"check_date_capacity":null,"panoramax":null,"description":null,"operator_type":null,"addr_street":null,"addr_city":null,"addr_housenumber":null,"fixme":null,"website":null,"wheelchair":null,"level":null,"backrest":null,"addr_postcode":null,"colour":null,"moped":null,"bike_ride":null,"location":null,"capacity_cargo_bike":null,"addr_floor":null}},{"type":"Feature","id":1003,"geometry":{"type":"Point","coordinates":[7.6322155000000294,45.079868600000054]},"properties":{"OBJECTID":1003,"F_id":"node/13754282851","access":null,"amenity":"bicycle_parking","bicycle_parking":"stands","capacity":"10","covered":"no","fee":null,"survey_date":null,"building":null,"operator":null,"motorcycle":null,"lit":null,"opening_hours":null,"smoothness":null,"supervised":null,"surface":null,"indoor":null,"check_date":null,"name":null,"mapillary":null,"source":null,"check_date_capacity":null,"panoramax":null,"description":null,"operator_type":null,"addr_street":null,"addr_city":null,"addr_housenumber":null,"fixme":null,"website":null,"wheelchair":null,"level":null,"backrest":null,"addr_postcode":null,"colour":null,"moped":null,"bike_ride":null,"location":null,"capacity_cargo_bike":null,"addr_floor":null}},{"type":"Feature","id":1004,"geometry":{"type":"Point","coordinates":[7.6171582000000626,45.06830240000005]},"properties":{"OBJECTID":1004,"F_id":"node/13760272828","access":null,"amenity":"bicycle_parking","bicycle_parking":"stands","capacity":"6","covered":"no","fee":null,"survey_date":null,"building":null,"operator":null,"motorcycle":null,"lit":null,"opening_hours":null,"smoothness":null,"supervised":null,"surface":null,"indoor":null,"check_date":null,"name":null,"mapillary":null,"source":null,"check_date_capacity":null,"panoramax":null,"description":null,"operator_type":null,"addr_street":null,"addr_city":null,"addr_housenumber":null,"fixme":null,"website":null,"wheelchair":null,"level":null,"backrest":null,"addr_postcode":null,"colour":null,"moped":null,"bike_ride":null,"location":null,"capacity_cargo_bike":null,"addr_floor":null}},{"type":"Feature","id":1017,"geometry":{"type":"Point","coordinates":[7.6601549000000659,45.069741700000066]},"properties":{"OBJECTID":1017,"F_id":"node/13811269974","access":null,"amenity":"bicycle_parking","bicycle_parking":"stands","capacity":"34","covered":"no","fee":null,"survey_date":null,"building":null,"operator":null,"motorcycle":null,"lit":null,"opening_hours":null,"smoothness":null,"supervised":null,"surface":null,"indoor":null,"check_date":null,"name":null,"mapillary":null,"source":null,"check_date_capacity":null,"panoramax":null,"description":null,"operator_type":null,"addr_street":null,"addr_city":null,"addr_housenumber":null,"fixme":null,"website":null,"wheelchair":null,"level":null,"backrest":null,"addr_postcode":null,"colour":null,"moped":null,"bike_ride":null,"location":null,"capacity_cargo_bike":null,"addr_floor":null}},{"type":"Feature","id":1018,"geometry":{"type":"Point","coordinates":[7.6602718000000323,45.069841500000052]},"properties":{"OBJECTID":1018,"F_id":"node/13811334437","access":null,"amenity":"bicycle_parking","bicycle_parking":"stands","capacity":"38","covered":"no","fee":null,"survey_date":null,"building":null,"operator":null,"motorcycle":null,"lit":null,"opening_hours":null,"smoothness":null,"supervised":null,"surface":null,"indoor":null,"check_date":null,"name":null,"mapillary":null,"source":null,"check_date_capacity":null,"panoramax":null,"description":null,"operator_type":null,"addr_street":null,"addr_city":null,"addr_housenumber":null,"fixme":null,"website":null,"wheelchair":null,"level":null,"backrest":null,"addr_postcode":null,"colour":null,"moped":null,"bike_ride":null,"location":null,"capacity_cargo_bike":null,"addr_floor":null}},{"type":"Feature","id":1019,"geometry":{"type":"Point","coordinates":[7.660171000000048,45.069806600000049]},"properties":{"OBJECTID":1019,"F_id":"node/13811343806","access":null,"amenity":"bicycle_parking","bicycle_parking":"stands","capacity":"30","covered":"no","fee":null,"survey_date":null,"building":null,"operator":null,"motorcycle":null,"lit":null,"opening_hours":null,"smoothness":null,"supervised":null,"surface":null,"indoor":null,"check_date":null,"name":null,"mapillary":null,"source":null,"check_date_capacity":null,"panoramax":null,"description":null,"operator_type":null,"addr_street":null,"addr_city":null,"addr_housenumber":null,"fixme":null,"website":null,"wheelchair":null,"level":null,"backrest":null,"addr_postcode":null,"colour":null,"moped":null,"bike_ride":null,"location":null,"capacity_cargo_bike":null,"addr_floor":null}},{"type":"Feature","id":1020,"geometry":{"type":"Point","coordinates":[7.6602512000000615,45.069758500000034]},"properties":{"OBJECTID":1020,"F_id":"node/13811344689","access":null,"amenity":"bicycle_parking","bicycle_parking":"stands","capacity":"34","covered":"no","fee":null,"survey_date":null,"building":null,"operator":null,"motorcycle":null,"lit":null,"opening_hours":null,"smoothness":null,"supervised":null,"surface":null,"indoor":null,"check_date":null,"name":null,"mapillary":null,"source":null,"check_date_capacity":null,"panoramax":null,"description":null,"operator_type":null,"addr_street":null,"addr_city":null,"addr_housenumber":null,"fixme":null,"website":null,"wheelchair":null,"level":null,"backrest":null,"addr_postcode":null,"colour":null,"moped":null,"bike_ride":null,"location":null,"capacity_cargo_bike":null,"addr_floor":null}},{"type":"Feature","id":1021,"geometry":{"type":"Point","coordinates":[7.6592296000000601,45.069386200000054]},"properties":{"OBJECTID":1021,"F_id":"node/13811355181","access":null,"amenity":"bicycle_parking","bicycle_parking":"stands","capacity":"6","covered":"no","fee":null,"survey_date":null,"building":null,"operator":null,"motorcycle":null,"lit":null,"opening_hours":null,"smoothness":null,"supervised":null,"surface":null,"indoor":null,"check_date":null,"name":null,"mapillary":null,"source":null,"check_date_capacity":null,"panoramax":null,"description":null,"operator_type":null,"addr_street":null,"addr_city":null,"addr_housenumber":null,"fixme":null,"website":null,"wheelchair":null,"level":null,"backrest":null,"addr_postcode":null,"colour":null,"moped":null,"bike_ride":null,"location":null,"capacity_cargo_bike":null,"addr_floor":null}},{"type":"Feature","id":1022,"geometry":{"type":"Point","coordinates":[7.6592834000000494,45.069329700000026]},"properties":{"OBJECTID":1022,"F_id":"node/13811357870","access":null,"amenity":"bicycle_parking","bicycle_parking":"stands","capacity":"16","covered":"no","fee":null,"survey_date":null,"building":null,"operator":null,"motorcycle":null,"lit":null,"opening_hours":null,"smoothness":null,"supervised":null,"surface":null,"indoor":null,"check_date":null,"name":null,"mapillary":null,"source":null,"check_date_capacity":null,"panoramax":null,"description":null,"operator_type":null,"addr_street":null,"addr_city":null,"addr_housenumber":null,"fixme":null,"website":null,"wheelchair":null,"level":null,"backrest":null,"addr_postcode":null,"colour":null,"moped":null,"bike_ride":null,"location":null,"capacity_cargo_bike":null,"addr_floor":null}},{"type":"Feature","id":1023,"geometry":{"type":"Point","coordinates":[7.6593689000000609,45.069351500000039]},"properties":{"OBJECTID":1023,"F_id":"node/13811362801","access":null,"amenity":"bicycle_parking","bicycle_parking":"stands","capacity":"6","covered":"no","fee":null,"survey_date":null,"building":null,"operator":null,"motorcycle":null,"lit":null,"opening_hours":null,"smoothness":null,"supervised":null,"surface":null,"indoor":null,"check_date":null,"name":null,"mapillary":null,"source":null,"check_date_capacity":null,"panoramax":null,"description":null,"operator_type":null,"addr_street":null,"addr_city":null,"addr_housenumber":null,"fixme":null,"website":null,"wheelchair":null,"level":null,"backrest":null,"addr_postcode":null,"colour":null,"moped":null,"bike_ride":null,"location":null,"capacity_cargo_bike":null,"addr_floor":null}},{"type":"Feature","id":1036,"geometry":{"type":"Point","coordinates":[7.6813773000000651,45.06388620000007]},"properties":{"OBJECTID":1036,"F_id":"node/13849100987","access":"yes","amenity":"bicycle_parking","bicycle_parking":"stands","capacity":"3","covered":"no","fee":"no","survey_date":null,"building":null,"operator":null,"motorcycle":null,"lit":null,"opening_hours":null,"smoothness":null,"supervised":null,"surface":null,"indoor":null,"check_date":null,"name":null,"mapillary":null,"source":null,"check_date_capacity":null,"panoramax":null,"description":null,"operator_type":null,"addr_street":null,"addr_city":null,"addr_housenumber":null,"fixme":null,"website":null,"wheelchair":null,"level":null,"backrest":null,"addr_postcode":null,"colour":null,"moped":null,"bike_ride":null,"location":null,"capacity_cargo_bike":null,"addr_floor":null}},{"type":"Feature","id":1037,"geometry":{"type":"Point","coordinates":[7.6808230000000322,45.051415100000042]},"properties":{"OBJECTID":1037,"F_id":"node/13849172098","access":"yes","amenity":"bicycle_parking","bicycle_parking":"stands","capacity":"10","covered":"no","fee":"no","survey_date":null,"building":null,"operator":null,"motorcycle":null,"lit":null,"opening_hours":null,"smoothness":null,"supervised":null,"surface":null,"indoor":null,"check_date":null,"name":null,"mapillary":null,"source":null,"check_date_capacity":null,"panoramax":null,"description":null,"operator_type":null,"addr_street":null,"addr_city":null,"addr_housenumber":null,"fixme":null,"website":null,"wheelchair":null,"level":null,"backrest":null,"addr_postcode":null,"colour":null,"moped":null,"bike_ride":null,"location":null,"capacity_cargo_bike":null,"addr_floor":null}},{"type":"Feature","id":1038,"geometry":{"type":"Point","coordinates":[7.680733200000077,45.051281800000027]},"properties":{"OBJECTID":1038,"F_id":"node/13849172099","access":"yes","amenity":"bicycle_parking","bicycle_parking":"stands","capacity":"14","covered":"no","fee":null,"survey_date":null,"building":null,"operator":null,"motorcycle":null,"lit":null,"opening_hours":null,"smoothness":null,"supervised":null,"surface":null,"indoor":null,"check_date":null,"name":null,"mapillary":null,"source":null,"check_date_capacity":null,"panoramax":null,"description":null,"operator_type":null,"addr_street":null,"addr_city":null,"addr_housenumber":null,"fixme":null,"website":null,"wheelchair":null,"level":null,"backrest":null,"addr_postcode":null,"colour":null,"moped":null,"bike_ride":null,"location":null,"capacity_cargo_bike":null,"addr_floor":null}},{"type":"Feature","id":1039,"geometry":{"type":"Point","coordinates":[7.6806106000000227,45.051113000000043]},"properties":{"OBJECTID":1039,"F_id":"node/13849172100","access":"yes","amenity":"bicycle_parking","bicycle_parking":"stands","capacity":"10","covered":"no","fee":null,"survey_date":null,"building":null,"operator":null,"motorcycle":null,"lit":null,"opening_hours":null,"smoothness":null,"supervised":null,"surface":null,"indoor":null,"check_date":null,"name":null,"mapillary":null,"source":null,"check_date_capacity":null,"panoramax":null,"description":null,"operator_type":null,"addr_street":null,"addr_city":null,"addr_housenumber":null,"fixme":null,"website":null,"wheelchair":null,"level":null,"backrest":null,"addr_postcode":null,"colour":null,"moped":null,"bike_ride":null,"location":null,"capacity_cargo_bike":null,"addr_floor":null}},{"type":"Feature","id":1040,"geometry":{"type":"Point","coordinates":[7.6805146000000377,45.050995700000044]},"properties":{"OBJECTID":1040,"F_id":"node/13849210801","access":"yes","amenity":"bicycle_parking","bicycle_parking":"stands","capacity":"16","covered":"no","fee":null,"survey_date":null,"building":null,"operator":null,"motorcycle":null,"lit":null,"opening_hours":null,"smoothness":null,"supervised":null,"surface":null,"indoor":null,"check_date":null,"name":null,"mapillary":null,"source":null,"check_date_capacity":null,"panoramax":null,"description":null,"operator_type":null,"addr_street":null,"addr_city":null,"addr_housenumber":null,"fixme":null,"website":null,"wheelchair":null,"level":null,"backrest":null,"addr_postcode":null,"colour":null,"moped":null,"bike_ride":null,"location":null,"capacity_cargo_bike":null,"addr_floor":null}},{"type":"Feature","id":1041,"geometry":{"type":"Point","coordinates":[7.662308400000029,45.07606990000005]},"properties":{"OBJECTID":1041,"F_id":"node/13867302127","access":null,"amenity":"bicycle_parking","bicycle_parking":"stands","capacity":"6","covered":"no","fee":null,"survey_date":"2026-05-23","building":null,"operator":null,"motorcycle":null,"lit":null,"opening_hours":null,"smoothness":null,"supervised":null,"surface":null,"indoor":null,"check_date":null,"name":null,"mapillary":null,"source":null,"check_date_capacity":null,"panoramax":null,"description":null,"operator_type":null,"addr_street":null,"addr_city":null,"addr_housenumber":null,"fixme":null,"website":null,"wheelchair":null,"level":null,"backrest":null,"addr_postcode":null,"colour":null,"moped":null,"bike_ride":null,"location":null,"capacity_cargo_bike":null,"addr_floor":null}},{"type":"Feature","id":1042,"geometry":{"type":"Point","coordinates":[7.6711867000000211,45.070634700000028]},"properties":{"OBJECTID":1042,"F_id":"node/13867419025","access":null,"amenity":"bicycle_parking","bicycle_parking":"stands","capacity":"6","covered":"no","fee":null,"survey_date":"2026-05-23","building":null,"operator":null,"motorcycle":null,"lit":null,"opening_hours":null,"smoothness":null,"supervised":null,"surface":null,"indoor":null,"check_date":null,"name":null,"mapillary":null,"source":null,"check_date_capacity":null,"panoramax":null,"description":null,"operator_type":null,"addr_street":null,"addr_city":null,"addr_housenumber":null,"fixme":null,"website":null,"wheelchair":null,"level":null,"backrest":null,"addr_postcode":null,"colour":null,"moped":null,"bike_ride":null,"location":null,"capacity_cargo_bike":null,"addr_floor":null}},{"type":"Feature","id":1043,"geometry":{"type":"Point","coordinates":[7.6710630000000606,45.07068170000008]},"properties":{"OBJECTID":1043,"F_id":"node/13867419026","access":null,"amenity":"bicycle_parking","bicycle_parking":"stands","capacity":"6","covered":"no","fee":null,"survey_date":"2026-05-23","building":null,"operator":null,"motorcycle":null,"lit":null,"opening_hours":null,"smoothness":null,"supervised":null,"surface":null,"indoor":null,"check_date":null,"name":null,"mapillary":null,"source":null,"check_date_capacity":null,"panoramax":null,"description":null,"operator_type":null,"addr_street":null,"addr_city":null,"addr_housenumber":null,"fixme":null,"website":null,"wheelchair":null,"level":null,"backrest":null,"addr_postcode":null,"colour":null,"moped":null,"bike_ride":null,"location":null,"capacity_cargo_bike":null,"addr_floor":null}},{"type":"Feature","id":1044,"geometry":{"type":"Point","coordinates":[7.6723745000000463,45.070490200000052]},"properties":{"OBJECTID":1044,"F_id":"node/13868796764","access":null,"amenity":"bicycle_parking","bicycle_parking":"stands","capacity":"6","covered":"no","fee":null,"survey_date":"2026-05-23","building":null,"operator":null,"motorcycle":null,"lit":null,"opening_hours":null,"smoothness":null,"supervised":null,"surface":null,"indoor":null,"check_date":null,"name":null,"mapillary":null,"source":null,"check_date_capacity":null,"panoramax":null,"description":null,"operator_type":null,"addr_street":null,"addr_city":null,"addr_housenumber":null,"fixme":null,"website":null,"wheelchair":null,"level":null,"backrest":null,"addr_postcode":null,"colour":null,"moped":null,"bike_ride":null,"location":null,"capacity_cargo_bike":null,"addr_floor":null}},{"type":"Feature","id":1045,"geometry":{"type":"Point","coordinates":[7.6816136000000483,45.069985700000075]},"properties":{"OBJECTID":1045,"F_id":"node/13870886706","access":null,"amenity":"bicycle_parking","bicycle_parking":"stands","capacity":"12","covered":"no","fee":null,"survey_date":"2026-05-24","building":null,"operator":null,"motorcycle":null,"lit":null,"opening_hours":null,"smoothness":null,"supervised":null,"surface":null,"indoor":null,"check_date":null,"name":null,"mapillary":null,"source":null,"check_date_capacity":null,"panoramax":null,"description":null,"operator_type":null,"addr_street":null,"addr_city":null,"addr_housenumber":null,"fixme":null,"website":null,"wheelchair":null,"level":null,"backrest":null,"addr_postcode":null,"colour":null,"moped":null,"bike_ride":null,"location":null,"capacity_cargo_bike":null,"addr_floor":null}},{"type":"Feature","id":1046,"geometry":{"type":"Point","coordinates":[7.681019200000037,45.070087200000046]},"properties":{"OBJECTID":1046,"F_id":"node/13870886707","access":null,"amenity":"bicycle_parking","bicycle_parking":"stands","capacity":"4","covered":"no","fee":null,"survey_date":"2026-05-24","building":null,"operator":null,"motorcycle":null,"lit":null,"opening_hours":null,"smoothness":null,"supervised":null,"surface":null,"indoor":null,"check_date":null,"name":null,"mapillary":null,"source":null,"check_date_capacity":null,"panoramax":null,"description":null,"operator_type":null,"addr_street":null,"addr_city":null,"addr_housenumber":null,"fixme":null,"website":null,"wheelchair":null,"level":null,"backrest":null,"addr_postcode":null,"colour":null,"moped":null,"bike_ride":null,"location":null,"capacity_cargo_bike":null,"addr_floor":null}},{"type":"Feature","id":1047,"geometry":{"type":"Point","coordinates":[7.6968384000000469,45.066670000000045]},"properties":{"OBJECTID":1047,"F_id":"node/13871670073","access":null,"amenity":"bicycle_parking","bicycle_parking":"stands","capacity":"4","covered":"no","fee":null,"survey_date":"2026-05-24","building":null,"operator":null,"motorcycle":null,"lit":null,"opening_hours":null,"smoothness":null,"supervised":null,"surface":null,"indoor":null,"check_date":null,"name":null,"mapillary":null,"source":null,"check_date_capacity":null,"panoramax":null,"description":null,"operator_type":null,"addr_street":null,"addr_city":null,"addr_housenumber":null,"fixme":null,"website":null,"wheelchair":null,"level":null,"backrest":null,"addr_postcode":null,"colour":null,"moped":null,"bike_ride":null,"location":null,"capacity_cargo_bike":null,"addr_floor":null}},{"type":"Feature","id":1048,"geometry":{"type":"Point","coordinates":[7.6968933000000561,45.066690900000026]},"properties":{"OBJECTID":1048,"F_id":"node/13871670074","access":null,"amenity":"bicycle_parking","bicycle_parking":"stands","capacity":"4","covered":"no","fee":null,"survey_date":"2026-05-24","building":null,"operator":null,"motorcycle":null,"lit":null,"opening_hours":null,"smoothness":null,"supervised":null,"surface":null,"indoor":null,"check_date":null,"name":null,"mapillary":null,"source":null,"check_date_capacity":null,"panoramax":null,"description":null,"operator_type":null,"addr_street":null,"addr_city":null,"addr_housenumber":null,"fixme":null,"website":null,"wheelchair":null,"level":null,"backrest":null,"addr_postcode":null,"colour":null,"moped":null,"bike_ride":null,"location":null,"capacity_cargo_bike":null,"addr_floor":null}},{"type":"Feature","id":1049,"geometry":{"type":"Point","coordinates":[7.6970588000000362,45.066625500000043]},"properties":{"OBJECTID":1049,"F_id":"node/13871670075","access":null,"amenity":"bicycle_parking","bicycle_parking":"stands","capacity":"6","covered":"no","fee":null,"survey_date":"2026-05-24","building":null,"operator":null,"motorcycle":null,"lit":null,"opening_hours":null,"smoothness":null,"supervised":null,"surface":null,"indoor":null,"check_date":null,"name":null,"mapillary":null,"source":null,"check_date_capacity":null,"panoramax":null,"description":null,"operator_type":null,"addr_street":null,"addr_city":null,"addr_housenumber":null,"fixme":null,"website":null,"wheelchair":null,"level":null,"backrest":null,"addr_postcode":null,"colour":null,"moped":null,"bike_ride":null,"location":null,"capacity_cargo_bike":null,"addr_floor":null}},{"type":"Feature","id":1050,"geometry":{"type":"Point","coordinates":[7.6971443000000477,45.066996000000074]},"properties":{"OBJECTID":1050,"F_id":"node/13871670076","access":null,"amenity":"bicycle_parking","bicycle_parking":"stands","capacity":"12","covered":"no","fee":null,"survey_date":"2026-05-24","building":null,"operator":null,"motorcycle":null,"lit":null,"opening_hours":null,"smoothness":null,"supervised":null,"surface":null,"indoor":null,"check_date":null,"name":null,"mapillary":null,"source":null,"check_date_capacity":null,"panoramax":null,"description":null,"operator_type":null,"addr_street":null,"addr_city":null,"addr_housenumber":null,"fixme":null,"website":null,"wheelchair":null,"level":null,"backrest":null,"addr_postcode":null,"colour":null,"moped":null,"bike_ride":null,"location":null,"capacity_cargo_bike":null,"addr_floor":null}},{"type":"Feature","id":1051,"geometry":{"type":"Point","coordinates":[7.7073039000000563,45.05802170000004]},"properties":{"OBJECTID":1051,"F_id":"node/13872263283","access":null,"amenity":"bicycle_parking","bicycle_parking":"stands","capacity":"12","covered":"no","fee":null,"survey_date":"2026-05-24","building":null,"operator":null,"motorcycle":null,"lit":null,"opening_hours":null,"smoothness":null,"supervised":null,"surface":null,"indoor":null,"check_date":null,"name":null,"mapillary":null,"source":null,"check_date_capacity":null,"panoramax":null,"description":null,"operator_type":null,"addr_street":null,"addr_city":null,"addr_housenumber":null,"fixme":null,"website":null,"wheelchair":null,"level":null,"backrest":null,"addr_postcode":null,"colour":null,"moped":null,"bike_ride":null,"location":null,"capacity_cargo_bike":null,"addr_floor":null}},{"type":"Feature","id":1052,"geometry":{"type":"Point","coordinates":[7.7075904000000719,45.058074000000033]},"properties":{"OBJECTID":1052,"F_id":"node/13872263284","access":null,"amenity":"bicycle_parking","bicycle_parking":"stands","capacity":"4","covered":"no","fee":null,"survey_date":"2026-05-24","building":null,"operator":null,"motorcycle":null,"lit":null,"opening_hours":null,"smoothness":null,"supervised":null,"surface":null,"indoor":null,"check_date":null,"name":null,"mapillary":null,"source":null,"check_date_capacity":null,"panoramax":null,"description":null,"operator_type":null,"addr_street":null,"addr_city":null,"addr_housenumber":null,"fixme":null,"website":null,"wheelchair":null,"level":null,"backrest":null,"addr_postcode":null,"colour":null,"moped":null,"bike_ride":null,"location":null,"capacity_cargo_bike":null,"addr_floor":null}},{"type":"Feature","id":1053,"geometry":{"type":"Point","coordinates":[7.6749190000000453,45.071805200000028]},"properties":{"OBJECTID":1053,"F_id":"node/13873706951","access":null,"amenity":"bicycle_parking","bicycle_parking":"stands","capacity":"6","covered":"no","fee":null,"survey_date":"2026-05-24","building":null,"operator":null,"motorcycle":null,"lit":null,"opening_hours":null,"smoothness":null,"supervised":null,"surface":null,"indoor":null,"check_date":null,"name":null,"mapillary":null,"source":null,"check_date_capacity":null,"panoramax":null,"description":null,"operator_type":null,"addr_street":null,"addr_city":null,"addr_housenumber":null,"fixme":null,"website":null,"wheelchair":null,"level":null,"backrest":null,"addr_postcode":null,"colour":null,"moped":null,"bike_ride":null,"location":null,"capacity_cargo_bike":null,"addr_floor":null}},{"type":"Feature","id":1054,"geometry":{"type":"Point","coordinates":[7.6923899000000233,45.063280100000043]},"properties":{"OBJECTID":1054,"F_id":"node/13873707236","access":null,"amenity":"bicycle_parking","bicycle_parking":"stands","capacity":"6","covered":"no","fee":null,"survey_date":"2026-05-24","building":null,"operator":null,"motorcycle":null,"lit":null,"opening_hours":null,"smoothness":null,"supervised":null,"surface":null,"indoor":null,"check_date":null,"name":null,"mapillary":null,"source":null,"check_date_capacity":null,"panoramax":null,"description":null,"operator_type":null,"addr_street":null,"addr_city":null,"addr_housenumber":null,"fixme":null,"website":null,"wheelchair":null,"level":null,"backrest":null,"addr_postcode":null,"colour":null,"moped":null,"bike_ride":null,"location":null,"capacity_cargo_bike":null,"addr_floor":null}},{"type":"Feature","id":1055,"geometry":{"type":"Point","coordinates":[7.6911644000000479,45.064779400000077]},"properties":{"OBJECTID":1055,"F_id":"node/13873707237","access":null,"amenity":"bicycle_parking","bicycle_parking":"stands","capacity":"10","covered":"no","fee":null,"survey_date":"2026-05-24","building":null,"operator":null,"motorcycle":null,"lit":null,"opening_hours":null,"smoothness":null,"supervised":null,"surface":null,"indoor":null,"check_date":null,"name":null,"mapillary":null,"source":null,"check_date_capacity":null,"panoramax":null,"description":null,"operator_type":null,"addr_street":null,"addr_city":null,"addr_housenumber":null,"fixme":null,"website":null,"wheelchair":null,"level":null,"backrest":null,"addr_postcode":null,"colour":null,"moped":null,"bike_ride":null,"location":null,"capacity_cargo_bike":null,"addr_floor":null}},{"type":"Feature","id":1056,"geometry":{"type":"Point","coordinates":[7.6914084000000571,45.065115500000047]},"properties":{"OBJECTID":1056,"F_id":"node/13873707238","access":null,"amenity":"bicycle_parking","bicycle_parking":"stands","capacity":"8","covered":"no","fee":null,"survey_date":"2026-05-24","building":null,"operator":null,"motorcycle":null,"lit":null,"opening_hours":null,"smoothness":null,"supervised":null,"surface":null,"indoor":null,"check_date":null,"name":null,"mapillary":null,"source":null,"check_date_capacity":null,"panoramax":null,"description":null,"operator_type":null,"addr_street":null,"addr_city":null,"addr_housenumber":null,"fixme":null,"website":null,"wheelchair":null,"level":null,"backrest":null,"addr_postcode":null,"colour":null,"moped":null,"bike_ride":null,"location":null,"capacity_cargo_bike":null,"addr_floor":null}},{"type":"Feature","id":1057,"geometry":{"type":"Point","coordinates":[7.6920219000000429,45.065841300000045]},"properties":{"OBJECTID":1057,"F_id":"node/13873707239","access":null,"amenity":"bicycle_parking","bicycle_parking":"stands","capacity":"20","covered":"no","fee":null,"survey_date":"2026-05-24","building":null,"operator":null,"motorcycle":null,"lit":null,"opening_hours":null,"smoothness":null,"supervised":null,"surface":null,"indoor":null,"check_date":null,"name":null,"mapillary":null,"source":null,"check_date_capacity":null,"panoramax":null,"description":null,"operator_type":null,"addr_street":null,"addr_city":null,"addr_housenumber":null,"fixme":null,"website":null,"wheelchair":null,"level":null,"backrest":null,"addr_postcode":null,"colour":null,"moped":null,"bike_ride":null,"location":null,"capacity_cargo_bike":null,"addr_floor":null}},{"type":"Feature","id":1058,"geometry":{"type":"Point","coordinates":[7.6911423000000241,45.065526500000033]},"properties":{"OBJECTID":1058,"F_id":"node/13873707240","access":null,"amenity":"bicycle_parking","bicycle_parking":"stands","capacity":"6","covered":"no","fee":null,"survey_date":"2026-05-24","building":null,"operator":null,"motorcycle":null,"lit":null,"opening_hours":null,"smoothness":null,"supervised":null,"surface":null,"indoor":null,"check_date":null,"name":null,"mapillary":null,"source":null,"check_date_capacity":null,"panoramax":null,"description":null,"operator_type":null,"addr_street":null,"addr_city":null,"addr_housenumber":null,"fixme":null,"website":null,"wheelchair":null,"level":null,"backrest":null,"addr_postcode":null,"colour":null,"moped":null,"bike_ride":null,"location":null,"capacity_cargo_bike":null,"addr_floor":null}},{"type":"Feature","id":1059,"geometry":{"type":"Point","coordinates":[7.6895616000000473,45.066442900000027]},"properties":{"OBJECTID":1059,"F_id":"node/13873707241","access":null,"amenity":"bicycle_parking","bicycle_parking":"stands","capacity":"10","covered":"no","fee":null,"survey_date":"2026-05-24","building":null,"operator":null,"motorcycle":null,"lit":null,"opening_hours":null,"smoothness":null,"supervised":null,"surface":null,"indoor":null,"check_date":null,"name":null,"mapillary":null,"source":null,"check_date_capacity":null,"panoramax":null,"description":null,"operator_type":null,"addr_street":null,"addr_city":null,"addr_housenumber":null,"fixme":null,"website":null,"wheelchair":null,"level":null,"backrest":null,"addr_postcode":null,"colour":null,"moped":null,"bike_ride":null,"location":null,"capacity_cargo_bike":null,"addr_floor":null}},{"type":"Feature","id":1060,"geometry":{"type":"Point","coordinates":[7.6884254000000283,45.06704510000003]},"properties":{"OBJECTID":1060,"F_id":"node/13873707242","access":null,"amenity":"bicycle_parking","bicycle_parking":"stands","capacity":"8","covered":"no","fee":null,"survey_date":"2026-05-24","building":null,"operator":null,"motorcycle":null,"lit":null,"opening_hours":null,"smoothness":null,"supervised":null,"surface":null,"indoor":null,"check_date":null,"name":null,"mapillary":null,"source":null,"check_date_capacity":null,"panoramax":null,"description":null,"operator_type":null,"addr_street":null,"addr_city":null,"addr_housenumber":null,"fixme":null,"website":null,"wheelchair":null,"level":null,"backrest":null,"addr_postcode":null,"colour":null,"moped":null,"bike_ride":null,"location":null,"capacity_cargo_bike":null,"addr_floor":null}},{"type":"Feature","id":1061,"geometry":{"type":"Point","coordinates":[7.6876782000000503,45.066742800000043]},"properties":{"OBJECTID":1061,"F_id":"node/13873707243","access":null,"amenity":"bicycle_parking","bicycle_parking":"stands","capacity":"2","covered":"no","fee":null,"survey_date":"2026-05-24","building":null,"operator":null,"motorcycle":null,"lit":null,"opening_hours":null,"smoothness":null,"supervised":null,"surface":null,"indoor":null,"check_date":null,"name":null,"mapillary":null,"source":null,"check_date_capacity":null,"panoramax":null,"description":null,"operator_type":null,"addr_street":null,"addr_city":null,"addr_housenumber":null,"fixme":null,"website":null,"wheelchair":null,"level":null,"backrest":null,"addr_postcode":null,"colour":null,"moped":null,"bike_ride":null,"location":null,"capacity_cargo_bike":null,"addr_floor":null}},{"type":"Feature","id":1062,"geometry":{"type":"Point","coordinates":[7.6867461000000503,45.067204900000036]},"properties":{"OBJECTID":1062,"F_id":"node/13873707244","access":null,"amenity":"bicycle_parking","bicycle_parking":"stands","capacity":"6","covered":"no","fee":null,"survey_date":"2026-05-24","building":null,"operator":null,"motorcycle":null,"lit":null,"opening_hours":null,"smoothness":null,"supervised":null,"surface":null,"indoor":null,"check_date":null,"name":null,"mapillary":null,"source":null,"check_date_capacity":null,"panoramax":null,"description":null,"operator_type":null,"addr_street":null,"addr_city":null,"addr_housenumber":null,"fixme":null,"website":null,"wheelchair":null,"level":null,"backrest":null,"addr_postcode":null,"colour":null,"moped":null,"bike_ride":null,"location":null,"capacity_cargo_bike":null,"addr_floor":null}},{"type":"Feature","id":1063,"geometry":{"type":"Point","coordinates":[7.6866684000000305,45.067228800000066]},"properties":{"OBJECTID":1063,"F_id":"node/13873707245","access":null,"amenity":"bicycle_parking","bicycle_parking":"stands","capacity":"6","covered":"no","fee":null,"survey_date":"2026-05-24","building":null,"operator":null,"motorcycle":null,"lit":null,"opening_hours":null,"smoothness":null,"supervised":null,"surface":null,"indoor":null,"check_date":null,"name":null,"mapillary":null,"source":null,"check_date_capacity":null,"panoramax":null,"description":null,"operator_type":null,"addr_street":null,"addr_city":null,"addr_housenumber":null,"fixme":null,"website":null,"wheelchair":null,"level":null,"backrest":null,"addr_postcode":null,"colour":null,"moped":null,"bike_ride":null,"location":null,"capacity_cargo_bike":null,"addr_floor":null}},{"type":"Feature","id":1064,"geometry":{"type":"Point","coordinates":[7.6768422000000669,45.071658600000035]},"properties":{"OBJECTID":1064,"F_id":"node/13873707246","access":null,"amenity":"bicycle_parking","bicycle_parking":"stands","capacity":"10","covered":"no","fee":null,"survey_date":"2026-05-24","building":null,"operator":null,"motorcycle":null,"lit":null,"opening_hours":null,"smoothness":null,"supervised":null,"surface":null,"indoor":null,"check_date":null,"name":null,"mapillary":null,"source":null,"check_date_capacity":null,"panoramax":null,"description":null,"operator_type":null,"addr_street":null,"addr_city":null,"addr_housenumber":null,"fixme":null,"website":null,"wheelchair":null,"level":null,"backrest":null,"addr_postcode":null,"colour":null,"moped":null,"bike_ride":null,"location":null,"capacity_cargo_bike":null,"addr_floor":null}},{"type":"Feature","id":1065,"geometry":{"type":"Point","coordinates":[7.6755186000000322,45.071888500000057]},"properties":{"OBJECTID":1065,"F_id":"node/13873717644","access":null,"amenity":"bicycle_parking","bicycle_parking":"stands","capacity":"6","covered":"no","fee":null,"survey_date":"2026-05-24","building":null,"operator":null,"motorcycle":null,"lit":null,"opening_hours":null,"smoothness":null,"supervised":null,"surface":null,"indoor":null,"check_date":null,"name":null,"mapillary":null,"source":null,"check_date_capacity":null,"panoramax":null,"description":null,"operator_type":null,"addr_street":null,"addr_city":null,"addr_housenumber":null,"fixme":null,"website":null,"wheelchair":null,"level":null,"backrest":null,"addr_postcode":null,"colour":null,"moped":null,"bike_ride":null,"location":null,"capacity_cargo_bike":null,"addr_floor":null}},{"type":"Feature","id":1066,"geometry":{"type":"Point","coordinates":[7.6754135000000474,45.072041600000034]},"properties":{"OBJECTID":1066,"F_id":"node/13873717645","access":null,"amenity":"bicycle_parking","bicycle_parking":"stands","capacity":"2","covered":"no","fee":null,"survey_date":"2026-05-24","building":null,"operator":null,"motorcycle":null,"lit":null,"opening_hours":null,"smoothness":null,"supervised":null,"surface":null,"indoor":null,"check_date":null,"name":null,"mapillary":null,"source":null,"check_date_capacity":null,"panoramax":null,"description":null,"operator_type":null,"addr_street":null,"addr_city":null,"addr_housenumber":null,"fixme":null,"website":null,"wheelchair":null,"level":null,"backrest":null,"addr_postcode":null,"colour":null,"moped":null,"bike_ride":null,"location":null,"capacity_cargo_bike":null,"addr_floor":null}},{"type":"Feature","id":1067,"geometry":{"type":"Point","coordinates":[7.6752979000000323,45.072080000000028]},"properties":{"OBJECTID":1067,"F_id":"node/13873717646","access":null,"amenity":"bicycle_parking","bicycle_parking":"stands","capacity":"2","covered":"no","fee":null,"survey_date":"2026-05-24","building":null,"operator":null,"motorcycle":null,"lit":null,"opening_hours":null,"smoothness":null,"supervised":null,"surface":null,"indoor":null,"check_date":null,"name":null,"mapillary":null,"source":null,"check_date_capacity":null,"panoramax":null,"description":null,"operator_type":null,"addr_street":null,"addr_city":null,"addr_housenumber":null,"fixme":null,"website":null,"wheelchair":null,"level":null,"backrest":null,"addr_postcode":null,"colour":null,"moped":null,"bike_ride":null,"location":null,"capacity_cargo_bike":null,"addr_floor":null}},{"type":"Feature","id":1068,"geometry":{"type":"Point","coordinates":[7.7315964000000577,45.080608700000028]},"properties":{"OBJECTID":1068,"F_id":"node/13875453146","access":null,"amenity":"bicycle_parking","bicycle_parking":"stands","capacity":"6","covered":"no","fee":null,"survey_date":"2026-05-25","building":null,"operator":null,"motorcycle":null,"lit":null,"opening_hours":null,"smoothness":null,"supervised":null,"surface":null,"indoor":null,"check_date":null,"name":null,"mapillary":null,"source":null,"check_date_capacity":null,"panoramax":null,"description":null,"operator_type":null,"addr_street":null,"addr_city":null,"addr_housenumber":null,"fixme":null,"website":null,"wheelchair":null,"level":null,"backrest":null,"addr_postcode":null,"colour":null,"moped":null,"bike_ride":null,"location":null,"capacity_cargo_bike":null,"addr_floor":null}},{"type":"Feature","id":1069,"geometry":{"type":"Point","coordinates":[7.7317167000000495,45.080497100000059]},"properties":{"OBJECTID":1069,"F_id":"node/13875453147","access":null,"amenity":"bicycle_parking","bicycle_parking":"stands","capacity":"4","covered":"no","fee":null,"survey_date":"2026-05-25","building":null,"operator":null,"motorcycle":null,"lit":null,"opening_hours":null,"smoothness":null,"supervised":null,"surface":null,"indoor":null,"check_date":null,"name":null,"mapillary":null,"source":null,"check_date_capacity":null,"panoramax":null,"description":null,"operator_type":null,"addr_street":null,"addr_city":null,"addr_housenumber":null,"fixme":null,"website":null,"wheelchair":null,"level":null,"backrest":null,"addr_postcode":null,"colour":null,"moped":null,"bike_ride":null,"location":null,"capacity_cargo_bike":null,"addr_floor":null}},{"type":"Feature","id":1070,"geometry":{"type":"Point","coordinates":[7.7317011000000662,45.079764800000078]},"properties":{"OBJECTID":1070,"F_id":"node/13875453148","access":null,"amenity":"bicycle_parking","bicycle_parking":"stands","capacity":"6","covered":"no","fee":null,"survey_date":"2026-05-25","building":null,"operator":null,"motorcycle":null,"lit":null,"opening_hours":null,"smoothness":null,"supervised":null,"surface":null,"indoor":null,"check_date":null,"name":null,"mapillary":null,"source":null,"check_date_capacity":null,"panoramax":null,"description":null,"operator_type":null,"addr_street":null,"addr_city":null,"addr_housenumber":null,"fixme":null,"website":null,"wheelchair":null,"level":null,"backrest":null,"addr_postcode":null,"colour":null,"moped":null,"bike_ride":null,"location":null,"capacity_cargo_bike":null,"addr_floor":null}},{"type":"Feature","id":1071,"geometry":{"type":"Point","coordinates":[7.7249941000000604,45.089293500000053]},"properties":{"OBJECTID":1071,"F_id":"node/13876230650","access":null,"amenity":"bicycle_parking","bicycle_parking":"stands","capacity":"8","covered":"no","fee":null,"survey_date":"2026-05-25","building":null,"operator":null,"motorcycle":null,"lit":null,"opening_hours":null,"smoothness":null,"supervised":null,"surface":null,"indoor":null,"check_date":null,"name":null,"mapillary":null,"source":null,"check_date_capacity":null,"panoramax":null,"description":null,"operator_type":null,"addr_street":null,"addr_city":null,"addr_housenumber":null,"fixme":null,"website":null,"wheelchair":null,"level":null,"backrest":null,"addr_postcode":null,"colour":null,"moped":null,"bike_ride":null,"location":null,"capacity_cargo_bike":null,"addr_floor":null}},{"type":"Feature","id":1072,"geometry":{"type":"Point","coordinates":[7.7232168000000456,45.087323600000047]},"properties":{"OBJECTID":1072,"F_id":"node/13876261946","access":null,"amenity":"bicycle_parking","bicycle_parking":"stands","capacity":"12","covered":"no","fee":null,"survey_date":"2026-05-25","building":null,"operator":null,"motorcycle":null,"lit":null,"opening_hours":null,"smoothness":null,"supervised":null,"surface":null,"indoor":null,"check_date":null,"name":null,"mapillary":null,"source":null,"check_date_capacity":null,"panoramax":null,"description":null,"operator_type":null,"addr_street":null,"addr_city":null,"addr_housenumber":null,"fixme":null,"website":null,"wheelchair":null,"level":null,"backrest":null,"addr_postcode":null,"colour":null,"moped":null,"bike_ride":null,"location":null,"capacity_cargo_bike":null,"addr_floor":null}},{"type":"Feature","id":1073,"geometry":{"type":"Point","coordinates":[7.7234868000000461,45.086244600000043]},"properties":{"OBJECTID":1073,"F_id":"node/13876574260","access":null,"amenity":"bicycle_parking","bicycle_parking":"stands","capacity":"8","covered":"no","fee":null,"survey_date":"2026-05-25","building":null,"operator":null,"motorcycle":null,"lit":null,"opening_hours":null,"smoothness":null,"supervised":null,"surface":null,"indoor":null,"check_date":null,"name":null,"mapillary":null,"source":null,"check_date_capacity":null,"panoramax":null,"description":null,"operator_type":null,"addr_street":null,"addr_city":null,"addr_housenumber":null,"fixme":null,"website":null,"wheelchair":null,"level":null,"backrest":null,"addr_postcode":null,"colour":null,"moped":null,"bike_ride":null,"location":null,"capacity_cargo_bike":null,"addr_floor":null}},{"type":"Feature","id":1074,"geometry":{"type":"Point","coordinates":[7.7300545000000511,45.075199500000053]},"properties":{"OBJECTID":1074,"F_id":"node/13876574261","access":null,"amenity":"bicycle_parking","bicycle_parking":"stands","capacity":"4","covered":"no","fee":null,"survey_date":"2026-05-25","building":null,"operator":null,"motorcycle":null,"lit":null,"opening_hours":null,"smoothness":null,"supervised":null,"surface":null,"indoor":null,"check_date":null,"name":null,"mapillary":null,"source":null,"check_date_capacity":null,"panoramax":null,"description":null,"operator_type":null,"addr_street":null,"addr_city":null,"addr_housenumber":null,"fixme":null,"website":null,"wheelchair":null,"level":null,"backrest":null,"addr_postcode":null,"colour":null,"moped":null,"bike_ride":null,"location":null,"capacity_cargo_bike":null,"addr_floor":null}},{"type":"Feature","id":1075,"geometry":{"type":"Point","coordinates":[7.7234473000000321,45.074880800000074]},"properties":{"OBJECTID":1075,"F_id":"node/13876585265","access":null,"amenity":"bicycle_parking","bicycle_parking":"stands","capacity":"10","covered":"no","fee":null,"survey_date":"2026-05-25","building":null,"operator":null,"motorcycle":null,"lit":null,"opening_hours":null,"smoothness":null,"supervised":null,"surface":null,"indoor":null,"check_date":null,"name":null,"mapillary":null,"source":null,"check_date_capacity":null,"panoramax":null,"description":null,"operator_type":null,"addr_street":null,"addr_city":null,"addr_housenumber":null,"fixme":null,"website":null,"wheelchair":null,"level":null,"backrest":null,"addr_postcode":null,"colour":null,"moped":null,"bike_ride":null,"location":null,"capacity_cargo_bike":null,"addr_floor":null}},{"type":"Feature","id":1076,"geometry":{"type":"Point","coordinates":[7.7179508000000396,45.073864600000036]},"properties":{"OBJECTID":1076,"F_id":"node/13876585266","access":null,"amenity":"bicycle_parking","bicycle_parking":"stands","capacity":"12","covered":"no","fee":null,"survey_date":"2026-05-25","building":null,"operator":null,"motorcycle":null,"lit":null,"opening_hours":null,"smoothness":null,"supervised":null,"surface":null,"indoor":null,"check_date":null,"name":null,"mapillary":null,"source":null,"check_date_capacity":null,"panoramax":null,"description":null,"operator_type":null,"addr_street":null,"addr_city":null,"addr_housenumber":null,"fixme":null,"website":null,"wheelchair":null,"level":null,"backrest":null,"addr_postcode":null,"colour":null,"moped":null,"bike_ride":null,"location":null,"capacity_cargo_bike":null,"addr_floor":null}},{"type":"Feature","id":1077,"geometry":{"type":"Point","coordinates":[7.7146613000000457,45.073102400000039]},"properties":{"OBJECTID":1077,"F_id":"node/13876585267","access":null,"amenity":"bicycle_parking","bicycle_parking":"stands","capacity":"20","covered":"no","fee":null,"survey_date":"2026-05-25","building":null,"operator":null,"motorcycle":null,"lit":null,"opening_hours":null,"smoothness":null,"supervised":null,"surface":null,"indoor":null,"check_date":null,"name":null,"mapillary":null,"source":null,"check_date_capacity":null,"panoramax":null,"description":null,"operator_type":null,"addr_street":null,"addr_city":null,"addr_housenumber":null,"fixme":null,"website":null,"wheelchair":null,"level":null,"backrest":null,"addr_postcode":null,"colour":null,"moped":null,"bike_ride":null,"location":null,"capacity_cargo_bike":null,"addr_floor":null}},{"type":"Feature","id":1078,"geometry":{"type":"Point","coordinates":[7.7051586000000611,45.07195100000007]},"properties":{"OBJECTID":1078,"F_id":"node/13876585268","access":null,"amenity":"bicycle_parking","bicycle_parking":"stands","capacity":"16","covered":"no","fee":null,"survey_date":"2026-05-25","building":null,"operator":null,"motorcycle":null,"lit":null,"opening_hours":null,"smoothness":null,"supervised":null,"surface":null,"indoor":null,"check_date":null,"name":null,"mapillary":null,"source":null,"check_date_capacity":null,"panoramax":null,"description":null,"operator_type":null,"addr_street":null,"addr_city":null,"addr_housenumber":null,"fixme":null,"website":null,"wheelchair":null,"level":null,"backrest":null,"addr_postcode":null,"colour":null,"moped":null,"bike_ride":null,"location":null,"capacity_cargo_bike":null,"addr_floor":null}},{"type":"Feature","id":1079,"geometry":{"type":"Point","coordinates":[7.7052607000000535,45.071839900000043]},"properties":{"OBJECTID":1079,"F_id":"node/13876585269","access":null,"amenity":"bicycle_parking","bicycle_parking":"stands","capacity":"6","covered":"no","fee":null,"survey_date":"2026-05-25","building":null,"operator":null,"motorcycle":null,"lit":null,"opening_hours":null,"smoothness":null,"supervised":null,"surface":null,"indoor":null,"check_date":null,"name":null,"mapillary":null,"source":null,"check_date_capacity":null,"panoramax":null,"description":null,"operator_type":null,"addr_street":null,"addr_city":null,"addr_housenumber":null,"fixme":null,"website":null,"wheelchair":null,"level":null,"backrest":null,"addr_postcode":null,"colour":null,"moped":null,"bike_ride":null,"location":null,"capacity_cargo_bike":null,"addr_floor":null}},{"type":"Feature","id":1081,"geometry":{"type":"Point","coordinates":[7.6811391000000526,45.063151300000072]},"properties":{"OBJECTID":1081,"F_id":"node/13882493294","access":null,"amenity":"bicycle_parking","bicycle_parking":"stands","capacity":"32","covered":"no","fee":null,"survey_date":"2026-05-26","building":null,"operator":null,"motorcycle":null,"lit":null,"opening_hours":null,"smoothness":null,"supervised":null,"surface":null,"indoor":null,"check_date":null,"name":null,"mapillary":null,"source":null,"check_date_capacity":null,"panoramax":null,"description":null,"operator_type":null,"addr_street":null,"addr_city":null,"addr_housenumber":null,"fixme":null,"website":null,"wheelchair":null,"level":null,"backrest":null,"addr_postcode":null,"colour":null,"moped":null,"bike_ride":null,"location":null,"capacity_cargo_bike":null,"addr_floor":null}},{"type":"Feature","id":1082,"geometry":{"type":"Point","coordinates":[7.7305398000000309,45.078308700000036]},"properties":{"OBJECTID":1082,"F_id":"node/13895203303","access":"yes","amenity":"bicycle_parking","bicycle_parking":"stands","capacity":"6","covered":"no","fee":null,"survey_date":null,"building":null,"operator":null,"motorcycle":null,"lit":null,"opening_hours":null,"smoothness":null,"supervised":null,"surface":"asphalt","indoor":null,"check_date":null,"name":null,"mapillary":null,"source":null,"check_date_capacity":null,"panoramax":null,"description":null,"operator_type":null,"addr_street":null,"addr_city":null,"addr_housenumber":null,"fixme":null,"website":null,"wheelchair":null,"level":null,"backrest":null,"addr_postcode":null,"colour":null,"moped":null,"bike_ride":"no","location":null,"capacity_cargo_bike":"3","addr_floor":null}},{"type":"Feature","id":1085,"geometry":{"type":"Point","coordinates":[7.6846915000000422,45.05211120000007]},"properties":{"OBJECTID":1085,"F_id":"node/13944067600","access":null,"amenity":"bicycle_parking","bicycle_parking":"stands","capacity":"12","covered":"no","fee":null,"survey_date":null,"building":null,"operator":null,"motorcycle":null,"lit":null,"opening_hours":null,"smoothness":null,"supervised":null,"surface":null,"indoor":null,"check_date":null,"name":null,"mapillary":null,"source":null,"check_date_capacity":null,"panoramax":null,"description":null,"operator_type":null,"addr_street":null,"addr_city":null,"addr_housenumber":null,"fixme":null,"website":null,"wheelchair":null,"level":null,"backrest":null,"addr_postcode":null,"colour":null,"moped":null,"bike_ride":null,"location":null,"capacity_cargo_bike":null,"addr_floor":null}},{"type":"Feature","id":1087,"geometry":{"type":"Point","coordinates":[7.6773446000000263,45.057696500000077]},"properties":{"OBJECTID":1087,"F_id":"node/13990775994","access":null,"amenity":"bicycle_parking","bicycle_parking":"stands","capacity":"4","covered":"no","fee":null,"survey_date":null,"building":null,"operator":null,"motorcycle":null,"lit":null,"opening_hours":null,"smoothness":null,"supervised":null,"surface":null,"indoor":null,"check_date":null,"name":null,"mapillary":null,"source":null,"check_date_capacity":null,"panoramax":null,"description":null,"operator_type":null,"addr_street":null,"addr_city":null,"addr_housenumber":null,"fixme":null,"website":null,"wheelchair":null,"level":null,"backrest":null,"addr_postcode":null,"colour":null,"moped":null,"bike_ride":null,"location":null,"capacity_cargo_bike":null,"addr_floor":null}},{"type":"Feature","id":1088,"geometry":{"type":"Point","coordinates":[7.677762600000051,45.058509700000059]},"properties":{"OBJECTID":1088,"F_id":"node/13990781042","access":null,"amenity":"bicycle_parking","bicycle_parking":"stands","capacity":"10","covered":"no","fee":null,"survey_date":null,"building":null,"operator":null,"motorcycle":null,"lit":null,"opening_hours":null,"smoothness":null,"supervised":null,"surface":null,"indoor":null,"check_date":null,"name":null,"mapillary":null,"source":null,"check_date_capacity":null,"panoramax":null,"description":null,"operator_type":null,"addr_street":null,"addr_city":null,"addr_housenumber":null,"fixme":null,"website":null,"wheelchair":null,"level":null,"backrest":null,"addr_postcode":null,"colour":null,"moped":null,"bike_ride":null,"location":null,"capacity_cargo_bike":null,"addr_floor":null}},{"type":"Feature","id":1089,"geometry":{"type":"Point","coordinates":[7.6778970000000299,45.059100600000079]},"properties":{"OBJECTID":1089,"F_id":"node/13990787766","access":"yes","amenity":"bicycle_parking","bicycle_parking":"stands","capacity":"12","covered":"no","fee":null,"survey_date":null,"building":null,"operator":null,"motorcycle":null,"lit":null,"opening_hours":null,"smoothness":null,"supervised":null,"surface":null,"indoor":null,"check_date":null,"name":null,"mapillary":null,"source":null,"check_date_capacity":null,"panoramax":null,"description":null,"operator_type":null,"addr_street":null,"addr_city":null,"addr_housenumber":null,"fixme":null,"website":null,"wheelchair":null,"level":null,"backrest":null,"addr_postcode":null,"colour":null,"moped":null,"bike_ride":null,"location":null,"capacity_cargo_bike":null,"addr_floor":null}},{"type":"Feature","id":1090,"geometry":{"type":"Point","coordinates":[7.677806700000076,45.058445500000062]},"properties":{"OBJECTID":1090,"F_id":"node/13990797621","access":null,"amenity":"bicycle_parking","bicycle_parking":"stands","capacity":"4","covered":"no","fee":null,"survey_date":null,"building":null,"operator":null,"motorcycle":null,"lit":null,"opening_hours":null,"smoothness":null,"supervised":null,"surface":null,"indoor":null,"check_date":null,"name":null,"mapillary":null,"source":null,"check_date_capacity":null,"panoramax":null,"description":null,"operator_type":null,"addr_street":null,"addr_city":null,"addr_housenumber":null,"fixme":null,"website":null,"wheelchair":null,"level":null,"backrest":null,"addr_postcode":null,"colour":null,"moped":null,"bike_ride":null,"location":null,"capacity_cargo_bike":null,"addr_floor":null}},{"type":"Feature","id":1091,"geometry":{"type":"Point","coordinates":[7.6791916000000242,45.059320200000059]},"properties":{"OBJECTID":1091,"F_id":"node/13990819994","access":null,"amenity":"bicycle_parking","bicycle_parking":"stands","capacity":"2","covered":"no","fee":null,"survey_date":null,"building":null,"operator":null,"motorcycle":null,"lit":null,"opening_hours":null,"smoothness":null,"supervised":null,"surface":null,"indoor":null,"check_date":null,"name":null,"mapillary":null,"source":null,"check_date_capacity":null,"panoramax":null,"description":null,"operator_type":null,"addr_street":null,"addr_city":null,"addr_housenumber":null,"fixme":null,"website":null,"wheelchair":null,"level":null,"backrest":null,"addr_postcode":null,"colour":null,"moped":null,"bike_ride":null,"location":null,"capacity_cargo_bike":null,"addr_floor":null}},{"type":"Feature","id":1092,"geometry":{"type":"Point","coordinates":[7.6769834000000401,45.07215350000007]},"properties":{"OBJECTID":1092,"F_id":"node/13991792134","access":null,"amenity":"bicycle_parking","bicycle_parking":"stands","capacity":"2","covered":"no","fee":null,"survey_date":null,"building":null,"operator":null,"motorcycle":null,"lit":null,"opening_hours":null,"smoothness":null,"supervised":null,"surface":null,"indoor":null,"check_date":null,"name":null,"mapillary":null,"source":null,"check_date_capacity":null,"panoramax":null,"description":null,"operator_type":null,"addr_street":null,"addr_city":null,"addr_housenumber":null,"fixme":null,"website":null,"wheelchair":null,"level":null,"backrest":null,"addr_postcode":null,"colour":null,"moped":null,"bike_ride":null,"location":null,"capacity_cargo_bike":null,"addr_floor":null}},{"type":"Feature","id":1093,"geometry":{"type":"Point","coordinates":[7.6803032000000258,45.093748300000073]},"properties":{"OBJECTID":1093,"F_id":"node/14014233756","access":"yes","amenity":"bicycle_parking","bicycle_parking":"stands","capacity":null,"covered":"no","fee":"no","survey_date":null,"building":null,"operator":null,"motorcycle":null,"lit":null,"opening_hours":null,"smoothness":null,"supervised":null,"surface":null,"indoor":null,"check_date":null,"name":null,"mapillary":null,"source":null,"check_date_capacity":null,"panoramax":null,"description":null,"operator_type":null,"addr_street":null,"addr_city":null,"addr_housenumber":null,"fixme":null,"website":null,"wheelchair":null,"level":null,"backrest":null,"addr_postcode":null,"colour":null,"moped":null,"bike_ride":null,"location":null,"capacity_cargo_bike":null,"addr_floor":null}},{"type":"Feature","id":1096,"geometry":{"type":"Point","coordinates":[7.6307663000000616,45.08553530000006]},"properties":{"OBJECTID":1096,"F_id":"node/14022173390","access":"yes","amenity":"bicycle_parking","bicycle_parking":"stands","capacity":"6","covered":"no","fee":null,"survey_date":null,"building":null,"operator":null,"motorcycle":null,"lit":null,"opening_hours":null,"smoothness":null,"supervised":null,"surface":null,"indoor":null,"check_date":null,"name":null,"mapillary":null,"source":null,"check_date_capacity":null,"panoramax":null,"description":null,"operator_type":null,"addr_street":null,"addr_city":null,"addr_housenumber":null,"fixme":null,"website":null,"wheelchair":null,"level":null,"backrest":null,"addr_postcode":null,"colour":null,"moped":null,"bike_ride":null,"location":null,"capacity_cargo_bike":null,"addr_floor":null}},{"type":"Feature","id":1097,"geometry":{"type":"Point","coordinates":[7.6685411000000272,45.035418200000038]},"properties":{"OBJECTID":1097,"F_id":"node/14024124450","access":"yes","amenity":"bicycle_parking","bicycle_parking":"stands","capacity":"6","covered":"no","fee":null,"survey_date":null,"building":null,"operator":null,"motorcycle":null,"lit":null,"opening_hours":null,"smoothness":null,"supervised":null,"surface":null,"indoor":null,"check_date":null,"name":null,"mapillary":null,"source":null,"check_date_capacity":null,"panoramax":null,"description":null,"operator_type":null,"addr_street":null,"addr_city":null,"addr_housenumber":null,"fixme":null,"website":null,"wheelchair":null,"level":null,"backrest":null,"addr_postcode":null,"colour":null,"moped":null,"bike_ride":null,"location":null,"capacity_cargo_bike":null,"addr_floor":null}},{"type":"Feature","id":1098,"geometry":{"type":"Point","coordinates":[7.6686341000000766,45.035482000000059]},"properties":{"OBJECTID":1098,"F_id":"node/14024124451","access":"yes","amenity":"bicycle_parking","bicycle_parking":"stands","capacity":"12","covered":"no","fee":null,"survey_date":null,"building":null,"operator":null,"motorcycle":null,"lit":null,"opening_hours":null,"smoothness":null,"supervised":null,"surface":null,"indoor":null,"check_date":null,"name":null,"mapillary":null,"source":null,"check_date_capacity":null,"panoramax":null,"description":null,"operator_type":null,"addr_street":null,"addr_city":null,"addr_housenumber":null,"fixme":null,"website":null,"wheelchair":null,"level":null,"backrest":null,"addr_postcode":null,"colour":null,"moped":null,"bike_ride":null,"location":null,"capacity_cargo_bike":null,"addr_floor":null}},{"type":"Feature","id":1099,"geometry":{"type":"Point","coordinates":[7.6689666000000329,45.036445000000072]},"properties":{"OBJECTID":1099,"F_id":"node/14024124452","access":"yes","amenity":"bicycle_parking","bicycle_parking":"stands","capacity":"6","covered":"no","fee":null,"survey_date":null,"building":null,"operator":null,"motorcycle":null,"lit":null,"opening_hours":null,"smoothness":null,"supervised":null,"surface":null,"indoor":null,"check_date":null,"name":null,"mapillary":null,"source":null,"check_date_capacity":null,"panoramax":null,"description":null,"operator_type":null,"addr_street":null,"addr_city":null,"addr_housenumber":null,"fixme":null,"website":null,"wheelchair":null,"level":null,"backrest":null,"addr_postcode":null,"colour":null,"moped":null,"bike_ride":null,"location":null,"capacity_cargo_bike":null,"addr_floor":null}},{"type":"Feature","id":1100,"geometry":{"type":"Point","coordinates":[7.6694229000000291,45.037786200000028]},"properties":{"OBJECTID":1100,"F_id":"node/14024124453","access":"yes","amenity":"bicycle_parking","bicycle_parking":"stands","capacity":"6","covered":"no","fee":null,"survey_date":null,"building":null,"operator":null,"motorcycle":null,"lit":null,"opening_hours":null,"smoothness":null,"supervised":null,"surface":null,"indoor":null,"check_date":null,"name":null,"mapillary":null,"source":null,"check_date_capacity":null,"panoramax":null,"description":null,"operator_type":null,"addr_street":null,"addr_city":null,"addr_housenumber":null,"fixme":null,"website":null,"wheelchair":null,"level":null,"backrest":null,"addr_postcode":null,"colour":null,"moped":null,"bike_ride":null,"location":null,"capacity_cargo_bike":null,"addr_floor":null}},{"type":"Feature","id":1101,"geometry":{"type":"Point","coordinates":[7.6694677000000411,45.037905200000068]},"properties":{"OBJECTID":1101,"F_id":"node/14024124454","access":"yes","amenity":"bicycle_parking","bicycle_parking":"stands","capacity":"10","covered":"no","fee":null,"survey_date":null,"building":null,"operator":null,"motorcycle":null,"lit":null,"opening_hours":null,"smoothness":null,"supervised":null,"surface":null,"indoor":null,"check_date":null,"name":null,"mapillary":null,"source":null,"check_date_capacity":null,"panoramax":null,"description":null,"operator_type":null,"addr_street":null,"addr_city":null,"addr_housenumber":null,"fixme":null,"website":null,"wheelchair":null,"level":null,"backrest":null,"addr_postcode":null,"colour":null,"moped":null,"bike_ride":null,"location":null,"capacity_cargo_bike":null,"addr_floor":null}},{"type":"Feature","id":1102,"geometry":{"type":"Point","coordinates":[7.6696861000000354,45.03826360000005]},"properties":{"OBJECTID":1102,"F_id":"node/14024124455","access":"yes","amenity":"bicycle_parking","bicycle_parking":"stands","capacity":"8","covered":"no","fee":null,"survey_date":null,"building":null,"operator":null,"motorcycle":null,"lit":null,"opening_hours":null,"smoothness":null,"supervised":null,"surface":null,"indoor":null,"check_date":null,"name":null,"mapillary":null,"source":null,"check_date_capacity":null,"panoramax":null,"description":null,"operator_type":null,"addr_street":null,"addr_city":null,"addr_housenumber":null,"fixme":null,"website":null,"wheelchair":null,"level":null,"backrest":null,"addr_postcode":null,"colour":null,"moped":null,"bike_ride":null,"location":null,"capacity_cargo_bike":null,"addr_floor":null}},{"type":"Feature","id":1103,"geometry":{"type":"Point","coordinates":[7.6704439000000662,45.04048750000004]},"properties":{"OBJECTID":1103,"F_id":"node/14024124456","access":"yes","amenity":"bicycle_parking","bicycle_parking":"stands","capacity":"12","covered":"no","fee":null,"survey_date":null,"building":null,"operator":null,"motorcycle":null,"lit":null,"opening_hours":null,"smoothness":null,"supervised":null,"surface":null,"indoor":null,"check_date":null,"name":null,"mapillary":null,"source":null,"check_date_capacity":null,"panoramax":null,"description":null,"operator_type":null,"addr_street":null,"addr_city":null,"addr_housenumber":null,"fixme":null,"website":null,"wheelchair":null,"level":null,"backrest":null,"addr_postcode":null,"colour":null,"moped":null,"bike_ride":null,"location":null,"capacity_cargo_bike":null,"addr_floor":null}},{"type":"Feature","id":1104,"geometry":{"type":"Point","coordinates":[7.6709203000000343,45.041384100000073]},"properties":{"OBJECTID":1104,"F_id":"node/14024124457","access":"yes","amenity":"bicycle_parking","bicycle_parking":"stands","capacity":"4","covered":"no","fee":null,"survey_date":null,"building":null,"operator":null,"motorcycle":null,"lit":null,"opening_hours":null,"smoothness":null,"supervised":null,"surface":null,"indoor":null,"check_date":null,"name":null,"mapillary":null,"source":null,"check_date_capacity":null,"panoramax":null,"description":null,"operator_type":null,"addr_street":null,"addr_city":null,"addr_housenumber":null,"fixme":null,"website":null,"wheelchair":null,"level":null,"backrest":null,"addr_postcode":null,"colour":null,"moped":null,"bike_ride":null,"location":null,"capacity_cargo_bike":null,"addr_floor":null}},{"type":"Feature","id":1105,"geometry":{"type":"Point","coordinates":[7.6710022000000322,45.041436400000066]},"properties":{"OBJECTID":1105,"F_id":"node/14024124458","access":"yes","amenity":"bicycle_parking","bicycle_parking":"stands","capacity":"4","covered":"no","fee":null,"survey_date":null,"building":null,"operator":null,"motorcycle":null,"lit":null,"opening_hours":null,"smoothness":null,"supervised":null,"surface":null,"indoor":null,"check_date":null,"name":null,"mapillary":null,"source":null,"check_date_capacity":null,"panoramax":null,"description":null,"operator_type":null,"addr_street":null,"addr_city":null,"addr_housenumber":null,"fixme":null,"website":null,"wheelchair":null,"level":null,"backrest":null,"addr_postcode":null,"colour":null,"moped":null,"bike_ride":null,"location":null,"capacity_cargo_bike":null,"addr_floor":null}},{"type":"Feature","id":1106,"geometry":{"type":"Point","coordinates":[7.671587000000045,45.042347800000073]},"properties":{"OBJECTID":1106,"F_id":"node/14024124459","access":"yes","amenity":"bicycle_parking","bicycle_parking":"stands","capacity":"10","covered":"no","fee":null,"survey_date":null,"building":null,"operator":null,"motorcycle":null,"lit":null,"opening_hours":null,"smoothness":null,"supervised":null,"surface":null,"indoor":null,"check_date":null,"name":null,"mapillary":null,"source":null,"check_date_capacity":null,"panoramax":null,"description":null,"operator_type":null,"addr_street":null,"addr_city":null,"addr_housenumber":null,"fixme":null,"website":null,"wheelchair":null,"level":null,"backrest":null,"addr_postcode":null,"colour":null,"moped":null,"bike_ride":null,"location":null,"capacity_cargo_bike":null,"addr_floor":null}},{"type":"Feature","id":1107,"geometry":{"type":"Point","coordinates":[7.6714982000000305,45.043128100000047]},"properties":{"OBJECTID":1107,"F_id":"node/14024124460","access":"yes","amenity":"bicycle_parking","bicycle_parking":"stands","capacity":"12","covered":"no","fee":null,"survey_date":null,"building":null,"operator":null,"motorcycle":null,"lit":null,"opening_hours":null,"smoothness":null,"supervised":null,"surface":null,"indoor":null,"check_date":null,"name":null,"mapillary":null,"source":null,"check_date_capacity":null,"panoramax":null,"description":null,"operator_type":null,"addr_street":null,"addr_city":null,"addr_housenumber":null,"fixme":null,"website":null,"wheelchair":null,"level":null,"backrest":null,"addr_postcode":null,"colour":null,"moped":null,"bike_ride":null,"location":null,"capacity_cargo_bike":null,"addr_floor":null}},{"type":"Feature","id":1108,"geometry":{"type":"Point","coordinates":[7.6724285000000236,45.045535400000063]},"properties":{"OBJECTID":1108,"F_id":"node/14024124461","access":"yes","amenity":"bicycle_parking","bicycle_parking":"stands","capacity":"10","covered":"no","fee":null,"survey_date":null,"building":null,"operator":null,"motorcycle":null,"lit":null,"opening_hours":null,"smoothness":null,"supervised":null,"surface":null,"indoor":null,"check_date":null,"name":null,"mapillary":null,"source":null,"check_date_capacity":null,"panoramax":null,"description":null,"operator_type":null,"addr_street":null,"addr_city":null,"addr_housenumber":null,"fixme":null,"website":null,"wheelchair":null,"level":null,"backrest":null,"addr_postcode":null,"colour":null,"moped":null,"bike_ride":null,"location":null,"capacity_cargo_bike":null,"addr_floor":null}},{"type":"Feature","id":1109,"geometry":{"type":"Point","coordinates":[7.6730693000000656,45.046869400000048]},"properties":{"OBJECTID":1109,"F_id":"node/14024124462","access":"yes","amenity":"bicycle_parking","bicycle_parking":"stands","capacity":"8","covered":"no","fee":null,"survey_date":null,"building":null,"operator":null,"motorcycle":null,"lit":null,"opening_hours":null,"smoothness":null,"supervised":null,"surface":null,"indoor":null,"check_date":null,"name":null,"mapillary":null,"source":null,"check_date_capacity":null,"panoramax":null,"description":null,"operator_type":null,"addr_street":null,"addr_city":null,"addr_housenumber":null,"fixme":null,"website":null,"wheelchair":null,"level":null,"backrest":null,"addr_postcode":null,"colour":null,"moped":null,"bike_ride":null,"location":null,"capacity_cargo_bike":null,"addr_floor":null}},{"type":"Feature","id":1110,"geometry":{"type":"Point","coordinates":[7.6731262000000697,45.047061300000053]},"properties":{"OBJECTID":1110,"F_id":"node/14024124463","access":"yes","amenity":"bicycle_parking","bicycle_parking":"stands","capacity":"6","covered":"no","fee":null,"survey_date":null,"building":null,"operator":null,"motorcycle":null,"lit":null,"opening_hours":null,"smoothness":null,"supervised":null,"surface":null,"indoor":null,"check_date":null,"name":null,"mapillary":null,"source":null,"check_date_capacity":null,"panoramax":null,"description":null,"operator_type":null,"addr_street":null,"addr_city":null,"addr_housenumber":null,"fixme":null,"website":null,"wheelchair":null,"level":null,"backrest":null,"addr_postcode":null,"colour":null,"moped":null,"bike_ride":null,"location":null,"capacity_cargo_bike":null,"addr_floor":null}},{"type":"Feature","id":1111,"geometry":{"type":"Point","coordinates":[7.6732205000000704,45.047298200000057]},"properties":{"OBJECTID":1111,"F_id":"node/14024124464","access":"yes","amenity":"bicycle_parking","bicycle_parking":"stands","capacity":"10","covered":"no","fee":null,"survey_date":null,"building":null,"operator":null,"motorcycle":null,"lit":null,"opening_hours":null,"smoothness":null,"supervised":null,"surface":null,"indoor":null,"check_date":null,"name":null,"mapillary":null,"source":null,"check_date_capacity":null,"panoramax":null,"description":null,"operator_type":null,"addr_street":null,"addr_city":null,"addr_housenumber":null,"fixme":null,"website":null,"wheelchair":null,"level":null,"backrest":null,"addr_postcode":null,"colour":null,"moped":null,"bike_ride":null,"location":null,"capacity_cargo_bike":null,"addr_floor":null}},{"type":"Feature","id":1112,"geometry":{"type":"Point","coordinates":[7.6732343000000469,45.047569500000066]},"properties":{"OBJECTID":1112,"F_id":"node/14024124465","access":"yes","amenity":"bicycle_parking","bicycle_parking":"stands","capacity":"12","covered":"no","fee":null,"survey_date":null,"building":null,"operator":null,"motorcycle":null,"lit":null,"opening_hours":null,"smoothness":null,"supervised":null,"surface":null,"indoor":null,"check_date":null,"name":null,"mapillary":null,"source":null,"check_date_capacity":null,"panoramax":null,"description":null,"operator_type":null,"addr_street":null,"addr_city":null,"addr_housenumber":null,"fixme":null,"website":null,"wheelchair":null,"level":null,"backrest":null,"addr_postcode":null,"colour":null,"moped":null,"bike_ride":null,"location":null,"capacity_cargo_bike":null,"addr_floor":null}},{"type":"Feature","id":1113,"geometry":{"type":"Point","coordinates":[7.6733110000000693,45.047773600000028]},"properties":{"OBJECTID":1113,"F_id":"node/14024124466","access":"yes","amenity":"bicycle_parking","bicycle_parking":"stands","capacity":"6","covered":"no","fee":null,"survey_date":null,"building":null,"operator":null,"motorcycle":null,"lit":null,"opening_hours":null,"smoothness":null,"supervised":null,"surface":null,"indoor":null,"check_date":null,"name":null,"mapillary":null,"source":null,"check_date_capacity":null,"panoramax":null,"description":null,"operator_type":null,"addr_street":null,"addr_city":null,"addr_housenumber":null,"fixme":null,"website":null,"wheelchair":null,"level":null,"backrest":null,"addr_postcode":null,"colour":null,"moped":null,"bike_ride":null,"location":null,"capacity_cargo_bike":null,"addr_floor":null}},{"type":"Feature","id":1114,"geometry":{"type":"Point","coordinates":[7.6753626000000281,45.052907400000038]},"properties":{"OBJECTID":1114,"F_id":"node/14024124467","access":"yes","amenity":"bicycle_parking","bicycle_parking":"stands","capacity":"8","covered":"no","fee":null,"survey_date":null,"building":null,"operator":null,"motorcycle":null,"lit":null,"opening_hours":null,"smoothness":null,"supervised":null,"surface":null,"indoor":null,"check_date":null,"name":null,"mapillary":null,"source":null,"check_date_capacity":null,"panoramax":null,"description":null,"operator_type":null,"addr_street":null,"addr_city":null,"addr_housenumber":null,"fixme":null,"website":null,"wheelchair":null,"level":null,"backrest":null,"addr_postcode":null,"colour":null,"moped":null,"bike_ride":null,"location":null,"capacity_cargo_bike":null,"addr_floor":null}},{"type":"Feature","id":1115,"geometry":{"type":"Point","coordinates":[7.6754668000000379,45.053182100000072]},"properties":{"OBJECTID":1115,"F_id":"node/14024124468","access":"yes","amenity":"bicycle_parking","bicycle_parking":"stands","capacity":"8","covered":"no","fee":null,"survey_date":null,"building":null,"operator":null,"motorcycle":null,"lit":null,"opening_hours":null,"smoothness":null,"supervised":null,"surface":null,"indoor":null,"check_date":null,"name":null,"mapillary":null,"source":null,"check_date_capacity":null,"panoramax":null,"description":null,"operator_type":null,"addr_street":null,"addr_city":null,"addr_housenumber":null,"fixme":null,"website":null,"wheelchair":null,"level":null,"backrest":null,"addr_postcode":null,"colour":null,"moped":null,"bike_ride":null,"location":null,"capacity_cargo_bike":null,"addr_floor":null}},{"type":"Feature","id":1116,"geometry":{"type":"Point","coordinates":[7.6756701000000476,45.053778200000067]},"properties":{"OBJECTID":1116,"F_id":"node/14024124469","access":"yes","amenity":"bicycle_parking","bicycle_parking":"stands","capacity":"6","covered":"no","fee":null,"survey_date":null,"building":null,"operator":null,"motorcycle":null,"lit":null,"opening_hours":null,"smoothness":null,"supervised":null,"surface":null,"indoor":null,"check_date":null,"name":null,"mapillary":null,"source":null,"check_date_capacity":null,"panoramax":null,"description":null,"operator_type":null,"addr_street":null,"addr_city":null,"addr_housenumber":null,"fixme":null,"website":null,"wheelchair":null,"level":null,"backrest":null,"addr_postcode":null,"colour":null,"moped":null,"bike_ride":null,"location":null,"capacity_cargo_bike":null,"addr_floor":null}},{"type":"Feature","id":1117,"geometry":{"type":"Point","coordinates":[7.6757554000000709,45.054028200000062]},"properties":{"OBJECTID":1117,"F_id":"node/14024124470","access":"yes","amenity":"bicycle_parking","bicycle_parking":"stands","capacity":"4","covered":"no","fee":null,"survey_date":null,"building":null,"operator":null,"motorcycle":null,"lit":null,"opening_hours":null,"smoothness":null,"supervised":null,"surface":null,"indoor":null,"check_date":null,"name":null,"mapillary":null,"source":null,"check_date_capacity":null,"panoramax":null,"description":null,"operator_type":null,"addr_street":null,"addr_city":null,"addr_housenumber":null,"fixme":null,"website":null,"wheelchair":null,"level":null,"backrest":null,"addr_postcode":null,"colour":null,"moped":null,"bike_ride":null,"location":null,"capacity_cargo_bike":null,"addr_floor":null}},{"type":"Feature","id":1118,"geometry":{"type":"Point","coordinates":[7.6758831000000214,45.05431150000004]},"properties":{"OBJECTID":1118,"F_id":"node/14024124471","access":"yes","amenity":"bicycle_parking","bicycle_parking":"stands","capacity":"4","covered":"no","fee":null,"survey_date":null,"building":null,"operator":null,"motorcycle":null,"lit":null,"opening_hours":null,"smoothness":null,"supervised":null,"surface":null,"indoor":null,"check_date":null,"name":null,"mapillary":null,"source":null,"check_date_capacity":null,"panoramax":null,"description":null,"operator_type":null,"addr_street":null,"addr_city":null,"addr_housenumber":null,"fixme":null,"website":null,"wheelchair":null,"level":null,"backrest":null,"addr_postcode":null,"colour":null,"moped":null,"bike_ride":null,"location":null,"capacity_cargo_bike":null,"addr_floor":null}},{"type":"Feature","id":1119,"geometry":{"type":"Point","coordinates":[7.6760794000000487,45.054719400000067]},"properties":{"OBJECTID":1119,"F_id":"node/14024124472","access":"yes","amenity":"bicycle_parking","bicycle_parking":"stands","capacity":"4","covered":"no","fee":null,"survey_date":null,"building":null,"operator":null,"motorcycle":null,"lit":null,"opening_hours":null,"smoothness":null,"supervised":null,"surface":null,"indoor":null,"check_date":null,"name":null,"mapillary":null,"source":null,"check_date_capacity":null,"panoramax":null,"description":null,"operator_type":null,"addr_street":null,"addr_city":null,"addr_housenumber":null,"fixme":null,"website":null,"wheelchair":null,"level":null,"backrest":null,"addr_postcode":null,"colour":null,"moped":null,"bike_ride":null,"location":null,"capacity_cargo_bike":null,"addr_floor":null}},{"type":"Feature","id":1120,"geometry":{"type":"Point","coordinates":[7.6761774000000287,45.054994500000078]},"properties":{"OBJECTID":1120,"F_id":"node/14024124473","access":"yes","amenity":"bicycle_parking","bicycle_parking":"stands","capacity":"6","covered":"no","fee":null,"survey_date":null,"building":null,"operator":null,"motorcycle":null,"lit":null,"opening_hours":null,"smoothness":null,"supervised":null,"surface":null,"indoor":null,"check_date":null,"name":null,"mapillary":null,"source":null,"check_date_capacity":null,"panoramax":null,"description":null,"operator_type":null,"addr_street":null,"addr_city":null,"addr_housenumber":null,"fixme":null,"website":null,"wheelchair":null,"level":null,"backrest":null,"addr_postcode":null,"colour":null,"moped":null,"bike_ride":null,"location":null,"capacity_cargo_bike":null,"addr_floor":null}},{"type":"Feature","id":1121,"geometry":{"type":"Point","coordinates":[7.6762129000000527,45.055110300000081]},"properties":{"OBJECTID":1121,"F_id":"node/14024124474","access":"yes","amenity":"bicycle_parking","bicycle_parking":"stands","capacity":"4","covered":"no","fee":null,"survey_date":null,"building":null,"operator":null,"motorcycle":null,"lit":null,"opening_hours":null,"smoothness":null,"supervised":null,"surface":null,"indoor":null,"check_date":null,"name":null,"mapillary":null,"source":null,"check_date_capacity":null,"panoramax":null,"description":null,"operator_type":null,"addr_street":null,"addr_city":null,"addr_housenumber":null,"fixme":null,"website":null,"wheelchair":null,"level":null,"backrest":null,"addr_postcode":null,"colour":null,"moped":null,"bike_ride":null,"location":null,"capacity_cargo_bike":null,"addr_floor":null}},{"type":"Feature","id":1122,"geometry":{"type":"Point","coordinates":[7.6762005000000499,45.055073600000071]},"properties":{"OBJECTID":1122,"F_id":"node/14024124475","access":"yes","amenity":"bicycle_parking","bicycle_parking":"stands","capacity":"4","covered":"no","fee":null,"survey_date":null,"building":null,"operator":null,"motorcycle":null,"lit":null,"opening_hours":null,"smoothness":null,"supervised":null,"surface":null,"indoor":null,"check_date":null,"name":null,"mapillary":null,"source":null,"check_date_capacity":null,"panoramax":null,"description":null,"operator_type":null,"addr_street":null,"addr_city":null,"addr_housenumber":null,"fixme":null,"website":null,"wheelchair":null,"level":null,"backrest":null,"addr_postcode":null,"colour":null,"moped":null,"bike_ride":null,"location":null,"capacity_cargo_bike":null,"addr_floor":null}},{"type":"Feature","id":1123,"geometry":{"type":"Point","coordinates":[7.67648470000006,45.055906600000071]},"properties":{"OBJECTID":1123,"F_id":"node/14024124476","access":"yes","amenity":"bicycle_parking","bicycle_parking":"stands","capacity":"6","covered":"no","fee":null,"survey_date":null,"building":null,"operator":null,"motorcycle":null,"lit":null,"opening_hours":null,"smoothness":null,"supervised":null,"surface":null,"indoor":null,"check_date":null,"name":null,"mapillary":null,"source":null,"check_date_capacity":null,"panoramax":null,"description":null,"operator_type":null,"addr_street":null,"addr_city":null,"addr_housenumber":null,"fixme":null,"website":null,"wheelchair":null,"level":null,"backrest":null,"addr_postcode":null,"colour":null,"moped":null,"bike_ride":null,"location":null,"capacity_cargo_bike":null,"addr_floor":null}},{"type":"Feature","id":1124,"geometry":{"type":"Point","coordinates":[7.6765167000000361,45.05599600000005]},"properties":{"OBJECTID":1124,"F_id":"node/14024124481","access":"yes","amenity":"bicycle_parking","bicycle_parking":"stands","capacity":"8","covered":"no","fee":null,"survey_date":null,"building":null,"operator":null,"motorcycle":null,"lit":null,"opening_hours":null,"smoothness":null,"supervised":null,"surface":null,"indoor":null,"check_date":null,"name":null,"mapillary":null,"source":null,"check_date_capacity":null,"panoramax":null,"description":null,"operator_type":null,"addr_street":null,"addr_city":null,"addr_housenumber":null,"fixme":null,"website":null,"wheelchair":null,"level":null,"backrest":null,"addr_postcode":null,"colour":null,"moped":null,"bike_ride":null,"location":null,"capacity_cargo_bike":null,"addr_floor":null}},{"type":"Feature","id":1125,"geometry":{"type":"Point","coordinates":[7.6765607000000387,45.056096100000047]},"properties":{"OBJECTID":1125,"F_id":"node/14024124482","access":"yes","amenity":"bicycle_parking","bicycle_parking":"stands","capacity":"6","covered":"no","fee":null,"survey_date":null,"building":null,"operator":null,"motorcycle":null,"lit":null,"opening_hours":null,"smoothness":null,"supervised":null,"surface":null,"indoor":null,"check_date":null,"name":null,"mapillary":null,"source":null,"check_date_capacity":null,"panoramax":null,"description":null,"operator_type":null,"addr_street":null,"addr_city":null,"addr_housenumber":null,"fixme":null,"website":null,"wheelchair":null,"level":null,"backrest":null,"addr_postcode":null,"colour":null,"moped":null,"bike_ride":null,"location":null,"capacity_cargo_bike":null,"addr_floor":null}},{"type":"Feature","id":1126,"geometry":{"type":"Point","coordinates":[7.6766607000000704,45.056275300000038]},"properties":{"OBJECTID":1126,"F_id":"node/14024124483","access":"yes","amenity":"bicycle_parking","bicycle_parking":"stands","capacity":"4","covered":"no","fee":null,"survey_date":null,"building":null,"operator":null,"motorcycle":null,"lit":null,"opening_hours":null,"smoothness":null,"supervised":null,"surface":null,"indoor":null,"check_date":null,"name":null,"mapillary":null,"source":null,"check_date_capacity":null,"panoramax":null,"description":null,"operator_type":null,"addr_street":null,"addr_city":null,"addr_housenumber":null,"fixme":null,"website":null,"wheelchair":null,"level":null,"backrest":null,"addr_postcode":null,"colour":null,"moped":null,"bike_ride":null,"location":null,"capacity_cargo_bike":null,"addr_floor":null}},{"type":"Feature","id":1127,"geometry":{"type":"Point","coordinates":[7.6768213000000287,45.056685900000048]},"properties":{"OBJECTID":1127,"F_id":"node/14024124484","access":"yes","amenity":"bicycle_parking","bicycle_parking":"stands","capacity":"4","covered":"no","fee":null,"survey_date":null,"building":null,"operator":null,"motorcycle":null,"lit":null,"opening_hours":null,"smoothness":null,"supervised":null,"surface":null,"indoor":null,"check_date":null,"name":null,"mapillary":null,"source":null,"check_date_capacity":null,"panoramax":null,"description":null,"operator_type":null,"addr_street":null,"addr_city":null,"addr_housenumber":null,"fixme":null,"website":null,"wheelchair":null,"level":null,"backrest":null,"addr_postcode":null,"colour":null,"moped":null,"bike_ride":null,"location":null,"capacity_cargo_bike":null,"addr_floor":null}},{"type":"Feature","id":1128,"geometry":{"type":"Point","coordinates":[7.6780173000000218,45.059267200000079]},"properties":{"OBJECTID":1128,"F_id":"node/14024124485","access":"yes","amenity":"bicycle_parking","bicycle_parking":"stands","capacity":"10","covered":"no","fee":null,"survey_date":null,"building":null,"operator":null,"motorcycle":null,"lit":null,"opening_hours":null,"smoothness":null,"supervised":null,"surface":null,"indoor":null,"check_date":null,"name":null,"mapillary":null,"source":null,"check_date_capacity":null,"panoramax":null,"description":null,"operator_type":null,"addr_street":null,"addr_city":null,"addr_housenumber":null,"fixme":null,"website":null,"wheelchair":null,"level":null,"backrest":null,"addr_postcode":null,"colour":null,"moped":null,"bike_ride":null,"location":null,"capacity_cargo_bike":null,"addr_floor":null}},{"type":"Feature","id":1129,"geometry":{"type":"Point","coordinates":[7.6765729000000533,45.05665520000008]},"properties":{"OBJECTID":1129,"F_id":"node/14024124486","access":"yes","amenity":"bicycle_parking","bicycle_parking":"stands","capacity":"4","covered":"no","fee":null,"survey_date":null,"building":null,"operator":null,"motorcycle":null,"lit":null,"opening_hours":null,"smoothness":null,"supervised":null,"surface":null,"indoor":null,"check_date":null,"name":null,"mapillary":null,"source":null,"check_date_capacity":null,"panoramax":null,"description":null,"operator_type":null,"addr_street":null,"addr_city":null,"addr_housenumber":null,"fixme":null,"website":null,"wheelchair":null,"level":null,"backrest":null,"addr_postcode":null,"colour":null,"moped":null,"bike_ride":null,"location":null,"capacity_cargo_bike":null,"addr_floor":null}},{"type":"Feature","id":1130,"geometry":{"type":"Point","coordinates":[7.676330900000039,45.056021100000066]},"properties":{"OBJECTID":1130,"F_id":"node/14024124487","access":"yes","amenity":"bicycle_parking","bicycle_parking":"stands","capacity":"4","covered":"no","fee":null,"survey_date":null,"building":null,"operator":null,"motorcycle":null,"lit":null,"opening_hours":null,"smoothness":null,"supervised":null,"surface":null,"indoor":null,"check_date":null,"name":null,"mapillary":null,"source":null,"check_date_capacity":null,"panoramax":null,"description":null,"operator_type":null,"addr_street":null,"addr_city":null,"addr_housenumber":null,"fixme":null,"website":null,"wheelchair":null,"level":null,"backrest":null,"addr_postcode":null,"colour":null,"moped":null,"bike_ride":null,"location":null,"capacity_cargo_bike":null,"addr_floor":null}},{"type":"Feature","id":1131,"geometry":{"type":"Point","coordinates":[7.6761384000000703,45.055518300000074]},"properties":{"OBJECTID":1131,"F_id":"node/14024124488","access":"yes","amenity":"bicycle_parking","bicycle_parking":"stands","capacity":"4","covered":"no","fee":null,"survey_date":null,"building":null,"operator":null,"motorcycle":null,"lit":null,"opening_hours":null,"smoothness":null,"supervised":null,"surface":null,"indoor":null,"check_date":null,"name":null,"mapillary":null,"source":null,"check_date_capacity":null,"panoramax":null,"description":null,"operator_type":null,"addr_street":null,"addr_city":null,"addr_housenumber":null,"fixme":null,"website":null,"wheelchair":null,"level":null,"backrest":null,"addr_postcode":null,"colour":null,"moped":null,"bike_ride":null,"location":null,"capacity_cargo_bike":null,"addr_floor":null}},{"type":"Feature","id":1132,"geometry":{"type":"Point","coordinates":[7.6758553000000234,45.05476660000005]},"properties":{"OBJECTID":1132,"F_id":"node/14024124489","access":"yes","amenity":"bicycle_parking","bicycle_parking":"stands","capacity":"10","covered":"no","fee":null,"survey_date":null,"building":null,"operator":null,"motorcycle":null,"lit":null,"opening_hours":null,"smoothness":null,"supervised":null,"surface":null,"indoor":null,"check_date":null,"name":null,"mapillary":null,"source":null,"check_date_capacity":null,"panoramax":null,"description":null,"operator_type":null,"addr_street":null,"addr_city":null,"addr_housenumber":null,"fixme":null,"website":null,"wheelchair":null,"level":null,"backrest":null,"addr_postcode":null,"colour":null,"moped":null,"bike_ride":null,"location":null,"capacity_cargo_bike":null,"addr_floor":null}},{"type":"Feature","id":1133,"geometry":{"type":"Point","coordinates":[7.6747779000000378,45.05206910000004]},"properties":{"OBJECTID":1133,"F_id":"node/14024124490","access":"yes","amenity":"bicycle_parking","bicycle_parking":"stands","capacity":"4","covered":"no","fee":null,"survey_date":null,"building":null,"operator":null,"motorcycle":null,"lit":null,"opening_hours":null,"smoothness":null,"supervised":null,"surface":null,"indoor":null,"check_date":null,"name":null,"mapillary":null,"source":null,"check_date_capacity":null,"panoramax":null,"description":null,"operator_type":null,"addr_street":null,"addr_city":null,"addr_housenumber":null,"fixme":null,"website":null,"wheelchair":null,"level":null,"backrest":null,"addr_postcode":null,"colour":null,"moped":null,"bike_ride":null,"location":null,"capacity_cargo_bike":null,"addr_floor":null}},{"type":"Feature","id":1134,"geometry":{"type":"Point","coordinates":[7.6746045000000436,45.051809500000047]},"properties":{"OBJECTID":1134,"F_id":"node/14024124491","access":"yes","amenity":"bicycle_parking","bicycle_parking":"stands","capacity":"6","covered":"no","fee":null,"survey_date":null,"building":null,"operator":null,"motorcycle":null,"lit":null,"opening_hours":null,"smoothness":null,"supervised":null,"surface":null,"indoor":null,"check_date":null,"name":null,"mapillary":null,"source":null,"check_date_capacity":null,"panoramax":null,"description":null,"operator_type":null,"addr_street":null,"addr_city":null,"addr_housenumber":null,"fixme":null,"website":null,"wheelchair":null,"level":null,"backrest":null,"addr_postcode":null,"colour":null,"moped":null,"bike_ride":null,"location":null,"capacity_cargo_bike":null,"addr_floor":null}},{"type":"Feature","id":1135,"geometry":{"type":"Point","coordinates":[7.6746215000000575,45.051522400000067]},"properties":{"OBJECTID":1135,"F_id":"node/14024124492","access":"yes","amenity":"bicycle_parking","bicycle_parking":"stands","capacity":"8","covered":"no","fee":null,"survey_date":null,"building":null,"operator":null,"motorcycle":null,"lit":null,"opening_hours":null,"smoothness":null,"supervised":null,"surface":null,"indoor":null,"check_date":null,"name":null,"mapillary":null,"source":null,"check_date_capacity":null,"panoramax":null,"description":null,"operator_type":null,"addr_street":null,"addr_city":null,"addr_housenumber":null,"fixme":null,"website":null,"wheelchair":null,"level":null,"backrest":null,"addr_postcode":null,"colour":null,"moped":null,"bike_ride":null,"location":null,"capacity_cargo_bike":null,"addr_floor":null}},{"type":"Feature","id":1136,"geometry":{"type":"Point","coordinates":[7.6739604000000554,45.050000700000055]},"properties":{"OBJECTID":1136,"F_id":"node/14024124493","access":"yes","amenity":"bicycle_parking","bicycle_parking":"safe_loops","capacity":"10","covered":"no","fee":null,"survey_date":null,"building":null,"operator":null,"motorcycle":null,"lit":null,"opening_hours":null,"smoothness":null,"supervised":null,"surface":null,"indoor":null,"check_date":null,"name":null,"mapillary":null,"source":null,"check_date_capacity":null,"panoramax":null,"description":null,"operator_type":null,"addr_street":null,"addr_city":null,"addr_housenumber":null,"fixme":null,"website":null,"wheelchair":null,"level":null,"backrest":null,"addr_postcode":null,"colour":null,"moped":null,"bike_ride":null,"location":null,"capacity_cargo_bike":null,"addr_floor":null}},{"type":"Feature","id":1137,"geometry":{"type":"Point","coordinates":[7.6738949000000503,45.049834300000043]},"properties":{"OBJECTID":1137,"F_id":"node/14024124494","access":"yes","amenity":"bicycle_parking","bicycle_parking":"safe_loops","capacity":"4","covered":"no","fee":null,"survey_date":null,"building":null,"operator":null,"motorcycle":null,"lit":null,"opening_hours":null,"smoothness":null,"supervised":null,"surface":null,"indoor":null,"check_date":null,"name":null,"mapillary":null,"source":null,"check_date_capacity":null,"panoramax":null,"description":null,"operator_type":null,"addr_street":null,"addr_city":null,"addr_housenumber":null,"fixme":null,"website":null,"wheelchair":null,"level":null,"backrest":null,"addr_postcode":null,"colour":null,"moped":null,"bike_ride":null,"location":null,"capacity_cargo_bike":null,"addr_floor":null}},{"type":"Feature","id":1138,"geometry":{"type":"Point","coordinates":[7.6738981000000308,45.049775000000068]},"properties":{"OBJECTID":1138,"F_id":"node/14024124495","access":"yes","amenity":"bicycle_parking","bicycle_parking":"stands","capacity":"14","covered":"no","fee":null,"survey_date":null,"building":null,"operator":null,"motorcycle":null,"lit":null,"opening_hours":null,"smoothness":null,"supervised":null,"surface":null,"indoor":null,"check_date":null,"name":null,"mapillary":null,"source":null,"check_date_capacity":null,"panoramax":null,"description":null,"operator_type":null,"addr_street":null,"addr_city":null,"addr_housenumber":null,"fixme":null,"website":null,"wheelchair":null,"level":null,"backrest":null,"addr_postcode":null,"colour":null,"moped":null,"bike_ride":null,"location":null,"capacity_cargo_bike":null,"addr_floor":null}},{"type":"Feature","id":1139,"geometry":{"type":"Point","coordinates":[7.6738715000000752,45.049695600000064]},"properties":{"OBJECTID":1139,"F_id":"node/14024124496","access":"yes","amenity":"bicycle_parking","bicycle_parking":"stands","capacity":"10","covered":"no","fee":null,"survey_date":null,"building":null,"operator":null,"motorcycle":null,"lit":null,"opening_hours":null,"smoothness":null,"supervised":null,"surface":null,"indoor":null,"check_date":null,"name":null,"mapillary":null,"source":null,"check_date_capacity":null,"panoramax":null,"description":null,"operator_type":null,"addr_street":null,"addr_city":null,"addr_housenumber":null,"fixme":null,"website":null,"wheelchair":null,"level":null,"backrest":null,"addr_postcode":null,"colour":null,"moped":null,"bike_ride":null,"location":null,"capacity_cargo_bike":null,"addr_floor":null}},{"type":"Feature","id":1140,"geometry":{"type":"Point","coordinates":[7.6735755000000268,45.048793700000033]},"properties":{"OBJECTID":1140,"F_id":"node/14024124497","access":"yes","amenity":"bicycle_parking","bicycle_parking":"stands","capacity":"6","covered":"no","fee":null,"survey_date":null,"building":null,"operator":null,"motorcycle":null,"lit":null,"opening_hours":null,"smoothness":null,"supervised":null,"surface":null,"indoor":null,"check_date":null,"name":null,"mapillary":null,"source":null,"check_date_capacity":null,"panoramax":null,"description":null,"operator_type":null,"addr_street":null,"addr_city":null,"addr_housenumber":null,"fixme":null,"website":null,"wheelchair":null,"level":null,"backrest":null,"addr_postcode":null,"colour":null,"moped":null,"bike_ride":null,"location":null,"capacity_cargo_bike":null,"addr_floor":null}},{"type":"Feature","id":1141,"geometry":{"type":"Point","coordinates":[7.6734787000000324,45.048617700000079]},"properties":{"OBJECTID":1141,"F_id":"node/14024124498","access":"yes","amenity":"bicycle_parking","bicycle_parking":"stands","capacity":"8","covered":"no","fee":null,"survey_date":null,"building":null,"operator":null,"motorcycle":null,"lit":null,"opening_hours":null,"smoothness":null,"supervised":null,"surface":null,"indoor":null,"check_date":null,"name":null,"mapillary":null,"source":null,"check_date_capacity":null,"panoramax":null,"description":null,"operator_type":null,"addr_street":null,"addr_city":null,"addr_housenumber":null,"fixme":null,"website":null,"wheelchair":null,"level":null,"backrest":null,"addr_postcode":null,"colour":null,"moped":null,"bike_ride":null,"location":null,"capacity_cargo_bike":null,"addr_floor":null}},{"type":"Feature","id":1142,"geometry":{"type":"Point","coordinates":[7.6732813000000419,45.048141800000053]},"properties":{"OBJECTID":1142,"F_id":"node/14024124499","access":"yes","amenity":"bicycle_parking","bicycle_parking":"stands","capacity":"10","covered":"no","fee":null,"survey_date":null,"building":null,"operator":null,"motorcycle":null,"lit":null,"opening_hours":null,"smoothness":null,"supervised":null,"surface":null,"indoor":null,"check_date":null,"name":null,"mapillary":null,"source":null,"check_date_capacity":null,"panoramax":null,"description":null,"operator_type":null,"addr_street":null,"addr_city":null,"addr_housenumber":null,"fixme":null,"website":null,"wheelchair":null,"level":null,"backrest":null,"addr_postcode":null,"colour":null,"moped":null,"bike_ride":null,"location":null,"capacity_cargo_bike":null,"addr_floor":null}},{"type":"Feature","id":1143,"geometry":{"type":"Point","coordinates":[7.6728905000000509,45.047370300000068]},"properties":{"OBJECTID":1143,"F_id":"node/14024124500","access":"yes","amenity":"bicycle_parking","bicycle_parking":"stands","capacity":"10","covered":"no","fee":null,"survey_date":null,"building":null,"operator":null,"motorcycle":null,"lit":null,"opening_hours":null,"smoothness":null,"supervised":null,"surface":null,"indoor":null,"check_date":null,"name":null,"mapillary":null,"source":null,"check_date_capacity":null,"panoramax":null,"description":null,"operator_type":null,"addr_street":null,"addr_city":null,"addr_housenumber":null,"fixme":null,"website":null,"wheelchair":null,"level":null,"backrest":null,"addr_postcode":null,"colour":null,"moped":null,"bike_ride":null,"location":null,"capacity_cargo_bike":null,"addr_floor":null}},{"type":"Feature","id":1144,"geometry":{"type":"Point","coordinates":[7.6723508000000606,45.045764800000029]},"properties":{"OBJECTID":1144,"F_id":"node/14024191401","access":"yes","amenity":"bicycle_parking","bicycle_parking":"stands","capacity":"16","covered":"no","fee":null,"survey_date":null,"building":null,"operator":null,"motorcycle":null,"lit":null,"opening_hours":null,"smoothness":null,"supervised":null,"surface":null,"indoor":null,"check_date":null,"name":null,"mapillary":null,"source":null,"check_date_capacity":null,"panoramax":null,"description":null,"operator_type":null,"addr_street":null,"addr_city":null,"addr_housenumber":null,"fixme":null,"website":null,"wheelchair":null,"level":null,"backrest":null,"addr_postcode":null,"colour":null,"moped":null,"bike_ride":null,"location":null,"capacity_cargo_bike":null,"addr_floor":null}},{"type":"Feature","id":1145,"geometry":{"type":"Point","coordinates":[7.6720258000000285,45.044920300000058]},"properties":{"OBJECTID":1145,"F_id":"node/14024191402","access":"yes","amenity":"bicycle_parking","bicycle_parking":"stands","capacity":"10","covered":"no","fee":null,"survey_date":null,"building":null,"operator":null,"motorcycle":null,"lit":null,"opening_hours":null,"smoothness":null,"supervised":null,"surface":null,"indoor":null,"check_date":null,"name":null,"mapillary":null,"source":null,"check_date_capacity":null,"panoramax":null,"description":null,"operator_type":null,"addr_street":null,"addr_city":null,"addr_housenumber":null,"fixme":null,"website":null,"wheelchair":null,"level":null,"backrest":null,"addr_postcode":null,"colour":null,"moped":null,"bike_ride":null,"location":null,"capacity_cargo_bike":null,"addr_floor":null}},{"type":"Feature","id":1146,"geometry":{"type":"Point","coordinates":[7.6717794000000481,45.044166700000062]},"properties":{"OBJECTID":1146,"F_id":"node/14024191403","access":"yes","amenity":"bicycle_parking","bicycle_parking":"stands","capacity":"6","covered":"no","fee":null,"survey_date":null,"building":null,"operator":null,"motorcycle":null,"lit":null,"opening_hours":null,"smoothness":null,"supervised":null,"surface":null,"indoor":null,"check_date":null,"name":null,"mapillary":null,"source":null,"check_date_capacity":null,"panoramax":null,"description":null,"operator_type":null,"addr_street":null,"addr_city":null,"addr_housenumber":null,"fixme":null,"website":null,"wheelchair":null,"level":null,"backrest":null,"addr_postcode":null,"colour":null,"moped":null,"bike_ride":null,"location":null,"capacity_cargo_bike":null,"addr_floor":null}},{"type":"Feature","id":1147,"geometry":{"type":"Point","coordinates":[7.6715133000000719,45.043496400000038]},"properties":{"OBJECTID":1147,"F_id":"node/14024191404","access":"yes","amenity":"bicycle_parking","bicycle_parking":"stands","capacity":"10","covered":"no","fee":null,"survey_date":null,"building":null,"operator":null,"motorcycle":null,"lit":null,"opening_hours":null,"smoothness":null,"supervised":null,"surface":null,"indoor":null,"check_date":null,"name":null,"mapillary":null,"source":null,"check_date_capacity":null,"panoramax":null,"description":null,"operator_type":null,"addr_street":null,"addr_city":null,"addr_housenumber":null,"fixme":null,"website":null,"wheelchair":null,"level":null,"backrest":null,"addr_postcode":null,"colour":null,"moped":null,"bike_ride":null,"location":null,"capacity_cargo_bike":null,"addr_floor":null}},{"type":"Feature","id":1148,"geometry":{"type":"Point","coordinates":[7.6710552000000689,45.043097600000067]},"properties":{"OBJECTID":1148,"F_id":"node/14024191405","access":"yes","amenity":"bicycle_parking","bicycle_parking":"stands","capacity":"8","covered":"no","fee":null,"survey_date":null,"building":null,"operator":null,"motorcycle":null,"lit":null,"opening_hours":null,"smoothness":null,"supervised":null,"surface":null,"indoor":null,"check_date":null,"name":null,"mapillary":null,"source":null,"check_date_capacity":null,"panoramax":null,"description":null,"operator_type":null,"addr_street":null,"addr_city":null,"addr_housenumber":null,"fixme":null,"website":null,"wheelchair":null,"level":null,"backrest":null,"addr_postcode":null,"colour":null,"moped":null,"bike_ride":null,"location":null,"capacity_cargo_bike":null,"addr_floor":null}},{"type":"Feature","id":1149,"geometry":{"type":"Point","coordinates":[7.6680226000000289,45.034222100000079]},"properties":{"OBJECTID":1149,"F_id":"node/14024191406","access":"yes","amenity":"bicycle_parking","bicycle_parking":"stands","capacity":"24","covered":"no","fee":null,"survey_date":null,"building":null,"operator":null,"motorcycle":null,"lit":null,"opening_hours":null,"smoothness":null,"supervised":null,"surface":null,"indoor":null,"check_date":null,"name":null,"mapillary":null,"source":null,"check_date_capacity":null,"panoramax":null,"description":null,"operator_type":null,"addr_street":null,"addr_city":null,"addr_housenumber":null,"fixme":null,"website":null,"wheelchair":null,"level":null,"backrest":null,"addr_postcode":null,"colour":null,"moped":null,"bike_ride":null,"location":null,"capacity_cargo_bike":null,"addr_floor":null}},{"type":"Feature","id":1150,"geometry":{"type":"Point","coordinates":[7.6679825000000505,45.034113600000069]},"properties":{"OBJECTID":1150,"F_id":"node/14024191407","access":"yes","amenity":"bicycle_parking","bicycle_parking":"stands","capacity":"8","covered":"no","fee":null,"survey_date":null,"building":null,"operator":null,"motorcycle":null,"lit":null,"opening_hours":null,"smoothness":null,"supervised":null,"surface":null,"indoor":null,"check_date":null,"name":null,"mapillary":null,"source":null,"check_date_capacity":null,"panoramax":null,"description":null,"operator_type":null,"addr_street":null,"addr_city":null,"addr_housenumber":null,"fixme":null,"website":null,"wheelchair":null,"level":null,"backrest":null,"addr_postcode":null,"colour":null,"moped":null,"bike_ride":null,"location":null,"capacity_cargo_bike":null,"addr_floor":null}},{"type":"Feature","id":1151,"geometry":{"type":"Point","coordinates":[7.6284497000000329,45.071281700000043]},"properties":{"OBJECTID":1151,"F_id":"node/14029113873","access":null,"amenity":"bicycle_parking","bicycle_parking":null,"capacity":"10","covered":"no","fee":null,"survey_date":null,"building":null,"operator":null,"motorcycle":null,"lit":null,"opening_hours":null,"smoothness":null,"supervised":null,"surface":null,"indoor":null,"check_date":null,"name":null,"mapillary":null,"source":null,"check_date_capacity":null,"panoramax":null,"description":null,"operator_type":null,"addr_street":null,"addr_city":null,"addr_housenumber":null,"fixme":null,"website":null,"wheelchair":null,"level":null,"backrest":null,"addr_postcode":null,"colour":null,"moped":null,"bike_ride":null,"location":null,"capacity_cargo_bike":null,"addr_floor":null}},{"type":"Feature","id":1152,"geometry":{"type":"Point","coordinates":[7.6282591000000366,45.069367000000057]},"properties":{"OBJECTID":1152,"F_id":"node/14029121017","access":null,"amenity":"bicycle_parking","bicycle_parking":"stands","capacity":"10","covered":"no","fee":null,"survey_date":null,"building":null,"operator":null,"motorcycle":null,"lit":null,"opening_hours":null,"smoothness":null,"supervised":null,"surface":null,"indoor":null,"check_date":null,"name":null,"mapillary":null,"source":null,"check_date_capacity":null,"panoramax":null,"description":null,"operator_type":null,"addr_street":null,"addr_city":null,"addr_housenumber":null,"fixme":null,"website":null,"wheelchair":null,"level":null,"backrest":null,"addr_postcode":null,"colour":null,"moped":null,"bike_ride":null,"location":null,"capacity_cargo_bike":null,"addr_floor":null}},{"type":"Feature","id":1153,"geometry":{"type":"Point","coordinates":[7.6285019000000602,45.071496700000068]},"properties":{"OBJECTID":1153,"F_id":"node/14029123447","access":null,"amenity":"bicycle_parking","bicycle_parking":"stands","capacity":null,"covered":"no","fee":null,"survey_date":null,"building":null,"operator":null,"motorcycle":null,"lit":null,"opening_hours":null,"smoothness":null,"supervised":null,"surface":null,"indoor":null,"check_date":null,"name":null,"mapillary":null,"source":null,"check_date_capacity":null,"panoramax":null,"description":null,"operator_type":null,"addr_street":null,"addr_city":null,"addr_housenumber":null,"fixme":null,"website":null,"wheelchair":null,"level":null,"backrest":null,"addr_postcode":null,"colour":null,"moped":null,"bike_ride":null,"location":null,"capacity_cargo_bike":null,"addr_floor":null}},{"type":"Feature","id":1156,"geometry":{"type":"Point","coordinates":[7.6254166000000509,45.065765700000043]},"properties":{"OBJECTID":1156,"F_id":"node/14048220873","access":null,"amenity":"bicycle_parking","bicycle_parking":null,"capacity":null,"covered":null,"fee":null,"survey_date":null,"building":null,"operator":null,"motorcycle":null,"lit":null,"opening_hours":null,"smoothness":null,"supervised":null,"surface":null,"indoor":null,"check_date":null,"name":null,"mapillary":null,"source":null,"check_date_capacity":null,"panoramax":null,"description":null,"operator_type":null,"addr_street":null,"addr_city":null,"addr_housenumber":null,"fixme":null,"website":null,"wheelchair":null,"level":null,"backrest":null,"addr_postcode":null,"colour":null,"moped":null,"bike_ride":null,"location":null,"capacity_cargo_bike":null,"addr_floor":null}},{"type":"Feature","id":1157,"geometry":{"type":"Point","coordinates":[7.6391606000000252,45.050873800000033]},"properties":{"OBJECTID":1157,"F_id":"node/14048260866","access":null,"amenity":"bicycle_parking","bicycle_parking":"stands","capacity":"4","covered":"no","fee":null,"survey_date":null,"building":null,"operator":null,"motorcycle":null,"lit":null,"opening_hours":null,"smoothness":null,"supervised":null,"surface":null,"indoor":null,"check_date":null,"name":null,"mapillary":null,"source":null,"check_date_capacity":null,"panoramax":null,"description":null,"operator_type":null,"addr_street":null,"addr_city":null,"addr_housenumber":null,"fixme":null,"website":null,"wheelchair":null,"level":null,"backrest":null,"addr_postcode":null,"colour":null,"moped":null,"bike_ride":null,"location":null,"capacity_cargo_bike":null,"addr_floor":null}},{"type":"Feature","id":1158,"geometry":{"type":"Point","coordinates":[7.6392506000000253,45.050980500000037]},"properties":{"OBJECTID":1158,"F_id":"node/14048267699","access":null,"amenity":"bicycle_parking","bicycle_parking":"wall_loops","capacity":"10","covered":"no","fee":null,"survey_date":null,"building":null,"operator":null,"motorcycle":null,"lit":null,"opening_hours":null,"smoothness":null,"supervised":null,"surface":null,"indoor":null,"check_date":null,"name":null,"mapillary":null,"source":null,"check_date_capacity":null,"panoramax":null,"description":null,"operator_type":null,"addr_street":null,"addr_city":null,"addr_housenumber":null,"fixme":null,"website":null,"wheelchair":null,"level":null,"backrest":null,"addr_postcode":null,"colour":null,"moped":null,"bike_ride":null,"location":null,"capacity_cargo_bike":null,"addr_floor":null}},{"type":"Feature","id":1159,"geometry":{"type":"Point","coordinates":[7.6379141000000459,45.079009400000075]},"properties":{"OBJECTID":1159,"F_id":"node/14051101762","access":null,"amenity":"bicycle_parking","bicycle_parking":"stands","capacity":"8","covered":"no","fee":null,"survey_date":null,"building":null,"operator":null,"motorcycle":null,"lit":null,"opening_hours":null,"smoothness":null,"supervised":null,"surface":null,"indoor":null,"check_date":null,"name":null,"mapillary":null,"source":null,"check_date_capacity":null,"panoramax":null,"description":null,"operator_type":null,"addr_street":null,"addr_city":null,"addr_housenumber":null,"fixme":null,"website":null,"wheelchair":null,"level":null,"backrest":null,"addr_postcode":null,"colour":null,"moped":null,"bike_ride":null,"location":null,"capacity_cargo_bike":null,"addr_floor":null}},{"type":"Feature","id":1160,"geometry":{"type":"Point","coordinates":[7.6721086000000582,45.042793900000049]},"properties":{"OBJECTID":1160,"F_id":"node/14087640624","access":null,"amenity":"bicycle_parking","bicycle_parking":"stands","capacity":"10","covered":"no","fee":"no","survey_date":null,"building":null,"operator":null,"motorcycle":null,"lit":"no","opening_hours":null,"smoothness":null,"supervised":null,"surface":null,"indoor":"no","check_date":null,"name":null,"mapillary":null,"source":null,"check_date_capacity":null,"panoramax":null,"description":null,"operator_type":"public","addr_street":null,"addr_city":null,"addr_housenumber":null,"fixme":null,"website":null,"wheelchair":null,"level":"0","backrest":null,"addr_postcode":null,"colour":null,"moped":null,"bike_ride":"no","location":null,"capacity_cargo_bike":null,"addr_floor":"0"}},{"type":"Feature","id":1161,"geometry":{"type":"Point","coordinates":[7.6861037000000465,45.063091400000076]},"properties":{"OBJECTID":1161,"F_id":"node/14088284494","access":null,"amenity":"bicycle_parking","bicycle_parking":"stands","capacity":"12","covered":"no","fee":null,"survey_date":null,"building":null,"operator":null,"motorcycle":null,"lit":null,"opening_hours":null,"smoothness":null,"supervised":null,"surface":null,"indoor":null,"check_date":null,"name":null,"mapillary":null,"source":null,"check_date_capacity":null,"panoramax":null,"description":null,"operator_type":null,"addr_street":null,"addr_city":null,"addr_housenumber":null,"fixme":null,"website":null,"wheelchair":null,"level":null,"backrest":null,"addr_postcode":null,"colour":null,"moped":null,"bike_ride":null,"location":null,"capacity_cargo_bike":null,"addr_floor":null}}]}